# ************************************************************
# Sequel Pro SQL dump
# Version 4541
#
# http://www.sequelpro.com/
# https://github.com/sequelpro/sequelpro
#
# Host: 127.0.0.1 (MySQL 5.5.5-10.8.3-MariaDB)
# Database: Phza24
# Generation Time: 2022-08-04 15:24:15 +0000
# ************************************************************


/*!40101 SET @OLD_CHARACTER_SET_CLIENT=@@CHARACTER_SET_CLIENT */;
/*!40101 SET @OLD_CHARACTER_SET_RESULTS=@@CHARACTER_SET_RESULTS */;
/*!40101 SET @OLD_COLLATION_CONNECTION=@@COLLATION_CONNECTION */;
/*!40101 SET NAMES utf8 */;
/*!40014 SET @OLD_FOREIGN_KEY_CHECKS=@@FOREIGN_KEY_CHECKS, FOREIGN_KEY_CHECKS=0 */;
/*!40101 SET @OLD_SQL_MODE=@@SQL_MODE, SQL_MODE='NO_AUTO_VALUE_ON_ZERO' */;
/*!40111 SET @OLD_SQL_NOTES=@@SQL_NOTES, SQL_NOTES=0 */;


# Dump of table activity_log
# ------------------------------------------------------------

DROP TABLE IF EXISTS `activity_log`;

CREATE TABLE `activity_log` (
  `id` bigint(20) unsigned NOT NULL AUTO_INCREMENT,
  `log_name` varchar(255) COLLATE utf8mb3_unicode_ci DEFAULT NULL,
  `description` text COLLATE utf8mb3_unicode_ci NOT NULL,
  `subject_id` bigint(20) DEFAULT NULL,
  `subject_type` varchar(255) COLLATE utf8mb3_unicode_ci DEFAULT NULL,
  `causer_id` int(11) DEFAULT NULL,
  `causer_type` varchar(255) COLLATE utf8mb3_unicode_ci DEFAULT NULL,
  `properties` text COLLATE utf8mb3_unicode_ci DEFAULT NULL,
  `created_at` timestamp NULL DEFAULT NULL,
  `updated_at` timestamp NULL DEFAULT NULL,
  PRIMARY KEY (`id`),
  KEY `activity_log_log_name_index` (`log_name`)
) ENGINE=InnoDB DEFAULT CHARSET=utf8mb3 COLLATE=utf8mb3_unicode_ci;

/*!40000 ALTER TABLE `activity_log` DISABLE KEYS */;

INSERT INTO `activity_log` (`id`, `log_name`, `description`, `subject_id`, `subject_type`, `causer_id`, `causer_type`, `properties`, `created_at`, `updated_at`)
VALUES
	(1,'order','created',1,'App\\Models\\Order',NULL,NULL,'{\"attributes\":{\"order_number\":\"#180700\",\"shop_id\":2,\"customer_id\":11,\"ship_to\":null,\"shipping_zone_id\":null,\"shipping_rate_id\":12,\"packaging_id\":null,\"item_count\":3,\"quantity\":3,\"shipping_weight\":\"524.000000\",\"taxrate\":null,\"total\":\"263.064485\",\"discount\":null,\"shipping\":\"3.000000\",\"packaging\":null,\"handling\":null,\"taxes\":null,\"grand_total\":\"266.064485\",\"billing_address\":\"<address>5876 Zulauf Well<br\\/>Morris Ways<br\\/>Sisterside, <br\\/> 18766-8046<br\\/><abbr title=\\\"Phone\\\">P:<\\/abbr> +1.283.389.4871<\\/address>\",\"shipping_address\":\"<address>5876 Zulauf Well<br\\/>Morris Ways<br\\/>Sisterside, <br\\/> 18766-8046<br\\/><abbr title=\\\"Phone\\\">P:<\\/abbr> +1.283.389.4871<\\/address>\",\"shipping_date\":null,\"delivery_date\":null,\"tracking_id\":\"RR123456789CN\",\"coupon_id\":null,\"carrier_id\":null,\"message_to_customer\":null,\"send_invoice_to_customer\":null,\"admin_note\":\"Possimus iste omnis non et quam.\",\"buyer_note\":\"Voluptatem vitae et cum eveniet iure sapiente.\",\"payment_method_id\":4,\"payment_instruction\":null,\"payment_ref_id\":null,\"payment_date\":null,\"payment_status\":1,\"order_status_id\":1,\"goods_received\":null,\"approved\":null,\"feedback_id\":null,\"disputed\":null,\"email\":null,\"customer_phone_number\":null,\"fulfilment_type\":\"deliver\",\"device_id\":null,\"razorpay_order_id\":null,\"razorpay_payment_id\":null,\"razorpay_signature\":null}}','2022-08-02 18:57:50','2022-08-02 18:57:50'),
	(2,'order','created',2,'App\\Models\\Order',NULL,NULL,'{\"attributes\":{\"order_number\":\"#746018\",\"shop_id\":5,\"customer_id\":14,\"ship_to\":null,\"shipping_zone_id\":null,\"shipping_rate_id\":47,\"packaging_id\":null,\"item_count\":7,\"quantity\":7,\"shipping_weight\":\"677.000000\",\"taxrate\":null,\"total\":\"313.563420\",\"discount\":null,\"shipping\":\"7.000000\",\"packaging\":null,\"handling\":null,\"taxes\":null,\"grand_total\":\"320.563420\",\"billing_address\":\"<address>146 Freddie Light Apt. 641<br\\/>Violet Ville<br\\/>Lake Pamelafurt, <br\\/> 66483-9624<br\\/><abbr title=\\\"Phone\\\">P:<\\/abbr> +1-747-686-9217<\\/address>\",\"shipping_address\":\"<address>146 Freddie Light Apt. 641<br\\/>Violet Ville<br\\/>Lake Pamelafurt, <br\\/> 66483-9624<br\\/><abbr title=\\\"Phone\\\">P:<\\/abbr> +1-747-686-9217<\\/address>\",\"shipping_date\":null,\"delivery_date\":null,\"tracking_id\":\"RR123456789CN\",\"coupon_id\":null,\"carrier_id\":null,\"message_to_customer\":null,\"send_invoice_to_customer\":null,\"admin_note\":\"Et autem sit quas ut aut.\",\"buyer_note\":\"Molestiae quae dolor amet qui neque ipsam.\",\"payment_method_id\":2,\"payment_instruction\":null,\"payment_ref_id\":null,\"payment_date\":null,\"payment_status\":1,\"order_status_id\":1,\"goods_received\":null,\"approved\":null,\"feedback_id\":null,\"disputed\":null,\"email\":null,\"customer_phone_number\":null,\"fulfilment_type\":\"deliver\",\"device_id\":null,\"razorpay_order_id\":null,\"razorpay_payment_id\":null,\"razorpay_signature\":null}}','2022-08-02 18:57:50','2022-08-02 18:57:50'),
	(3,'order','created',3,'App\\Models\\Order',NULL,NULL,'{\"attributes\":{\"order_number\":\"#686739\",\"shop_id\":4,\"customer_id\":8,\"ship_to\":null,\"shipping_zone_id\":null,\"shipping_rate_id\":44,\"packaging_id\":null,\"item_count\":9,\"quantity\":9,\"shipping_weight\":\"755.000000\",\"taxrate\":null,\"total\":\"358.284261\",\"discount\":null,\"shipping\":\"9.000000\",\"packaging\":null,\"handling\":null,\"taxes\":null,\"grand_total\":\"367.284261\",\"billing_address\":\"<address>88972 Schowalter Branch<br\\/>Precious Streets<br\\/>Trantowside, <br\\/> 16607-2322<br\\/><abbr title=\\\"Phone\\\">P:<\\/abbr> (469) 408-1777<\\/address>\",\"shipping_address\":\"<address>88972 Schowalter Branch<br\\/>Precious Streets<br\\/>Trantowside, <br\\/> 16607-2322<br\\/><abbr title=\\\"Phone\\\">P:<\\/abbr> (469) 408-1777<\\/address>\",\"shipping_date\":null,\"delivery_date\":null,\"tracking_id\":\"RR123456789CN\",\"coupon_id\":null,\"carrier_id\":null,\"message_to_customer\":null,\"send_invoice_to_customer\":null,\"admin_note\":\"Id ut sunt et adipisci sunt quaerat aperiam quo.\",\"buyer_note\":\"Occaecati dicta ipsum dolorem nulla officiis voluptates.\",\"payment_method_id\":3,\"payment_instruction\":null,\"payment_ref_id\":null,\"payment_date\":null,\"payment_status\":1,\"order_status_id\":1,\"goods_received\":null,\"approved\":null,\"feedback_id\":null,\"disputed\":null,\"email\":null,\"customer_phone_number\":null,\"fulfilment_type\":\"deliver\",\"device_id\":null,\"razorpay_order_id\":null,\"razorpay_payment_id\":null,\"razorpay_signature\":null}}','2022-08-02 18:57:50','2022-08-02 18:57:50'),
	(4,'order','created',4,'App\\Models\\Order',NULL,NULL,'{\"attributes\":{\"order_number\":\"#247468\",\"shop_id\":4,\"customer_id\":6,\"ship_to\":null,\"shipping_zone_id\":null,\"shipping_rate_id\":23,\"packaging_id\":null,\"item_count\":1,\"quantity\":1,\"shipping_weight\":\"344.000000\",\"taxrate\":null,\"total\":\"268.023505\",\"discount\":null,\"shipping\":\"1.000000\",\"packaging\":null,\"handling\":null,\"taxes\":null,\"grand_total\":\"269.023505\",\"billing_address\":\"<address>4296 Kenyatta Mount Apt. 269<br\\/>Zieme Grove<br\\/>Lydaborough, <br\\/>Corse 98689-6543<br\\/><abbr title=\\\"Phone\\\">P:<\\/abbr> 806.690.8834<\\/address>\",\"shipping_address\":\"<address>4296 Kenyatta Mount Apt. 269<br\\/>Zieme Grove<br\\/>Lydaborough, <br\\/>Corse 98689-6543<br\\/><abbr title=\\\"Phone\\\">P:<\\/abbr> 806.690.8834<\\/address>\",\"shipping_date\":null,\"delivery_date\":null,\"tracking_id\":\"RR123456789CN\",\"coupon_id\":null,\"carrier_id\":null,\"message_to_customer\":null,\"send_invoice_to_customer\":null,\"admin_note\":\"Non explicabo facere sed.\",\"buyer_note\":\"Magnam qui aut quo laboriosam eum error consequatur enim.\",\"payment_method_id\":1,\"payment_instruction\":null,\"payment_ref_id\":null,\"payment_date\":null,\"payment_status\":1,\"order_status_id\":1,\"goods_received\":null,\"approved\":null,\"feedback_id\":null,\"disputed\":null,\"email\":null,\"customer_phone_number\":null,\"fulfilment_type\":\"deliver\",\"device_id\":null,\"razorpay_order_id\":null,\"razorpay_payment_id\":null,\"razorpay_signature\":null}}','2022-08-02 18:57:50','2022-08-02 18:57:50'),
	(5,'order','created',5,'App\\Models\\Order',NULL,NULL,'{\"attributes\":{\"order_number\":\"#496533\",\"shop_id\":4,\"customer_id\":4,\"ship_to\":null,\"shipping_zone_id\":null,\"shipping_rate_id\":28,\"packaging_id\":null,\"item_count\":3,\"quantity\":3,\"shipping_weight\":\"673.000000\",\"taxrate\":null,\"total\":\"368.720000\",\"discount\":null,\"shipping\":\"3.000000\",\"packaging\":null,\"handling\":null,\"taxes\":null,\"grand_total\":\"371.720000\",\"billing_address\":\"<address>5606 Ida Radial Apt. 734<br\\/>Lueilwitz Coves<br\\/>South Edna, <br\\/> 90806-6337<br\\/><abbr title=\\\"Phone\\\">P:<\\/abbr> 385-338-8251<\\/address>\",\"shipping_address\":\"<address>5606 Ida Radial Apt. 734<br\\/>Lueilwitz Coves<br\\/>South Edna, <br\\/> 90806-6337<br\\/><abbr title=\\\"Phone\\\">P:<\\/abbr> 385-338-8251<\\/address>\",\"shipping_date\":null,\"delivery_date\":null,\"tracking_id\":\"RR123456789CN\",\"coupon_id\":null,\"carrier_id\":null,\"message_to_customer\":null,\"send_invoice_to_customer\":null,\"admin_note\":\"Possimus ut laborum placeat veritatis saepe deserunt aut iste.\",\"buyer_note\":\"Explicabo dolorem culpa odit ut cupiditate eligendi et.\",\"payment_method_id\":2,\"payment_instruction\":null,\"payment_ref_id\":null,\"payment_date\":null,\"payment_status\":1,\"order_status_id\":1,\"goods_received\":null,\"approved\":null,\"feedback_id\":null,\"disputed\":null,\"email\":null,\"customer_phone_number\":null,\"fulfilment_type\":\"deliver\",\"device_id\":null,\"razorpay_order_id\":null,\"razorpay_payment_id\":null,\"razorpay_signature\":null}}','2022-08-02 18:57:50','2022-08-02 18:57:50'),
	(6,'order','created',6,'App\\Models\\Order',NULL,NULL,'{\"attributes\":{\"order_number\":\"#474262\",\"shop_id\":3,\"customer_id\":11,\"ship_to\":null,\"shipping_zone_id\":null,\"shipping_rate_id\":26,\"packaging_id\":null,\"item_count\":9,\"quantity\":9,\"shipping_weight\":\"548.000000\",\"taxrate\":null,\"total\":\"238.800000\",\"discount\":null,\"shipping\":\"9.000000\",\"packaging\":null,\"handling\":null,\"taxes\":null,\"grand_total\":\"247.800000\",\"billing_address\":\"<address>5876 Zulauf Well<br\\/>Morris Ways<br\\/>Sisterside, <br\\/> 18766-8046<br\\/><abbr title=\\\"Phone\\\">P:<\\/abbr> +1.283.389.4871<\\/address>\",\"shipping_address\":\"<address>5876 Zulauf Well<br\\/>Morris Ways<br\\/>Sisterside, <br\\/> 18766-8046<br\\/><abbr title=\\\"Phone\\\">P:<\\/abbr> +1.283.389.4871<\\/address>\",\"shipping_date\":null,\"delivery_date\":null,\"tracking_id\":\"RR123456789CN\",\"coupon_id\":null,\"carrier_id\":null,\"message_to_customer\":null,\"send_invoice_to_customer\":null,\"admin_note\":\"Illum necessitatibus quia distinctio quia.\",\"buyer_note\":\"Minima iure et eveniet voluptatibus et et qui maiores.\",\"payment_method_id\":1,\"payment_instruction\":null,\"payment_ref_id\":null,\"payment_date\":null,\"payment_status\":1,\"order_status_id\":1,\"goods_received\":null,\"approved\":null,\"feedback_id\":null,\"disputed\":null,\"email\":null,\"customer_phone_number\":null,\"fulfilment_type\":\"deliver\",\"device_id\":null,\"razorpay_order_id\":null,\"razorpay_payment_id\":null,\"razorpay_signature\":null}}','2022-08-02 18:57:50','2022-08-02 18:57:50'),
	(7,'order','created',7,'App\\Models\\Order',NULL,NULL,'{\"attributes\":{\"order_number\":\"#488139\",\"shop_id\":5,\"customer_id\":10,\"ship_to\":null,\"shipping_zone_id\":null,\"shipping_rate_id\":15,\"packaging_id\":null,\"item_count\":9,\"quantity\":9,\"shipping_weight\":\"151.000000\",\"taxrate\":null,\"total\":\"317.710000\",\"discount\":null,\"shipping\":\"9.000000\",\"packaging\":null,\"handling\":null,\"taxes\":null,\"grand_total\":\"326.710000\",\"billing_address\":\"<address>51889 Kole Mission<br\\/>Wisoky Springs<br\\/>Spencerview, <br\\/> 48088<br\\/><abbr title=\\\"Phone\\\">P:<\\/abbr> 1-657-445-1455<\\/address>\",\"shipping_address\":\"<address>51889 Kole Mission<br\\/>Wisoky Springs<br\\/>Spencerview, <br\\/> 48088<br\\/><abbr title=\\\"Phone\\\">P:<\\/abbr> 1-657-445-1455<\\/address>\",\"shipping_date\":null,\"delivery_date\":null,\"tracking_id\":\"RR123456789CN\",\"coupon_id\":null,\"carrier_id\":null,\"message_to_customer\":null,\"send_invoice_to_customer\":null,\"admin_note\":\"Maiores aspernatur corporis totam veniam sequi.\",\"buyer_note\":\"Atque accusantium fugiat officia eligendi dolorum.\",\"payment_method_id\":1,\"payment_instruction\":null,\"payment_ref_id\":null,\"payment_date\":null,\"payment_status\":1,\"order_status_id\":1,\"goods_received\":null,\"approved\":null,\"feedback_id\":null,\"disputed\":null,\"email\":null,\"customer_phone_number\":null,\"fulfilment_type\":\"deliver\",\"device_id\":null,\"razorpay_order_id\":null,\"razorpay_payment_id\":null,\"razorpay_signature\":null}}','2022-08-02 18:57:50','2022-08-02 18:57:50'),
	(8,'order','created',8,'App\\Models\\Order',NULL,NULL,'{\"attributes\":{\"order_number\":\"#032872\",\"shop_id\":2,\"customer_id\":7,\"ship_to\":null,\"shipping_zone_id\":null,\"shipping_rate_id\":49,\"packaging_id\":null,\"item_count\":5,\"quantity\":5,\"shipping_weight\":\"596.000000\",\"taxrate\":null,\"total\":\"172.681003\",\"discount\":null,\"shipping\":\"5.000000\",\"packaging\":null,\"handling\":null,\"taxes\":null,\"grand_total\":\"177.681003\",\"billing_address\":\"<address>98879 Bud Groves Apt. 375<br\\/>Geraldine Port<br\\/>Rowehaven, <br\\/>Kampong Thum 79605-3218<br\\/><abbr title=\\\"Phone\\\">P:<\\/abbr> +1-631-513-2222<\\/address>\",\"shipping_address\":\"<address>98879 Bud Groves Apt. 375<br\\/>Geraldine Port<br\\/>Rowehaven, <br\\/>Kampong Thum 79605-3218<br\\/><abbr title=\\\"Phone\\\">P:<\\/abbr> +1-631-513-2222<\\/address>\",\"shipping_date\":null,\"delivery_date\":null,\"tracking_id\":\"RR123456789CN\",\"coupon_id\":null,\"carrier_id\":null,\"message_to_customer\":null,\"send_invoice_to_customer\":null,\"admin_note\":\"Sit praesentium possimus vel cum saepe.\",\"buyer_note\":\"Ut provident ducimus voluptatem qui explicabo culpa.\",\"payment_method_id\":2,\"payment_instruction\":null,\"payment_ref_id\":null,\"payment_date\":null,\"payment_status\":1,\"order_status_id\":1,\"goods_received\":null,\"approved\":null,\"feedback_id\":null,\"disputed\":null,\"email\":null,\"customer_phone_number\":null,\"fulfilment_type\":\"deliver\",\"device_id\":null,\"razorpay_order_id\":null,\"razorpay_payment_id\":null,\"razorpay_signature\":null}}','2022-08-02 18:57:50','2022-08-02 18:57:50'),
	(9,'order','created',9,'App\\Models\\Order',NULL,NULL,'{\"attributes\":{\"order_number\":\"#000830\",\"shop_id\":3,\"customer_id\":13,\"ship_to\":null,\"shipping_zone_id\":null,\"shipping_rate_id\":38,\"packaging_id\":null,\"item_count\":7,\"quantity\":7,\"shipping_weight\":\"551.000000\",\"taxrate\":null,\"total\":\"123.999070\",\"discount\":null,\"shipping\":\"7.000000\",\"packaging\":null,\"handling\":null,\"taxes\":null,\"grand_total\":\"130.999070\",\"billing_address\":\"<address>79160 Addison Views Suite 003<br\\/>Stevie Mountain<br\\/>North Chloe, <br\\/> 52366-7864<br\\/><abbr title=\\\"Phone\\\">P:<\\/abbr> +1-410-235-7104<\\/address>\",\"shipping_address\":\"<address>79160 Addison Views Suite 003<br\\/>Stevie Mountain<br\\/>North Chloe, <br\\/> 52366-7864<br\\/><abbr title=\\\"Phone\\\">P:<\\/abbr> +1-410-235-7104<\\/address>\",\"shipping_date\":null,\"delivery_date\":null,\"tracking_id\":\"RR123456789CN\",\"coupon_id\":null,\"carrier_id\":null,\"message_to_customer\":null,\"send_invoice_to_customer\":null,\"admin_note\":\"Vel quaerat aut commodi voluptatem earum.\",\"buyer_note\":\"Dicta dolores illo voluptas quia maxime inventore quae tempore.\",\"payment_method_id\":2,\"payment_instruction\":null,\"payment_ref_id\":null,\"payment_date\":null,\"payment_status\":1,\"order_status_id\":1,\"goods_received\":null,\"approved\":null,\"feedback_id\":null,\"disputed\":null,\"email\":null,\"customer_phone_number\":null,\"fulfilment_type\":\"deliver\",\"device_id\":null,\"razorpay_order_id\":null,\"razorpay_payment_id\":null,\"razorpay_signature\":null}}','2022-08-02 18:57:50','2022-08-02 18:57:50'),
	(10,'order','created',10,'App\\Models\\Order',NULL,NULL,'{\"attributes\":{\"order_number\":\"#879754\",\"shop_id\":1,\"customer_id\":9,\"ship_to\":null,\"shipping_zone_id\":null,\"shipping_rate_id\":44,\"packaging_id\":null,\"item_count\":8,\"quantity\":8,\"shipping_weight\":\"511.000000\",\"taxrate\":null,\"total\":\"174.538000\",\"discount\":null,\"shipping\":\"8.000000\",\"packaging\":null,\"handling\":null,\"taxes\":null,\"grand_total\":\"182.538000\",\"billing_address\":\"<address>159 Caden Mountain Suite 367<br\\/>Felipa Spurs<br\\/>Lake Aidan, <br\\/> 13150<br\\/><abbr title=\\\"Phone\\\">P:<\\/abbr> 240.641.1285<\\/address>\",\"shipping_address\":\"<address>159 Caden Mountain Suite 367<br\\/>Felipa Spurs<br\\/>Lake Aidan, <br\\/> 13150<br\\/><abbr title=\\\"Phone\\\">P:<\\/abbr> 240.641.1285<\\/address>\",\"shipping_date\":null,\"delivery_date\":null,\"tracking_id\":\"RR123456789CN\",\"coupon_id\":null,\"carrier_id\":null,\"message_to_customer\":null,\"send_invoice_to_customer\":null,\"admin_note\":\"Saepe fuga qui aut est itaque quos.\",\"buyer_note\":\"Quod tempore blanditiis autem error eius asperiores.\",\"payment_method_id\":2,\"payment_instruction\":null,\"payment_ref_id\":null,\"payment_date\":null,\"payment_status\":1,\"order_status_id\":1,\"goods_received\":null,\"approved\":null,\"feedback_id\":null,\"disputed\":null,\"email\":null,\"customer_phone_number\":null,\"fulfilment_type\":\"deliver\",\"device_id\":null,\"razorpay_order_id\":null,\"razorpay_payment_id\":null,\"razorpay_signature\":null}}','2022-08-02 18:57:50','2022-08-02 18:57:50'),
	(11,'order','created',11,'App\\Models\\Order',NULL,NULL,'{\"attributes\":{\"order_number\":\"#795595\",\"shop_id\":1,\"customer_id\":14,\"ship_to\":null,\"shipping_zone_id\":null,\"shipping_rate_id\":38,\"packaging_id\":null,\"item_count\":2,\"quantity\":2,\"shipping_weight\":\"519.000000\",\"taxrate\":null,\"total\":\"347.460761\",\"discount\":null,\"shipping\":\"2.000000\",\"packaging\":null,\"handling\":null,\"taxes\":null,\"grand_total\":\"349.460761\",\"billing_address\":\"<address>146 Freddie Light Apt. 641<br\\/>Violet Ville<br\\/>Lake Pamelafurt, <br\\/> 66483-9624<br\\/><abbr title=\\\"Phone\\\">P:<\\/abbr> +1-747-686-9217<\\/address>\",\"shipping_address\":\"<address>146 Freddie Light Apt. 641<br\\/>Violet Ville<br\\/>Lake Pamelafurt, <br\\/> 66483-9624<br\\/><abbr title=\\\"Phone\\\">P:<\\/abbr> +1-747-686-9217<\\/address>\",\"shipping_date\":null,\"delivery_date\":null,\"tracking_id\":\"RR123456789CN\",\"coupon_id\":null,\"carrier_id\":null,\"message_to_customer\":null,\"send_invoice_to_customer\":null,\"admin_note\":\"Suscipit et facere consequatur placeat ullam qui fuga.\",\"buyer_note\":\"Voluptas molestiae libero reiciendis dolorem harum voluptatem.\",\"payment_method_id\":3,\"payment_instruction\":null,\"payment_ref_id\":null,\"payment_date\":null,\"payment_status\":1,\"order_status_id\":1,\"goods_received\":null,\"approved\":null,\"feedback_id\":null,\"disputed\":null,\"email\":null,\"customer_phone_number\":null,\"fulfilment_type\":\"deliver\",\"device_id\":null,\"razorpay_order_id\":null,\"razorpay_payment_id\":null,\"razorpay_signature\":null}}','2022-08-02 18:57:50','2022-08-02 18:57:50'),
	(12,'order','created',12,'App\\Models\\Order',NULL,NULL,'{\"attributes\":{\"order_number\":\"#335223\",\"shop_id\":3,\"customer_id\":1,\"ship_to\":null,\"shipping_zone_id\":null,\"shipping_rate_id\":24,\"packaging_id\":null,\"item_count\":6,\"quantity\":6,\"shipping_weight\":\"262.000000\",\"taxrate\":null,\"total\":\"279.366000\",\"discount\":null,\"shipping\":\"6.000000\",\"packaging\":null,\"handling\":null,\"taxes\":null,\"grand_total\":\"285.366000\",\"billing_address\":\"<address>1537 Tremblay Wells<br\\/>Brandt Cliffs<br\\/>South Eusebio, <br\\/> 64251-3760<br\\/><abbr title=\\\"Phone\\\">P:<\\/abbr> 412-933-3397<\\/address>\",\"shipping_address\":\"<address>1537 Tremblay Wells<br\\/>Brandt Cliffs<br\\/>South Eusebio, <br\\/> 64251-3760<br\\/><abbr title=\\\"Phone\\\">P:<\\/abbr> 412-933-3397<\\/address>\",\"shipping_date\":null,\"delivery_date\":null,\"tracking_id\":\"RR123456789CN\",\"coupon_id\":null,\"carrier_id\":null,\"message_to_customer\":null,\"send_invoice_to_customer\":null,\"admin_note\":\"Saepe blanditiis numquam praesentium quidem delectus quasi sed et.\",\"buyer_note\":\"Tempore ut aut itaque fuga quisquam.\",\"payment_method_id\":3,\"payment_instruction\":null,\"payment_ref_id\":null,\"payment_date\":null,\"payment_status\":1,\"order_status_id\":1,\"goods_received\":null,\"approved\":null,\"feedback_id\":null,\"disputed\":null,\"email\":null,\"customer_phone_number\":null,\"fulfilment_type\":\"deliver\",\"device_id\":null,\"razorpay_order_id\":null,\"razorpay_payment_id\":null,\"razorpay_signature\":null}}','2022-08-02 18:57:50','2022-08-02 18:57:50'),
	(13,'order','created',13,'App\\Models\\Order',NULL,NULL,'{\"attributes\":{\"order_number\":\"#051437\",\"shop_id\":4,\"customer_id\":7,\"ship_to\":null,\"shipping_zone_id\":null,\"shipping_rate_id\":16,\"packaging_id\":null,\"item_count\":2,\"quantity\":2,\"shipping_weight\":\"379.000000\",\"taxrate\":null,\"total\":\"246.205728\",\"discount\":null,\"shipping\":\"2.000000\",\"packaging\":null,\"handling\":null,\"taxes\":null,\"grand_total\":\"248.205728\",\"billing_address\":\"<address>98879 Bud Groves Apt. 375<br\\/>Geraldine Port<br\\/>Rowehaven, <br\\/>Kampong Thum 79605-3218<br\\/><abbr title=\\\"Phone\\\">P:<\\/abbr> +1-631-513-2222<\\/address>\",\"shipping_address\":\"<address>98879 Bud Groves Apt. 375<br\\/>Geraldine Port<br\\/>Rowehaven, <br\\/>Kampong Thum 79605-3218<br\\/><abbr title=\\\"Phone\\\">P:<\\/abbr> +1-631-513-2222<\\/address>\",\"shipping_date\":null,\"delivery_date\":null,\"tracking_id\":\"RR123456789CN\",\"coupon_id\":null,\"carrier_id\":null,\"message_to_customer\":null,\"send_invoice_to_customer\":null,\"admin_note\":\"Sit maiores molestiae soluta magnam earum.\",\"buyer_note\":\"Cum accusamus in magnam sit.\",\"payment_method_id\":3,\"payment_instruction\":null,\"payment_ref_id\":null,\"payment_date\":null,\"payment_status\":1,\"order_status_id\":1,\"goods_received\":null,\"approved\":null,\"feedback_id\":null,\"disputed\":null,\"email\":null,\"customer_phone_number\":null,\"fulfilment_type\":\"deliver\",\"device_id\":null,\"razorpay_order_id\":null,\"razorpay_payment_id\":null,\"razorpay_signature\":null}}','2022-08-02 18:57:50','2022-08-02 18:57:50'),
	(14,'order','created',14,'App\\Models\\Order',NULL,NULL,'{\"attributes\":{\"order_number\":\"#809175\",\"shop_id\":3,\"customer_id\":12,\"ship_to\":null,\"shipping_zone_id\":null,\"shipping_rate_id\":39,\"packaging_id\":null,\"item_count\":9,\"quantity\":9,\"shipping_weight\":\"560.000000\",\"taxrate\":null,\"total\":\"240.622000\",\"discount\":null,\"shipping\":\"9.000000\",\"packaging\":null,\"handling\":null,\"taxes\":null,\"grand_total\":\"249.622000\",\"billing_address\":\"<address>2268 Ludie Burg Suite 046<br\\/>Pfeffer Mall<br\\/>Kayceeberg, <br\\/> 56126<br\\/><abbr title=\\\"Phone\\\">P:<\\/abbr> 763-615-3061<\\/address>\",\"shipping_address\":\"<address>2268 Ludie Burg Suite 046<br\\/>Pfeffer Mall<br\\/>Kayceeberg, <br\\/> 56126<br\\/><abbr title=\\\"Phone\\\">P:<\\/abbr> 763-615-3061<\\/address>\",\"shipping_date\":null,\"delivery_date\":null,\"tracking_id\":\"RR123456789CN\",\"coupon_id\":null,\"carrier_id\":null,\"message_to_customer\":null,\"send_invoice_to_customer\":null,\"admin_note\":\"Itaque aliquam quod quam nam accusamus minus.\",\"buyer_note\":\"Commodi ad eos quia aut omnis omnis eum iste.\",\"payment_method_id\":3,\"payment_instruction\":null,\"payment_ref_id\":null,\"payment_date\":null,\"payment_status\":1,\"order_status_id\":1,\"goods_received\":null,\"approved\":null,\"feedback_id\":null,\"disputed\":null,\"email\":null,\"customer_phone_number\":null,\"fulfilment_type\":\"deliver\",\"device_id\":null,\"razorpay_order_id\":null,\"razorpay_payment_id\":null,\"razorpay_signature\":null}}','2022-08-02 18:57:50','2022-08-02 18:57:50'),
	(15,'order','created',15,'App\\Models\\Order',NULL,NULL,'{\"attributes\":{\"order_number\":\"#952515\",\"shop_id\":1,\"customer_id\":5,\"ship_to\":null,\"shipping_zone_id\":null,\"shipping_rate_id\":25,\"packaging_id\":null,\"item_count\":1,\"quantity\":1,\"shipping_weight\":\"464.000000\",\"taxrate\":null,\"total\":\"147.880000\",\"discount\":null,\"shipping\":\"1.000000\",\"packaging\":null,\"handling\":null,\"taxes\":null,\"grand_total\":\"148.880000\",\"billing_address\":\"<address>69481 Quitzon Trail<br\\/>Parker Drives<br\\/>Rosenbaumview, <br\\/> 51056-6386<br\\/><abbr title=\\\"Phone\\\">P:<\\/abbr> +19474510747<\\/address>\",\"shipping_address\":\"<address>69481 Quitzon Trail<br\\/>Parker Drives<br\\/>Rosenbaumview, <br\\/> 51056-6386<br\\/><abbr title=\\\"Phone\\\">P:<\\/abbr> +19474510747<\\/address>\",\"shipping_date\":null,\"delivery_date\":null,\"tracking_id\":\"RR123456789CN\",\"coupon_id\":null,\"carrier_id\":null,\"message_to_customer\":null,\"send_invoice_to_customer\":null,\"admin_note\":\"Maiores labore delectus et veritatis.\",\"buyer_note\":\"Voluptatum repellat velit non et velit.\",\"payment_method_id\":2,\"payment_instruction\":null,\"payment_ref_id\":null,\"payment_date\":null,\"payment_status\":1,\"order_status_id\":1,\"goods_received\":null,\"approved\":null,\"feedback_id\":null,\"disputed\":null,\"email\":null,\"customer_phone_number\":null,\"fulfilment_type\":\"deliver\",\"device_id\":null,\"razorpay_order_id\":null,\"razorpay_payment_id\":null,\"razorpay_signature\":null}}','2022-08-02 18:57:50','2022-08-02 18:57:50'),
	(16,'disput','created',1,'App\\Models\\Dispute',NULL,NULL,'{\"attributes\":{\"shop_id\":5,\"dispute_type_id\":2,\"customer_id\":14,\"order_id\":2,\"product_id\":null,\"description\":\"Veritatis dolore animi non est voluptatem est. Sit fuga sunt ut cumque eaque doloribus.\",\"order_received\":false,\"return_goods\":true,\"refund_amount\":null,\"status\":2}}','2022-08-02 18:57:50','2022-08-02 18:57:50'),
	(17,'disput','created',2,'App\\Models\\Dispute',NULL,NULL,'{\"attributes\":{\"shop_id\":4,\"dispute_type_id\":1,\"customer_id\":4,\"order_id\":5,\"product_id\":null,\"description\":\"Nostrum sint quos molestiae harum quas incidunt. Fuga rem quia a alias. Eos qui a itaque eum.\",\"order_received\":false,\"return_goods\":true,\"refund_amount\":null,\"status\":4}}','2022-08-02 18:57:50','2022-08-02 18:57:50'),
	(18,'disput','created',3,'App\\Models\\Dispute',NULL,NULL,'{\"attributes\":{\"shop_id\":2,\"dispute_type_id\":2,\"customer_id\":7,\"order_id\":8,\"product_id\":null,\"description\":\"Iste omnis voluptas id sit iste. Recusandae labore ipsa in. Reiciendis delectus iste neque et.\",\"order_received\":true,\"return_goods\":true,\"refund_amount\":null,\"status\":5}}','2022-08-02 18:57:50','2022-08-02 18:57:50'),
	(19,'disput','created',4,'App\\Models\\Dispute',NULL,NULL,'{\"attributes\":{\"shop_id\":2,\"dispute_type_id\":1,\"customer_id\":11,\"order_id\":1,\"product_id\":null,\"description\":\"Delectus quae neque harum ut maxime labore. Accusantium ut velit mollitia ea officiis ut repellat.\",\"order_received\":false,\"return_goods\":false,\"refund_amount\":null,\"status\":2}}','2022-08-02 18:57:50','2022-08-02 18:57:50'),
	(20,'disput','created',5,'App\\Models\\Dispute',NULL,NULL,'{\"attributes\":{\"shop_id\":1,\"dispute_type_id\":7,\"customer_id\":14,\"order_id\":11,\"product_id\":null,\"description\":\"Et incidunt suscipit tempora dolorum dolor repellat dolor. Voluptas itaque quod facere minus in.\",\"order_received\":false,\"return_goods\":true,\"refund_amount\":null,\"status\":2}}','2022-08-02 18:57:50','2022-08-02 18:57:50');

/*!40000 ALTER TABLE `activity_log` ENABLE KEYS */;


# Dump of table address_types
# ------------------------------------------------------------

DROP TABLE IF EXISTS `address_types`;

CREATE TABLE `address_types` (
  `id` int(10) unsigned NOT NULL AUTO_INCREMENT,
  `type` varchar(255) COLLATE utf8mb3_unicode_ci NOT NULL,
  PRIMARY KEY (`id`),
  UNIQUE KEY `address_types_type_unique` (`type`)
) ENGINE=InnoDB DEFAULT CHARSET=utf8mb3 COLLATE=utf8mb3_unicode_ci;

/*!40000 ALTER TABLE `address_types` DISABLE KEYS */;

INSERT INTO `address_types` (`id`, `type`)
VALUES
	(2,'Billing'),
	(1,'Primary'),
	(3,'Shipping');

/*!40000 ALTER TABLE `address_types` ENABLE KEYS */;


# Dump of table addresses
# ------------------------------------------------------------

DROP TABLE IF EXISTS `addresses`;

CREATE TABLE `addresses` (
  `id` bigint(20) unsigned NOT NULL AUTO_INCREMENT,
  `address_type` varchar(255) COLLATE utf8mb3_unicode_ci DEFAULT 'Primary',
  `address_title` varchar(255) COLLATE utf8mb3_unicode_ci DEFAULT NULL,
  `address_line_1` varchar(255) COLLATE utf8mb3_unicode_ci DEFAULT NULL,
  `address_line_2` varchar(255) COLLATE utf8mb3_unicode_ci DEFAULT NULL,
  `city` varchar(255) COLLATE utf8mb3_unicode_ci DEFAULT NULL,
  `state_id` int(10) unsigned DEFAULT NULL,
  `zip_code` varchar(255) COLLATE utf8mb3_unicode_ci DEFAULT NULL,
  `country_id` int(10) unsigned DEFAULT NULL,
  `phone` varchar(255) COLLATE utf8mb3_unicode_ci DEFAULT NULL,
  `latitude` double(8,2) DEFAULT NULL,
  `longitude` double(8,2) DEFAULT NULL,
  `addressable_id` bigint(20) unsigned NOT NULL,
  `addressable_type` varchar(255) COLLATE utf8mb3_unicode_ci NOT NULL,
  `created_at` timestamp NULL DEFAULT NULL,
  `updated_at` timestamp NULL DEFAULT NULL,
  PRIMARY KEY (`id`),
  KEY `addresses_country_id_foreign` (`country_id`),
  CONSTRAINT `addresses_country_id_foreign` FOREIGN KEY (`country_id`) REFERENCES `countries` (`id`)
) ENGINE=InnoDB DEFAULT CHARSET=utf8mb3 COLLATE=utf8mb3_unicode_ci;

/*!40000 ALTER TABLE `addresses` DISABLE KEYS */;

INSERT INTO `addresses` (`id`, `address_type`, `address_title`, `address_line_1`, `address_line_2`, `city`, `state_id`, `zip_code`, `country_id`, `phone`, `latitude`, `longitude`, `addressable_id`, `addressable_type`, `created_at`, `updated_at`)
VALUES
	(1,'Primary',NULL,'Platform Address',NULL,'Hollywood',453,'63585',840,NULL,NULL,NULL,1,'App\\Models\\System','2022-08-02 18:57:42','2022-08-02 18:57:42'),
	(2,'Primary','Primary Address',NULL,NULL,NULL,523,NULL,840,NULL,NULL,NULL,1,'App\\Models\\User','2022-08-02 18:57:42','2022-08-02 18:57:42'),
	(3,'Primary','Admin User','336 Bailey Circles','Allene Inlet','Henrifurt',NULL,'55593',258,'1-828-416-8043',-85.85,89.91,2,'App\\Models\\User','2022-08-02 18:57:43','2022-08-02 18:57:43'),
	(4,'Primary','Tate Kertzmann','965 Christa Mews','Schuster Square','Talonburgh',147,'68056',124,'469.461.4622',-29.52,45.65,3,'App\\Models\\Merchant','2022-08-02 18:57:43','2022-08-02 18:57:43'),
	(5,'Primary','Darrel Berge I','9105 Kunde Falls Apt. 184','Waelchi Ridge','Lake Lessie',NULL,'47192-2811',598,'+17756304107',58.86,-43.26,4,'App\\Models\\Merchant','2022-08-02 18:57:43','2022-08-02 18:57:43'),
	(6,'Primary','Prof. Abbigail Nader MD','2057 Blick Estates Apt. 244','Effertz Course','Kayliemouth',339,'85022-2900',826,'1-956-578-8180',-22.97,-40.93,5,'App\\Models\\Merchant','2022-08-02 18:57:43','2022-08-02 18:57:43'),
	(7,'Primary','Ladarius Wunsch','73589 Rosalind Mountains','Alisha Well','Toychester',NULL,'13424',440,'+1-310-750-6514',-21.93,-83.49,6,'App\\Models\\Merchant','2022-08-02 18:57:43','2022-08-02 18:57:43'),
	(8,'Primary','Dr. Sid Tillman','636 Zieme Harbor Suite 267','Keeling Corners','New Dangelo',NULL,'54736-4888',748,'443-900-5943',-50.74,-29.56,7,'App\\Models\\Merchant','2022-08-02 18:57:43','2022-08-02 18:57:43'),
	(9,'Primary',NULL,'Demo Platform Address',NULL,'Demo City',380,'63585',604,'+1.431.253.0341',NULL,NULL,1,'App\\Models\\Shop','2022-08-15 18:57:43','2022-08-15 18:57:43'),
	(10,'Primary',NULL,'Demo Platform Address',NULL,'Demo City',380,'63585',604,'+1.431.253.0341',NULL,NULL,2,'App\\Models\\Shop','2022-08-15 18:57:43','2022-08-15 18:57:43'),
	(11,'Primary',NULL,'Demo Platform Address',NULL,'Demo City',380,'63585',604,'+1.431.253.0341',NULL,NULL,3,'App\\Models\\Shop','2022-08-15 18:57:43','2022-08-15 18:57:43'),
	(12,'Primary',NULL,'Demo Platform Address',NULL,'Demo City',380,'63585',604,'+1.431.253.0341',NULL,NULL,4,'App\\Models\\Shop','2022-08-15 18:57:43','2022-08-15 18:57:43'),
	(13,'Primary',NULL,'Demo Platform Address',NULL,'Demo City',380,'63585',604,'+1.431.253.0341',NULL,NULL,5,'App\\Models\\Shop','2022-08-15 18:57:43','2022-08-15 18:57:43'),
	(14,'Primary','Cornell Parker','1537 Tremblay Wells','Brandt Cliffs','South Eusebio',NULL,'64251-3760',232,'412-933-3397',-42.62,23.73,1,'App\\Models\\Customer','2022-08-02 18:57:44','2022-08-02 18:57:44'),
	(15,'Billing','Office Address','254 Raheem Lane Apt. 309','Paige Valleys','Hicklemouth',NULL,'91737-4028',258,'+1-843-540-9724',42.54,117.31,1,'App\\Models\\Customer','2022-08-02 18:57:44','2022-08-02 18:57:44'),
	(16,'Shipping','Dorm Address','90437 Gusikowski Islands','Alfonso Wall','Lake Darleneton',NULL,'15093-8389',320,'+1 (682) 370-6344',65.97,103.49,1,'App\\Models\\Customer','2022-08-02 18:57:44','2022-08-02 18:57:44'),
	(17,'Primary','Miss Daphnee Rau','48077 Augustine Green','Auer Falls','East Kira',NULL,'57434',86,'(360) 570-5606',-5.83,-96.51,2,'App\\Models\\Customer','2022-08-02 18:57:45','2022-08-02 18:57:45'),
	(18,'Billing','Office Address','7810 Andres Lake Suite 306','Mayer Fields','South Billie',NULL,'83535',184,'(650) 241-9779',-76.65,-134.27,2,'App\\Models\\Customer','2022-08-02 18:57:45','2022-08-02 18:57:45'),
	(19,'Shipping','Dorm Address','92464 Charlie Ports','Vicente Fall','East Riley',NULL,'07591-4229',100,'+1-281-907-7639',-52.79,-29.04,2,'App\\Models\\Customer','2022-08-02 18:57:45','2022-08-02 18:57:45'),
	(20,'Primary','Paris Braun','77275 Asa Throughway','McGlynn Plaza','West Fletahaven',NULL,'61103',344,'1-341-968-1989',18.33,49.17,3,'App\\Models\\Customer','2022-08-02 18:57:45','2022-08-02 18:57:45'),
	(21,'Billing','Office Address','4430 Johnston Centers','Toy Radial','Joelleberg',NULL,'93636-2162',300,'+1-559-280-4600',87.82,-132.06,3,'App\\Models\\Customer','2022-08-02 18:57:45','2022-08-02 18:57:45'),
	(22,'Shipping','Hotel Address','20987 Langworth Isle','Miller Mission','Port Marge',NULL,'17739-7240',20,'1-283-691-0563',-72.67,-131.02,3,'App\\Models\\Customer','2022-08-02 18:57:45','2022-08-02 18:57:45'),
	(23,'Primary','Dr. Rosendo Heathcote MD','5606 Ida Radial Apt. 734','Lueilwitz Coves','South Edna',NULL,'90806-6337',674,'385-338-8251',20.50,37.81,4,'App\\Models\\Customer','2022-08-02 18:57:45','2022-08-02 18:57:45'),
	(24,'Billing','Office Address','248 Willis Parks Apt. 970','Little Gateway','South Hildegard',NULL,'69530-9039',231,'1-469-398-6965',7.72,-35.71,4,'App\\Models\\Customer','2022-08-02 18:57:45','2022-08-02 18:57:45'),
	(25,'Shipping','Office Address','290 White Way Apt. 066','Russel Run','New Ebonyton',154,'96055',152,'1-541-873-9347',10.33,-125.07,4,'App\\Models\\Customer','2022-08-02 18:57:45','2022-08-02 18:57:45'),
	(26,'Primary','Kitty Mills','69481 Quitzon Trail','Parker Drives','Rosenbaumview',NULL,'51056-6386',470,'+19474510747',12.61,157.66,5,'App\\Models\\Customer','2022-08-02 18:57:45','2022-08-02 18:57:45'),
	(27,'Billing','Home Address','941 Doyle Cliff Suite 406','Rippin Forge','Hudsonfurt',NULL,'14505',584,'+17184373018',79.00,36.91,5,'App\\Models\\Customer','2022-08-02 18:57:45','2022-08-02 18:57:45'),
	(28,'Shipping','Dorm Address','233 Kathryn Glen','Simonis Walks','Daisystad',NULL,'34414-9838',710,'(754) 909-0034',-85.86,109.51,5,'App\\Models\\Customer','2022-08-02 18:57:45','2022-08-02 18:57:45'),
	(29,'Primary','Trystan Jaskolski','4296 Kenyatta Mount Apt. 269','Zieme Grove','Lydaborough',314,'98689-6543',250,'806.690.8834',-51.98,-91.54,6,'App\\Models\\Customer','2022-08-02 18:57:45','2022-08-02 18:57:45'),
	(30,'Billing','Dorm Address','70569 Mathias Mountains Suite 618','O\'Hara Isle','Gabemouth',NULL,'87509',729,'1-616-423-8415',86.21,86.64,6,'App\\Models\\Customer','2022-08-02 18:57:45','2022-08-02 18:57:45'),
	(31,'Shipping','Hotel Address','8332 Domingo Plaza Apt. 895','Mueller Green','North Onaberg',NULL,'86682-1273',324,'689.339.3012',-20.37,73.00,6,'App\\Models\\Customer','2022-08-02 18:57:45','2022-08-02 18:57:45'),
	(32,'Primary','Eileen Treutel','98879 Bud Groves Apt. 375','Geraldine Port','Rowehaven',749,'79605-3218',116,'+1-631-513-2222',71.74,151.56,7,'App\\Models\\Customer','2022-08-02 18:57:45','2022-08-02 18:57:45'),
	(33,'Billing','Hotel Address','9595 Tillman Turnpike Suite 364','Favian Stream','East Chaddstad',NULL,'99373',728,'540-873-3207',-76.93,-149.51,7,'App\\Models\\Customer','2022-08-02 18:57:45','2022-08-02 18:57:45'),
	(34,'Shipping','Home Address','484 Emard Pine Suite 168','Hazle Mountain','Port Jocelynborough',NULL,'77398',581,'(531) 578-0465',-80.31,80.40,7,'App\\Models\\Customer','2022-08-02 18:57:45','2022-08-02 18:57:45'),
	(35,'Primary','Kelley Brown','88972 Schowalter Branch','Precious Streets','Trantowside',NULL,'16607-2322',368,'(469) 408-1777',-65.58,-170.96,8,'App\\Models\\Customer','2022-08-02 18:57:45','2022-08-02 18:57:45'),
	(36,'Billing','Hotel Address','5480 Greg Harbor','Joanie Pike','Lake Raoul',NULL,'41311',12,'1-934-383-5753',-88.23,98.97,8,'App\\Models\\Customer','2022-08-02 18:57:45','2022-08-02 18:57:45'),
	(37,'Shipping','Home Address','9864 Hackett Port Suite 009','Hegmann Glen','Lakintown',1104,'66327-9826',690,'786.498.0889',36.95,165.53,8,'App\\Models\\Customer','2022-08-02 18:57:45','2022-08-02 18:57:45'),
	(38,'Primary','Kelley Herman','159 Caden Mountain Suite 367','Felipa Spurs','Lake Aidan',NULL,'13150',574,'240.641.1285',-56.02,-73.24,9,'App\\Models\\Customer','2022-08-02 18:57:45','2022-08-02 18:57:45'),
	(39,'Billing','Home Address','20258 O\'Kon Islands','Amaya Burgs','North Rebachester',769,'90047-4635',414,'1-364-246-8822',12.89,-119.99,9,'App\\Models\\Customer','2022-08-02 18:57:45','2022-08-02 18:57:45'),
	(40,'Shipping','Office Address','2365 Stanford Pike Suite 173','Anderson Glens','Stokeshaven',NULL,'98241',90,'820-348-9854',59.15,-133.54,9,'App\\Models\\Customer','2022-08-02 18:57:45','2022-08-02 18:57:45'),
	(41,'Primary','Sigrid Wintheiser Jr.','51889 Kole Mission','Wisoky Springs','Spencerview',NULL,'48088',654,'1-657-445-1455',46.13,-94.40,10,'App\\Models\\Customer','2022-08-02 18:57:45','2022-08-02 18:57:45'),
	(42,'Billing','Office Address','30082 Erling Extension Apt. 447','Kenyon Heights','Mayerview',NULL,'68869',8,'(434) 658-5738',73.01,32.56,10,'App\\Models\\Customer','2022-08-02 18:57:45','2022-08-02 18:57:45'),
	(43,'Shipping','Hotel Address','4207 Arnulfo Prairie','Reichert Gateway','East Citlalli',NULL,'61519-4302',140,'(636) 480-2264',-72.81,157.57,10,'App\\Models\\Customer','2022-08-02 18:57:45','2022-08-02 18:57:45'),
	(44,'Primary','Alfreda King III','5876 Zulauf Well','Morris Ways','Sisterside',NULL,'18766-8046',90,'+1.283.389.4871',-15.09,45.11,11,'App\\Models\\Customer','2022-08-02 18:57:45','2022-08-02 18:57:45'),
	(45,'Billing','Hotel Address','28418 Juanita Cliff Suite 664','Simonis Mountains','Elnaburgh',NULL,'17395-9362',270,'+16507582436',-86.03,-84.53,11,'App\\Models\\Customer','2022-08-02 18:57:45','2022-08-02 18:57:45'),
	(46,'Shipping','Dorm Address','118 Langworth Spurs Suite 869','Bartoletti Summit','West Sage',NULL,'68168',578,'(803) 317-6773',-56.76,-155.74,11,'App\\Models\\Customer','2022-08-02 18:57:45','2022-08-02 18:57:45'),
	(47,'Primary','Ms. Bianka Pfannerstill DDS','2268 Ludie Burg Suite 046','Pfeffer Mall','Kayceeberg',NULL,'56126',100,'763-615-3061',-75.09,-171.62,12,'App\\Models\\Customer','2022-08-02 18:57:45','2022-08-02 18:57:45'),
	(48,'Billing','Home Address','5291 Jeromy Mission Suite 838','Maudie Tunnel','Keelyport',NULL,'41900-1114',678,'+1.540.502.6192',-17.86,154.13,12,'App\\Models\\Customer','2022-08-02 18:57:45','2022-08-02 18:57:45'),
	(49,'Shipping','Home Address','48808 Mason Lodge Apt. 341','Damon Courts','Port Busterview',618,'96028',376,'1-458-805-6954',12.60,-64.83,12,'App\\Models\\Customer','2022-08-02 18:57:45','2022-08-02 18:57:45'),
	(50,'Primary','Mrs. Audrey Greenholt','79160 Addison Views Suite 003','Stevie Mountain','North Chloe',NULL,'52366-7864',646,'+1-410-235-7104',-83.01,56.10,13,'App\\Models\\Customer','2022-08-02 18:57:45','2022-08-02 18:57:45'),
	(51,'Billing','Office Address','88489 Lila Plaza Suite 416','Andreanne Ports','Abshireberg',NULL,'61786',400,'774.614.3843',-7.32,139.40,13,'App\\Models\\Customer','2022-08-02 18:57:45','2022-08-02 18:57:45'),
	(52,'Shipping','Office Address','213 Connelly Shoals','DuBuque Trail','Port Hipolitofort',NULL,'83612',304,'1-858-801-7444',-69.39,6.90,13,'App\\Models\\Customer','2022-08-02 18:57:45','2022-08-02 18:57:45'),
	(53,'Primary','Palma Gusikowski','146 Freddie Light Apt. 641','Violet Ville','Lake Pamelafurt',NULL,'66483-9624',408,'+1-747-686-9217',27.68,-77.79,14,'App\\Models\\Customer','2022-08-02 18:57:45','2022-08-02 18:57:45'),
	(54,'Billing','Hotel Address','178 Dicki Ranch','Koepp Village','Windlerside',123,'58487',76,'689.981.0346',49.09,46.15,14,'App\\Models\\Customer','2022-08-02 18:57:45','2022-08-02 18:57:45'),
	(55,'Shipping','Home Address','6935 Eugenia Rest','Ryley Spring','Serenityville',NULL,'07981',646,'+1-657-916-7279',-4.40,-26.47,14,'App\\Models\\Customer','2022-08-02 18:57:45','2022-08-02 18:57:45'),
	(56,'Primary','Miss Keara Stroman','33046 John Lodge Suite 156','Davis Heights','West Justus',1010,'50560',608,'+1-870-291-4210',16.47,-131.31,15,'App\\Models\\Customer','2022-08-02 18:57:45','2022-08-02 18:57:45'),
	(57,'Billing','Office Address','663 Schowalter Village Apt. 579','Esteban Greens','Lake Russell',NULL,'32447-3574',332,'+1-574-710-4016',17.38,-19.38,15,'App\\Models\\Customer','2022-08-02 18:57:45','2022-08-02 18:57:45'),
	(58,'Shipping','Office Address','39020 Rowe Fort','Grady Street','North Kevinfort',NULL,'01364',496,'+13259193618',-74.97,152.71,15,'App\\Models\\Customer','2022-08-02 18:57:45','2022-08-02 18:57:45'),
	(59,'Primary','Bridie Leffler','6695 Langosh Wells','Renner Gateway','Lehnertown',100,'90094-5327',68,'1-541-201-4197',-54.11,-158.29,16,'App\\Models\\Customer','2022-08-02 18:57:45','2022-08-02 18:57:45'),
	(60,'Billing','Office Address','64367 Eryn Inlet Suite 709','Nader Drive','New Lucianochester',1236,'37124',792,'+19287131615',16.26,-117.95,16,'App\\Models\\Customer','2022-08-02 18:57:45','2022-08-02 18:57:45'),
	(61,'Shipping','Hotel Address','6105 Hardy Highway Apt. 156','Spinka Parkway','Port Raeganburgh',NULL,'49869-3685',662,'1-458-480-3678',-56.67,3.20,16,'App\\Models\\Customer','2022-08-02 18:57:45','2022-08-02 18:57:45'),
	(62,'Primary','Leuschke Ltd','214 Hyatt Stravenue Suite 375','Weimann Port','Pfannerstillland',NULL,'91222-7272',788,'+1.248.846.5151',21.18,-144.30,1,'App\\Models\\Supplier','2022-08-02 18:57:45','2022-08-02 18:57:45'),
	(63,'Primary','Towne-Jacobi','56775 Ferry Road Apt. 037','Nicolas Shoal','South Buddyland',1179,'46740-5635',764,'(908) 615-4698',-34.33,124.03,2,'App\\Models\\Supplier','2022-08-02 18:57:45','2022-08-02 18:57:45'),
	(64,'Primary','Lesch-Schaden','16184 Pagac Fort','Lesch Lakes','North Henriton',NULL,'26999-9778',158,'+1-986-485-8858',12.25,-128.55,3,'App\\Models\\Supplier','2022-08-02 18:57:45','2022-08-02 18:57:45'),
	(65,'Primary','Goldner Ltd','41218 Matilda Key','Ewell Glen','Hermannshire',NULL,'96894',175,'+1-463-873-5451',-36.23,3.56,4,'App\\Models\\Supplier','2022-08-02 18:57:45','2022-08-02 18:57:45'),
	(66,'Primary','Koss-Orn','952 Price Center','Gilbert Wells','Port Casey',NULL,'51930-4276',688,'+1 (585) 673-7260',-54.20,-56.04,5,'App\\Models\\Supplier','2022-08-02 18:57:45','2022-08-02 18:57:45'),
	(67,'Primary','Labadie, Wilkinson and Robel','2007 Garret Garden','Hessel Islands','Murielview',944,'18346',524,'951.321.0333',-69.54,-32.37,1,'App\\Models\\Warehouse','2022-08-02 18:57:47','2022-08-02 18:57:47');

/*!40000 ALTER TABLE `addresses` ENABLE KEYS */;


# Dump of table announcements
# ------------------------------------------------------------

DROP TABLE IF EXISTS `announcements`;

CREATE TABLE `announcements` (
  `id` varchar(255) COLLATE utf8mb3_unicode_ci NOT NULL,
  `user_id` int(11) NOT NULL,
  `body` text COLLATE utf8mb3_unicode_ci NOT NULL,
  `action_text` varchar(255) COLLATE utf8mb3_unicode_ci DEFAULT NULL,
  `action_url` text COLLATE utf8mb3_unicode_ci DEFAULT NULL,
  `created_at` timestamp NULL DEFAULT NULL,
  `updated_at` timestamp NULL DEFAULT NULL,
  PRIMARY KEY (`id`)
) ENGINE=InnoDB DEFAULT CHARSET=utf8mb3 COLLATE=utf8mb3_unicode_ci;



# Dump of table attachments
# ------------------------------------------------------------

DROP TABLE IF EXISTS `attachments`;

CREATE TABLE `attachments` (
  `id` bigint(20) unsigned NOT NULL AUTO_INCREMENT,
  `path` text COLLATE utf8mb3_unicode_ci NOT NULL,
  `name` text COLLATE utf8mb3_unicode_ci DEFAULT NULL,
  `extension` varchar(255) COLLATE utf8mb3_unicode_ci DEFAULT NULL,
  `size` varchar(255) COLLATE utf8mb3_unicode_ci DEFAULT NULL,
  `attachable_id` int(10) unsigned NOT NULL,
  `attachable_type` varchar(255) COLLATE utf8mb3_unicode_ci NOT NULL,
  `ownable_id` bigint(20) DEFAULT NULL,
  `ownable_type` varchar(255) COLLATE utf8mb3_unicode_ci DEFAULT NULL,
  `created_at` timestamp NULL DEFAULT NULL,
  `updated_at` timestamp NULL DEFAULT NULL,
  PRIMARY KEY (`id`)
) ENGINE=InnoDB DEFAULT CHARSET=utf8mb3 COLLATE=utf8mb3_unicode_ci;



# Dump of table attribute_categories
# ------------------------------------------------------------

DROP TABLE IF EXISTS `attribute_categories`;

CREATE TABLE `attribute_categories` (
  `id` bigint(20) unsigned NOT NULL AUTO_INCREMENT,
  `category_id` int(10) unsigned DEFAULT NULL,
  `attribute_id` int(10) unsigned DEFAULT NULL,
  `created_at` timestamp NULL DEFAULT NULL,
  `updated_at` timestamp NULL DEFAULT NULL,
  PRIMARY KEY (`id`),
  KEY `attribute_categories_attribute_id_foreign` (`attribute_id`),
  KEY `attribute_categories_category_id_foreign` (`category_id`),
  CONSTRAINT `attribute_categories_attribute_id_foreign` FOREIGN KEY (`attribute_id`) REFERENCES `attributes` (`id`) ON DELETE CASCADE,
  CONSTRAINT `attribute_categories_category_id_foreign` FOREIGN KEY (`category_id`) REFERENCES `categories` (`id`) ON DELETE CASCADE
) ENGINE=InnoDB DEFAULT CHARSET=utf8mb3 COLLATE=utf8mb3_unicode_ci;

/*!40000 ALTER TABLE `attribute_categories` DISABLE KEYS */;

INSERT INTO `attribute_categories` (`id`, `category_id`, `attribute_id`, `created_at`, `updated_at`)
VALUES
	(1,18,1,'2022-08-02 18:57:43','2022-08-02 18:57:43'),
	(2,18,2,'2022-08-02 18:57:43','2022-08-02 18:57:43'),
	(3,18,3,'2022-08-02 18:57:43','2022-08-02 18:57:43'),
	(4,18,4,'2022-08-02 18:57:43','2022-08-02 18:57:43'),
	(5,18,6,'2022-08-02 18:57:43','2022-08-02 18:57:43'),
	(6,27,1,'2022-08-02 18:57:43','2022-08-02 18:57:43'),
	(7,27,2,'2022-08-02 18:57:43','2022-08-02 18:57:43'),
	(8,27,4,'2022-08-02 18:57:43','2022-08-02 18:57:43'),
	(9,9,1,'2022-08-02 18:57:43','2022-08-02 18:57:43'),
	(10,9,2,'2022-08-02 18:57:43','2022-08-02 18:57:43'),
	(11,9,3,'2022-08-02 18:57:43','2022-08-02 18:57:43'),
	(12,9,4,'2022-08-02 18:57:43','2022-08-02 18:57:43'),
	(13,9,6,'2022-08-02 18:57:43','2022-08-02 18:57:43'),
	(14,38,2,'2022-08-02 18:57:43','2022-08-02 18:57:43'),
	(15,38,3,'2022-08-02 18:57:43','2022-08-02 18:57:43'),
	(16,19,1,'2022-08-02 18:57:43','2022-08-02 18:57:43'),
	(17,19,2,'2022-08-02 18:57:43','2022-08-02 18:57:43'),
	(18,24,2,'2022-08-02 18:57:43','2022-08-02 18:57:43'),
	(19,24,5,'2022-08-02 18:57:43','2022-08-02 18:57:43'),
	(20,24,3,'2022-08-02 18:57:43','2022-08-02 18:57:43'),
	(21,24,6,'2022-08-02 18:57:43','2022-08-02 18:57:43'),
	(22,34,4,'2022-08-02 18:57:43','2022-08-02 18:57:43'),
	(23,34,6,'2022-08-02 18:57:43','2022-08-02 18:57:43'),
	(24,39,2,'2022-08-02 18:57:43','2022-08-02 18:57:43'),
	(25,39,5,'2022-08-02 18:57:43','2022-08-02 18:57:43'),
	(26,39,3,'2022-08-02 18:57:43','2022-08-02 18:57:43'),
	(27,39,4,'2022-08-02 18:57:43','2022-08-02 18:57:43'),
	(28,39,6,'2022-08-02 18:57:43','2022-08-02 18:57:43'),
	(29,8,1,'2022-08-02 18:57:43','2022-08-02 18:57:43'),
	(30,8,5,'2022-08-02 18:57:43','2022-08-02 18:57:43'),
	(31,8,4,'2022-08-02 18:57:43','2022-08-02 18:57:43'),
	(32,8,6,'2022-08-02 18:57:43','2022-08-02 18:57:43'),
	(33,2,5,'2022-08-02 18:57:43','2022-08-02 18:57:43'),
	(34,2,4,'2022-08-02 18:57:43','2022-08-02 18:57:43'),
	(35,2,6,'2022-08-02 18:57:43','2022-08-02 18:57:43'),
	(36,4,5,'2022-08-02 18:57:43','2022-08-02 18:57:43'),
	(37,4,3,'2022-08-02 18:57:43','2022-08-02 18:57:43'),
	(38,4,4,'2022-08-02 18:57:43','2022-08-02 18:57:43'),
	(39,4,6,'2022-08-02 18:57:43','2022-08-02 18:57:43'),
	(40,7,1,'2022-08-02 18:57:43','2022-08-02 18:57:43'),
	(41,7,2,'2022-08-02 18:57:43','2022-08-02 18:57:43'),
	(42,7,5,'2022-08-02 18:57:43','2022-08-02 18:57:43'),
	(43,7,4,'2022-08-02 18:57:43','2022-08-02 18:57:43'),
	(44,7,6,'2022-08-02 18:57:43','2022-08-02 18:57:43'),
	(45,12,2,'2022-08-02 18:57:43','2022-08-02 18:57:43'),
	(46,12,4,'2022-08-02 18:57:43','2022-08-02 18:57:43'),
	(47,12,6,'2022-08-02 18:57:43','2022-08-02 18:57:43'),
	(48,3,1,'2022-08-02 18:57:43','2022-08-02 18:57:43'),
	(49,3,2,'2022-08-02 18:57:43','2022-08-02 18:57:43'),
	(50,16,1,'2022-08-02 18:57:43','2022-08-02 18:57:43'),
	(51,16,2,'2022-08-02 18:57:43','2022-08-02 18:57:43'),
	(52,16,5,'2022-08-02 18:57:43','2022-08-02 18:57:43'),
	(53,16,4,'2022-08-02 18:57:43','2022-08-02 18:57:43'),
	(54,16,6,'2022-08-02 18:57:43','2022-08-02 18:57:43'),
	(55,25,5,'2022-08-02 18:57:43','2022-08-02 18:57:43'),
	(56,25,3,'2022-08-02 18:57:43','2022-08-02 18:57:43'),
	(57,25,4,'2022-08-02 18:57:43','2022-08-02 18:57:43'),
	(58,25,6,'2022-08-02 18:57:43','2022-08-02 18:57:43'),
	(59,26,1,'2022-08-02 18:57:43','2022-08-02 18:57:43'),
	(60,26,2,'2022-08-02 18:57:43','2022-08-02 18:57:43'),
	(61,26,5,'2022-08-02 18:57:43','2022-08-02 18:57:43'),
	(62,26,4,'2022-08-02 18:57:43','2022-08-02 18:57:43'),
	(63,26,6,'2022-08-02 18:57:43','2022-08-02 18:57:43'),
	(64,29,1,'2022-08-02 18:57:43','2022-08-02 18:57:43'),
	(65,29,2,'2022-08-02 18:57:43','2022-08-02 18:57:43'),
	(66,29,4,'2022-08-02 18:57:43','2022-08-02 18:57:43'),
	(67,29,6,'2022-08-02 18:57:43','2022-08-02 18:57:43'),
	(68,14,1,'2022-08-02 18:57:43','2022-08-02 18:57:43'),
	(69,14,2,'2022-08-02 18:57:43','2022-08-02 18:57:43'),
	(70,14,5,'2022-08-02 18:57:43','2022-08-02 18:57:43'),
	(71,15,2,'2022-08-02 18:57:43','2022-08-02 18:57:43'),
	(72,15,5,'2022-08-02 18:57:43','2022-08-02 18:57:43'),
	(73,15,3,'2022-08-02 18:57:43','2022-08-02 18:57:43'),
	(74,15,6,'2022-08-02 18:57:43','2022-08-02 18:57:43'),
	(75,22,1,'2022-08-02 18:57:43','2022-08-02 18:57:43'),
	(76,22,2,'2022-08-02 18:57:43','2022-08-02 18:57:43'),
	(77,22,4,'2022-08-02 18:57:43','2022-08-02 18:57:43'),
	(78,22,6,'2022-08-02 18:57:43','2022-08-02 18:57:43'),
	(79,32,1,'2022-08-02 18:57:43','2022-08-02 18:57:43'),
	(80,32,2,'2022-08-02 18:57:43','2022-08-02 18:57:43'),
	(81,32,5,'2022-08-02 18:57:43','2022-08-02 18:57:43'),
	(82,32,6,'2022-08-02 18:57:43','2022-08-02 18:57:43'),
	(83,35,2,'2022-08-02 18:57:43','2022-08-02 18:57:43'),
	(84,35,5,'2022-08-02 18:57:43','2022-08-02 18:57:43'),
	(85,35,3,'2022-08-02 18:57:43','2022-08-02 18:57:43'),
	(86,35,4,'2022-08-02 18:57:43','2022-08-02 18:57:43'),
	(87,1,1,'2022-08-02 18:57:43','2022-08-02 18:57:43'),
	(88,1,2,'2022-08-02 18:57:43','2022-08-02 18:57:43'),
	(89,1,5,'2022-08-02 18:57:43','2022-08-02 18:57:43'),
	(90,1,3,'2022-08-02 18:57:43','2022-08-02 18:57:43'),
	(91,1,6,'2022-08-02 18:57:43','2022-08-02 18:57:43'),
	(92,20,2,'2022-08-02 18:57:43','2022-08-02 18:57:43'),
	(93,20,3,'2022-08-02 18:57:43','2022-08-02 18:57:43'),
	(94,30,1,'2022-08-02 18:57:43','2022-08-02 18:57:43'),
	(95,30,2,'2022-08-02 18:57:43','2022-08-02 18:57:43'),
	(96,30,3,'2022-08-02 18:57:43','2022-08-02 18:57:43'),
	(97,30,4,'2022-08-02 18:57:43','2022-08-02 18:57:43'),
	(98,30,6,'2022-08-02 18:57:43','2022-08-02 18:57:43'),
	(99,28,1,'2022-08-02 18:57:43','2022-08-02 18:57:43'),
	(100,28,3,'2022-08-02 18:57:43','2022-08-02 18:57:43'),
	(101,36,2,'2022-08-02 18:57:43','2022-08-02 18:57:43'),
	(102,36,5,'2022-08-02 18:57:43','2022-08-02 18:57:43'),
	(103,36,3,'2022-08-02 18:57:43','2022-08-02 18:57:43'),
	(104,36,4,'2022-08-02 18:57:43','2022-08-02 18:57:43'),
	(105,5,1,'2022-08-02 18:57:43','2022-08-02 18:57:43'),
	(106,5,2,'2022-08-02 18:57:43','2022-08-02 18:57:43'),
	(107,5,3,'2022-08-02 18:57:43','2022-08-02 18:57:43'),
	(108,5,6,'2022-08-02 18:57:43','2022-08-02 18:57:43'),
	(109,17,3,'2022-08-02 18:57:43','2022-08-02 18:57:43'),
	(110,17,4,'2022-08-02 18:57:43','2022-08-02 18:57:43'),
	(111,17,6,'2022-08-02 18:57:43','2022-08-02 18:57:43'),
	(112,40,1,'2022-08-02 18:57:43','2022-08-02 18:57:43'),
	(113,40,5,'2022-08-02 18:57:43','2022-08-02 18:57:43'),
	(114,40,4,'2022-08-02 18:57:43','2022-08-02 18:57:43'),
	(115,10,1,'2022-08-02 18:57:43','2022-08-02 18:57:43'),
	(116,10,5,'2022-08-02 18:57:43','2022-08-02 18:57:43'),
	(117,10,3,'2022-08-02 18:57:43','2022-08-02 18:57:43'),
	(118,10,4,'2022-08-02 18:57:43','2022-08-02 18:57:43'),
	(119,10,6,'2022-08-02 18:57:43','2022-08-02 18:57:43'),
	(120,31,3,'2022-08-02 18:57:43','2022-08-02 18:57:43'),
	(121,31,6,'2022-08-02 18:57:43','2022-08-02 18:57:43'),
	(122,21,1,'2022-08-02 18:57:43','2022-08-02 18:57:43'),
	(123,21,2,'2022-08-02 18:57:43','2022-08-02 18:57:43'),
	(124,21,3,'2022-08-02 18:57:43','2022-08-02 18:57:43'),
	(125,33,2,'2022-08-02 18:57:43','2022-08-02 18:57:43'),
	(126,33,5,'2022-08-02 18:57:43','2022-08-02 18:57:43'),
	(127,33,3,'2022-08-02 18:57:43','2022-08-02 18:57:43'),
	(128,33,4,'2022-08-02 18:57:43','2022-08-02 18:57:43'),
	(129,33,6,'2022-08-02 18:57:43','2022-08-02 18:57:43'),
	(130,37,5,'2022-08-02 18:57:43','2022-08-02 18:57:43'),
	(131,37,4,'2022-08-02 18:57:43','2022-08-02 18:57:43'),
	(132,13,1,'2022-08-02 18:57:43','2022-08-02 18:57:43'),
	(133,13,5,'2022-08-02 18:57:43','2022-08-02 18:57:43'),
	(134,13,3,'2022-08-02 18:57:43','2022-08-02 18:57:43'),
	(135,13,4,'2022-08-02 18:57:43','2022-08-02 18:57:43'),
	(136,13,6,'2022-08-02 18:57:43','2022-08-02 18:57:43'),
	(137,11,1,'2022-08-02 18:57:43','2022-08-02 18:57:43'),
	(138,11,5,'2022-08-02 18:57:43','2022-08-02 18:57:43'),
	(139,11,3,'2022-08-02 18:57:43','2022-08-02 18:57:43'),
	(140,11,4,'2022-08-02 18:57:43','2022-08-02 18:57:43'),
	(141,23,1,'2022-08-02 18:57:43','2022-08-02 18:57:43'),
	(142,23,3,'2022-08-02 18:57:43','2022-08-02 18:57:43'),
	(143,23,4,'2022-08-02 18:57:43','2022-08-02 18:57:43'),
	(144,6,2,'2022-08-02 18:57:43','2022-08-02 18:57:43'),
	(145,6,3,'2022-08-02 18:57:43','2022-08-02 18:57:43'),
	(146,6,6,'2022-08-02 18:57:43','2022-08-02 18:57:43');

/*!40000 ALTER TABLE `attribute_categories` ENABLE KEYS */;


# Dump of table attribute_inventory
# ------------------------------------------------------------

DROP TABLE IF EXISTS `attribute_inventory`;

CREATE TABLE `attribute_inventory` (
  `attribute_id` int(10) unsigned NOT NULL,
  `inventory_id` bigint(20) unsigned NOT NULL,
  `attribute_value_id` int(10) unsigned NOT NULL,
  `created_at` timestamp NULL DEFAULT NULL,
  `updated_at` timestamp NULL DEFAULT NULL,
  KEY `attribute_inventory_attribute_id_index` (`attribute_id`),
  KEY `attribute_inventory_inventory_id_index` (`inventory_id`),
  KEY `attribute_inventory_attribute_value_id_index` (`attribute_value_id`),
  CONSTRAINT `attribute_inventory_attribute_id_foreign` FOREIGN KEY (`attribute_id`) REFERENCES `attributes` (`id`) ON DELETE CASCADE,
  CONSTRAINT `attribute_inventory_attribute_value_id_foreign` FOREIGN KEY (`attribute_value_id`) REFERENCES `attribute_values` (`id`) ON DELETE CASCADE,
  CONSTRAINT `attribute_inventory_inventory_id_foreign` FOREIGN KEY (`inventory_id`) REFERENCES `inventories` (`id`) ON DELETE CASCADE
) ENGINE=InnoDB DEFAULT CHARSET=utf8mb3 COLLATE=utf8mb3_unicode_ci;

/*!40000 ALTER TABLE `attribute_inventory` DISABLE KEYS */;

INSERT INTO `attribute_inventory` (`attribute_id`, `inventory_id`, `attribute_value_id`, `created_at`, `updated_at`)
VALUES
	(1,78,4,'2022-08-02 18:57:43','2022-08-02 18:57:43'),
	(2,101,30,'2022-08-02 18:57:43','2022-08-02 18:57:43'),
	(3,40,25,'2022-08-02 18:57:43','2022-08-02 18:57:43'),
	(4,69,15,'2022-08-02 18:57:43','2022-08-02 18:57:43'),
	(6,99,10,'2022-08-02 18:57:43','2022-08-02 18:57:43'),
	(1,57,12,'2022-08-02 18:57:43','2022-08-02 18:57:43'),
	(2,85,9,'2022-08-02 18:57:43','2022-08-02 18:57:43'),
	(4,22,23,'2022-08-02 18:57:43','2022-08-02 18:57:43'),
	(1,66,20,'2022-08-02 18:57:43','2022-08-02 18:57:43'),
	(2,28,9,'2022-08-02 18:57:43','2022-08-02 18:57:43'),
	(3,18,25,'2022-08-02 18:57:43','2022-08-02 18:57:43'),
	(4,97,1,'2022-08-02 18:57:43','2022-08-02 18:57:43'),
	(6,30,16,'2022-08-02 18:57:43','2022-08-02 18:57:43'),
	(2,28,9,'2022-08-02 18:57:43','2022-08-02 18:57:43'),
	(3,45,18,'2022-08-02 18:57:43','2022-08-02 18:57:43'),
	(1,2,20,'2022-08-02 18:57:43','2022-08-02 18:57:43'),
	(2,51,3,'2022-08-02 18:57:43','2022-08-02 18:57:43'),
	(2,65,3,'2022-08-02 18:57:43','2022-08-02 18:57:43'),
	(5,13,17,'2022-08-02 18:57:43','2022-08-02 18:57:43'),
	(3,79,19,'2022-08-02 18:57:43','2022-08-02 18:57:43'),
	(6,44,10,'2022-08-02 18:57:43','2022-08-02 18:57:43'),
	(4,9,22,'2022-08-02 18:57:43','2022-08-02 18:57:43'),
	(6,63,10,'2022-08-02 18:57:43','2022-08-02 18:57:43'),
	(2,19,3,'2022-08-02 18:57:43','2022-08-02 18:57:43'),
	(5,49,11,'2022-08-02 18:57:43','2022-08-02 18:57:43'),
	(3,24,25,'2022-08-02 18:57:43','2022-08-02 18:57:43'),
	(4,36,6,'2022-08-02 18:57:43','2022-08-02 18:57:43'),
	(6,58,13,'2022-08-02 18:57:43','2022-08-02 18:57:43'),
	(1,6,4,'2022-08-02 18:57:43','2022-08-02 18:57:43'),
	(5,88,7,'2022-08-02 18:57:43','2022-08-02 18:57:43'),
	(4,107,6,'2022-08-02 18:57:43','2022-08-02 18:57:43'),
	(6,14,10,'2022-08-02 18:57:43','2022-08-02 18:57:43'),
	(5,16,7,'2022-08-02 18:57:43','2022-08-02 18:57:43'),
	(4,96,1,'2022-08-02 18:57:43','2022-08-02 18:57:43'),
	(6,90,10,'2022-08-02 18:57:43','2022-08-02 18:57:43'),
	(5,36,29,'2022-08-02 18:57:43','2022-08-02 18:57:43'),
	(3,44,8,'2022-08-02 18:57:43','2022-08-02 18:57:43'),
	(4,61,22,'2022-08-02 18:57:43','2022-08-02 18:57:43'),
	(6,24,24,'2022-08-02 18:57:43','2022-08-02 18:57:43'),
	(1,38,12,'2022-08-02 18:57:43','2022-08-02 18:57:43'),
	(2,34,3,'2022-08-02 18:57:43','2022-08-02 18:57:43'),
	(5,48,5,'2022-08-02 18:57:43','2022-08-02 18:57:43'),
	(4,90,1,'2022-08-02 18:57:43','2022-08-02 18:57:43'),
	(6,56,13,'2022-08-02 18:57:43','2022-08-02 18:57:43'),
	(2,35,28,'2022-08-02 18:57:43','2022-08-02 18:57:43'),
	(4,33,6,'2022-08-02 18:57:43','2022-08-02 18:57:43'),
	(6,82,13,'2022-08-02 18:57:43','2022-08-02 18:57:43'),
	(1,85,12,'2022-08-02 18:57:43','2022-08-02 18:57:43'),
	(2,47,9,'2022-08-02 18:57:43','2022-08-02 18:57:43'),
	(1,48,12,'2022-08-02 18:57:43','2022-08-02 18:57:43'),
	(2,104,28,'2022-08-02 18:57:43','2022-08-02 18:57:43'),
	(5,40,29,'2022-08-02 18:57:43','2022-08-02 18:57:43'),
	(4,90,6,'2022-08-02 18:57:43','2022-08-02 18:57:43'),
	(6,78,24,'2022-08-02 18:57:43','2022-08-02 18:57:43'),
	(5,75,7,'2022-08-02 18:57:43','2022-08-02 18:57:43'),
	(3,83,18,'2022-08-02 18:57:43','2022-08-02 18:57:43'),
	(4,38,15,'2022-08-02 18:57:43','2022-08-02 18:57:43'),
	(6,97,16,'2022-08-02 18:57:43','2022-08-02 18:57:43'),
	(1,91,4,'2022-08-02 18:57:43','2022-08-02 18:57:43'),
	(2,74,30,'2022-08-02 18:57:43','2022-08-02 18:57:43'),
	(5,104,29,'2022-08-02 18:57:43','2022-08-02 18:57:43'),
	(4,29,15,'2022-08-02 18:57:43','2022-08-02 18:57:43'),
	(6,3,13,'2022-08-02 18:57:43','2022-08-02 18:57:43'),
	(1,63,4,'2022-08-02 18:57:43','2022-08-02 18:57:43'),
	(2,5,9,'2022-08-02 18:57:43','2022-08-02 18:57:43'),
	(4,35,23,'2022-08-02 18:57:43','2022-08-02 18:57:43'),
	(6,14,16,'2022-08-02 18:57:43','2022-08-02 18:57:43'),
	(1,47,20,'2022-08-02 18:57:43','2022-08-02 18:57:43'),
	(2,36,21,'2022-08-02 18:57:43','2022-08-02 18:57:43'),
	(5,91,26,'2022-08-02 18:57:43','2022-08-02 18:57:43'),
	(2,23,21,'2022-08-02 18:57:43','2022-08-02 18:57:43'),
	(5,48,14,'2022-08-02 18:57:43','2022-08-02 18:57:43'),
	(3,28,25,'2022-08-02 18:57:43','2022-08-02 18:57:43'),
	(6,35,24,'2022-08-02 18:57:43','2022-08-02 18:57:43'),
	(1,107,12,'2022-08-02 18:57:43','2022-08-02 18:57:43'),
	(2,105,9,'2022-08-02 18:57:43','2022-08-02 18:57:43'),
	(4,37,22,'2022-08-02 18:57:43','2022-08-02 18:57:43'),
	(6,31,2,'2022-08-02 18:57:43','2022-08-02 18:57:43'),
	(1,32,4,'2022-08-02 18:57:43','2022-08-02 18:57:43'),
	(2,31,9,'2022-08-02 18:57:43','2022-08-02 18:57:43'),
	(5,40,5,'2022-08-02 18:57:43','2022-08-02 18:57:43'),
	(6,107,27,'2022-08-02 18:57:43','2022-08-02 18:57:43'),
	(2,22,3,'2022-08-02 18:57:43','2022-08-02 18:57:43'),
	(5,76,5,'2022-08-02 18:57:43','2022-08-02 18:57:43'),
	(3,90,8,'2022-08-02 18:57:43','2022-08-02 18:57:43'),
	(4,65,23,'2022-08-02 18:57:43','2022-08-02 18:57:43'),
	(1,87,4,'2022-08-02 18:57:43','2022-08-02 18:57:43'),
	(2,50,3,'2022-08-02 18:57:43','2022-08-02 18:57:43'),
	(5,74,17,'2022-08-02 18:57:43','2022-08-02 18:57:43'),
	(3,95,8,'2022-08-02 18:57:43','2022-08-02 18:57:43'),
	(6,35,10,'2022-08-02 18:57:43','2022-08-02 18:57:43'),
	(2,66,28,'2022-08-02 18:57:43','2022-08-02 18:57:43'),
	(3,37,19,'2022-08-02 18:57:43','2022-08-02 18:57:43'),
	(1,17,4,'2022-08-02 18:57:43','2022-08-02 18:57:43'),
	(2,67,28,'2022-08-02 18:57:43','2022-08-02 18:57:43'),
	(3,13,25,'2022-08-02 18:57:43','2022-08-02 18:57:43'),
	(4,3,6,'2022-08-02 18:57:43','2022-08-02 18:57:43'),
	(6,7,2,'2022-08-02 18:57:43','2022-08-02 18:57:43'),
	(1,46,20,'2022-08-02 18:57:43','2022-08-02 18:57:43'),
	(3,54,19,'2022-08-02 18:57:43','2022-08-02 18:57:43'),
	(2,48,21,'2022-08-02 18:57:43','2022-08-02 18:57:43'),
	(5,13,14,'2022-08-02 18:57:43','2022-08-02 18:57:43'),
	(3,80,25,'2022-08-02 18:57:43','2022-08-02 18:57:43'),
	(4,15,6,'2022-08-02 18:57:43','2022-08-02 18:57:43'),
	(1,83,20,'2022-08-02 18:57:43','2022-08-02 18:57:43'),
	(2,36,3,'2022-08-02 18:57:43','2022-08-02 18:57:43'),
	(3,58,18,'2022-08-02 18:57:43','2022-08-02 18:57:43'),
	(6,107,27,'2022-08-02 18:57:43','2022-08-02 18:57:43'),
	(3,29,18,'2022-08-02 18:57:43','2022-08-02 18:57:43'),
	(4,106,1,'2022-08-02 18:57:43','2022-08-02 18:57:43'),
	(6,39,27,'2022-08-02 18:57:43','2022-08-02 18:57:43'),
	(1,83,4,'2022-08-02 18:57:43','2022-08-02 18:57:43'),
	(5,11,26,'2022-08-02 18:57:43','2022-08-02 18:57:43'),
	(4,83,6,'2022-08-02 18:57:43','2022-08-02 18:57:43'),
	(1,102,12,'2022-08-02 18:57:43','2022-08-02 18:57:43'),
	(5,81,14,'2022-08-02 18:57:43','2022-08-02 18:57:43'),
	(3,82,19,'2022-08-02 18:57:43','2022-08-02 18:57:43'),
	(4,43,23,'2022-08-02 18:57:43','2022-08-02 18:57:43'),
	(6,14,13,'2022-08-02 18:57:43','2022-08-02 18:57:43'),
	(3,29,18,'2022-08-02 18:57:43','2022-08-02 18:57:43'),
	(6,77,27,'2022-08-02 18:57:43','2022-08-02 18:57:43'),
	(1,86,12,'2022-08-02 18:57:43','2022-08-02 18:57:43'),
	(2,8,9,'2022-08-02 18:57:43','2022-08-02 18:57:43'),
	(3,90,8,'2022-08-02 18:57:43','2022-08-02 18:57:43'),
	(2,57,28,'2022-08-02 18:57:43','2022-08-02 18:57:43'),
	(5,10,29,'2022-08-02 18:57:43','2022-08-02 18:57:43'),
	(3,94,8,'2022-08-02 18:57:43','2022-08-02 18:57:43'),
	(4,44,15,'2022-08-02 18:57:43','2022-08-02 18:57:43'),
	(6,11,27,'2022-08-02 18:57:43','2022-08-02 18:57:43'),
	(5,24,5,'2022-08-02 18:57:43','2022-08-02 18:57:43'),
	(4,48,22,'2022-08-02 18:57:43','2022-08-02 18:57:43'),
	(1,100,20,'2022-08-02 18:57:43','2022-08-02 18:57:43'),
	(5,68,14,'2022-08-02 18:57:43','2022-08-02 18:57:43'),
	(3,24,8,'2022-08-02 18:57:43','2022-08-02 18:57:43'),
	(4,60,23,'2022-08-02 18:57:43','2022-08-02 18:57:43'),
	(6,69,27,'2022-08-02 18:57:43','2022-08-02 18:57:43'),
	(1,35,4,'2022-08-02 18:57:43','2022-08-02 18:57:43'),
	(5,36,29,'2022-08-02 18:57:43','2022-08-02 18:57:43'),
	(3,3,25,'2022-08-02 18:57:43','2022-08-02 18:57:43'),
	(4,90,6,'2022-08-02 18:57:43','2022-08-02 18:57:43'),
	(1,2,4,'2022-08-02 18:57:43','2022-08-02 18:57:43'),
	(3,39,25,'2022-08-02 18:57:43','2022-08-02 18:57:43'),
	(4,105,23,'2022-08-02 18:57:43','2022-08-02 18:57:43'),
	(2,45,9,'2022-08-02 18:57:43','2022-08-02 18:57:43'),
	(3,78,25,'2022-08-02 18:57:43','2022-08-02 18:57:43'),
	(6,18,2,'2022-08-02 18:57:43','2022-08-02 18:57:43');

/*!40000 ALTER TABLE `attribute_inventory` ENABLE KEYS */;


# Dump of table attribute_types
# ------------------------------------------------------------

DROP TABLE IF EXISTS `attribute_types`;

CREATE TABLE `attribute_types` (
  `id` int(10) unsigned NOT NULL AUTO_INCREMENT,
  `type` varchar(100) COLLATE utf8mb3_unicode_ci NOT NULL,
  PRIMARY KEY (`id`),
  UNIQUE KEY `attribute_types_type_unique` (`type`)
) ENGINE=InnoDB DEFAULT CHARSET=utf8mb3 COLLATE=utf8mb3_unicode_ci;

/*!40000 ALTER TABLE `attribute_types` DISABLE KEYS */;

INSERT INTO `attribute_types` (`id`, `type`)
VALUES
	(1,'Color/Pattern'),
	(2,'Radio'),
	(3,'Select');

/*!40000 ALTER TABLE `attribute_types` ENABLE KEYS */;


# Dump of table attribute_values
# ------------------------------------------------------------

DROP TABLE IF EXISTS `attribute_values`;

CREATE TABLE `attribute_values` (
  `id` int(10) unsigned NOT NULL AUTO_INCREMENT,
  `shop_id` int(10) unsigned DEFAULT NULL,
  `value` varchar(100) COLLATE utf8mb3_unicode_ci DEFAULT NULL,
  `color` varchar(20) COLLATE utf8mb3_unicode_ci DEFAULT NULL,
  `attribute_id` int(10) unsigned NOT NULL,
  `order` int(11) DEFAULT NULL,
  `deleted_at` timestamp NULL DEFAULT NULL,
  `created_at` timestamp NULL DEFAULT NULL,
  `updated_at` timestamp NULL DEFAULT NULL,
  PRIMARY KEY (`id`),
  KEY `attribute_values_attribute_id_foreign` (`attribute_id`),
  CONSTRAINT `attribute_values_attribute_id_foreign` FOREIGN KEY (`attribute_id`) REFERENCES `attributes` (`id`) ON DELETE CASCADE
) ENGINE=InnoDB DEFAULT CHARSET=utf8mb3 COLLATE=utf8mb3_unicode_ci;

/*!40000 ALTER TABLE `attribute_values` DISABLE KEYS */;

INSERT INTO `attribute_values` (`id`, `shop_id`, `value`, `color`, `attribute_id`, `order`, `deleted_at`, `created_at`, `updated_at`)
VALUES
	(1,NULL,'nisi','#a18280',4,1,NULL,'2022-08-02 18:57:47','2022-08-02 18:57:47'),
	(2,4,'quisquam','#d23841',6,6,NULL,'2022-08-02 18:57:47','2022-08-02 18:57:47'),
	(3,5,'eius','#8a1909',2,4,NULL,'2022-08-02 18:57:47','2022-08-02 18:57:47'),
	(4,NULL,'quisquam','#ba6ed5',1,3,NULL,'2022-08-02 18:57:47','2022-08-02 18:57:47'),
	(5,2,'iste','#5cd553',5,6,NULL,'2022-08-02 18:57:47','2022-08-02 18:57:47'),
	(6,5,'ut','#756b28',4,1,NULL,'2022-08-02 18:57:47','2022-08-02 18:57:47'),
	(7,NULL,'eos','#948080',5,0,NULL,'2022-08-02 18:57:47','2022-08-02 18:57:47'),
	(8,3,'est','#c03a11',3,2,NULL,'2022-08-02 18:57:47','2022-08-02 18:57:47'),
	(9,2,'hic','#84fb0f',2,9,NULL,'2022-08-02 18:57:47','2022-08-02 18:57:47'),
	(10,NULL,'quo','#e423ea',6,9,NULL,'2022-08-02 18:57:47','2022-08-02 18:57:47'),
	(11,NULL,'id','#880b38',5,0,NULL,'2022-08-02 18:57:47','2022-08-02 18:57:47'),
	(12,2,'repudiandae','#701799',1,7,NULL,'2022-08-02 18:57:47','2022-08-02 18:57:47'),
	(13,3,'sint','#0c3a96',6,8,NULL,'2022-08-02 18:57:47','2022-08-02 18:57:47'),
	(14,NULL,'totam','#e118a4',5,5,NULL,'2022-08-02 18:57:47','2022-08-02 18:57:47'),
	(15,5,'sint','#a33d9d',4,8,NULL,'2022-08-02 18:57:47','2022-08-02 18:57:47'),
	(16,2,'qui','#9ac904',6,2,NULL,'2022-08-02 18:57:47','2022-08-02 18:57:47'),
	(17,4,'optio','#c847b8',5,4,NULL,'2022-08-02 18:57:47','2022-08-02 18:57:47'),
	(18,3,'atque','#d37abb',3,5,NULL,'2022-08-02 18:57:47','2022-08-02 18:57:47'),
	(19,NULL,'aperiam','#f48730',3,1,NULL,'2022-08-02 18:57:47','2022-08-02 18:57:47'),
	(20,NULL,'id','#9c222a',1,9,NULL,'2022-08-02 18:57:47','2022-08-02 18:57:47'),
	(21,4,'fuga','#ae6ffe',2,0,NULL,'2022-08-02 18:57:47','2022-08-02 18:57:47'),
	(22,2,'aut','#ced7e6',4,5,NULL,'2022-08-02 18:57:47','2022-08-02 18:57:47'),
	(23,3,'omnis','#22dcca',4,5,NULL,'2022-08-02 18:57:47','2022-08-02 18:57:47'),
	(24,2,'est','#e1dd74',6,1,NULL,'2022-08-02 18:57:47','2022-08-02 18:57:47'),
	(25,NULL,'rem','#57cf6c',3,2,NULL,'2022-08-02 18:57:47','2022-08-02 18:57:47'),
	(26,5,'neque','#194ef7',5,4,NULL,'2022-08-02 18:57:47','2022-08-02 18:57:47'),
	(27,NULL,'asperiores','#b6eaa4',6,6,NULL,'2022-08-02 18:57:47','2022-08-02 18:57:47'),
	(28,5,'explicabo','#8fc8e7',2,3,NULL,'2022-08-02 18:57:47','2022-08-02 18:57:47'),
	(29,5,'atque','#5e51eb',5,4,NULL,'2022-08-02 18:57:47','2022-08-02 18:57:47'),
	(30,NULL,'quaerat','#15dea8',2,6,NULL,'2022-08-02 18:57:47','2022-08-02 18:57:47');

/*!40000 ALTER TABLE `attribute_values` ENABLE KEYS */;


# Dump of table attributes
# ------------------------------------------------------------

DROP TABLE IF EXISTS `attributes`;

CREATE TABLE `attributes` (
  `id` int(10) unsigned NOT NULL AUTO_INCREMENT,
  `shop_id` int(10) unsigned DEFAULT NULL,
  `name` varchar(100) COLLATE utf8mb3_unicode_ci DEFAULT NULL,
  `attribute_type_id` int(10) unsigned DEFAULT NULL,
  `order` int(11) DEFAULT NULL,
  `deleted_at` timestamp NULL DEFAULT NULL,
  `created_at` timestamp NULL DEFAULT NULL,
  `updated_at` timestamp NULL DEFAULT NULL,
  PRIMARY KEY (`id`),
  KEY `attributes_attribute_type_id_foreign` (`attribute_type_id`),
  CONSTRAINT `attributes_attribute_type_id_foreign` FOREIGN KEY (`attribute_type_id`) REFERENCES `attribute_types` (`id`) ON DELETE SET NULL
) ENGINE=InnoDB DEFAULT CHARSET=utf8mb3 COLLATE=utf8mb3_unicode_ci;

/*!40000 ALTER TABLE `attributes` DISABLE KEYS */;

INSERT INTO `attributes` (`id`, `shop_id`, `name`, `attribute_type_id`, `order`, `deleted_at`, `created_at`, `updated_at`)
VALUES
	(1,NULL,'Color',1,0,NULL,'2022-08-02 18:57:43','2022-08-02 18:57:43'),
	(2,NULL,'Pattern',1,1,NULL,'2022-08-02 18:57:43','2022-08-02 18:57:43'),
	(3,NULL,'Size',3,2,NULL,'2022-08-02 18:57:43','2022-08-02 18:57:43'),
	(4,NULL,'Style',3,3,NULL,'2022-08-02 18:57:43','2022-08-02 18:57:43'),
	(5,NULL,'Gender',2,4,NULL,'2022-08-02 18:57:43','2022-08-02 18:57:43'),
	(6,NULL,'Format',3,5,NULL,'2022-08-02 18:57:43','2022-08-02 18:57:43');

/*!40000 ALTER TABLE `attributes` ENABLE KEYS */;


# Dump of table avg_feedback
# ------------------------------------------------------------

DROP TABLE IF EXISTS `avg_feedback`;

CREATE TABLE `avg_feedback` (
  `id` bigint(20) unsigned NOT NULL AUTO_INCREMENT,
  `rating` tinyint(4) DEFAULT NULL,
  `count` bigint(20) unsigned DEFAULT NULL,
  `feedbackable_id` bigint(20) unsigned NOT NULL,
  `feedbackable_type` varchar(255) COLLATE utf8mb3_unicode_ci NOT NULL,
  `created_at` timestamp NULL DEFAULT NULL,
  `updated_at` timestamp NULL DEFAULT NULL,
  PRIMARY KEY (`id`)
) ENGINE=InnoDB DEFAULT CHARSET=utf8mb3 COLLATE=utf8mb3_unicode_ci;

/*!40000 ALTER TABLE `avg_feedback` DISABLE KEYS */;

INSERT INTO `avg_feedback` (`id`, `rating`, `count`, `feedbackable_id`, `feedbackable_type`, `created_at`, `updated_at`)
VALUES
	(1,2,1,1,'App\\Models\\Inventory','2022-08-02 18:57:52','2022-08-02 18:57:52'),
	(2,4,2,2,'App\\Models\\Inventory','2022-08-02 18:57:52','2022-08-02 18:57:52'),
	(3,4,1,4,'App\\Models\\Inventory','2022-08-02 18:57:52','2022-08-02 18:57:52'),
	(4,1,1,7,'App\\Models\\Inventory','2022-08-02 18:57:52','2022-08-02 18:57:52'),
	(5,1,1,11,'App\\Models\\Inventory','2022-08-02 18:57:52','2022-08-02 18:57:52'),
	(6,3,2,13,'App\\Models\\Inventory','2022-08-02 18:57:52','2022-08-02 18:57:52'),
	(7,1,2,14,'App\\Models\\Inventory','2022-08-02 18:57:52','2022-08-02 18:57:52'),
	(8,3,1,16,'App\\Models\\Inventory','2022-08-02 18:57:52','2022-08-02 18:57:52'),
	(9,4,4,17,'App\\Models\\Inventory','2022-08-02 18:57:52','2022-08-02 18:57:52'),
	(10,4,1,19,'App\\Models\\Inventory','2022-08-02 18:57:52','2022-08-02 18:57:52'),
	(11,1,1,21,'App\\Models\\Inventory','2022-08-02 18:57:52','2022-08-02 18:57:52'),
	(12,2,1,22,'App\\Models\\Inventory','2022-08-02 18:57:52','2022-08-02 18:57:52'),
	(13,5,1,26,'App\\Models\\Inventory','2022-08-02 18:57:52','2022-08-02 18:57:52'),
	(14,2,2,30,'App\\Models\\Inventory','2022-08-02 18:57:52','2022-08-02 18:57:52'),
	(15,2,1,32,'App\\Models\\Inventory','2022-08-02 18:57:52','2022-08-02 18:57:52'),
	(16,4,1,33,'App\\Models\\Inventory','2022-08-02 18:57:52','2022-08-02 18:57:52'),
	(17,3,1,34,'App\\Models\\Inventory','2022-08-02 18:57:52','2022-08-02 18:57:52'),
	(18,2,2,35,'App\\Models\\Inventory','2022-08-02 18:57:52','2022-08-02 18:57:52'),
	(19,5,1,39,'App\\Models\\Inventory','2022-08-02 18:57:52','2022-08-02 18:57:52'),
	(20,4,1,40,'App\\Models\\Inventory','2022-08-02 18:57:52','2022-08-02 18:57:52'),
	(21,3,1,41,'App\\Models\\Inventory','2022-08-02 18:57:52','2022-08-02 18:57:52'),
	(22,4,1,45,'App\\Models\\Inventory','2022-08-02 18:57:52','2022-08-02 18:57:52'),
	(23,1,3,47,'App\\Models\\Inventory','2022-08-02 18:57:52','2022-08-02 18:57:52'),
	(24,3,3,48,'App\\Models\\Inventory','2022-08-02 18:57:52','2022-08-02 18:57:52'),
	(25,3,2,51,'App\\Models\\Inventory','2022-08-02 18:57:52','2022-08-02 18:57:52'),
	(26,3,2,53,'App\\Models\\Inventory','2022-08-02 18:57:52','2022-08-02 18:57:52'),
	(27,2,3,55,'App\\Models\\Inventory','2022-08-02 18:57:52','2022-08-02 18:57:52'),
	(28,1,1,56,'App\\Models\\Inventory','2022-08-02 18:57:52','2022-08-02 18:57:52'),
	(29,1,1,61,'App\\Models\\Inventory','2022-08-02 18:57:52','2022-08-02 18:57:52'),
	(30,4,1,63,'App\\Models\\Inventory','2022-08-02 18:57:52','2022-08-02 18:57:52'),
	(31,5,1,65,'App\\Models\\Inventory','2022-08-02 18:57:52','2022-08-02 18:57:52'),
	(32,5,1,67,'App\\Models\\Inventory','2022-08-02 18:57:52','2022-08-02 18:57:52'),
	(33,3,1,70,'App\\Models\\Inventory','2022-08-02 18:57:52','2022-08-02 18:57:52'),
	(34,2,1,71,'App\\Models\\Inventory','2022-08-02 18:57:52','2022-08-02 18:57:52'),
	(35,1,1,72,'App\\Models\\Inventory','2022-08-02 18:57:52','2022-08-02 18:57:52'),
	(36,4,2,73,'App\\Models\\Inventory','2022-08-02 18:57:52','2022-08-02 18:57:52'),
	(37,1,1,74,'App\\Models\\Inventory','2022-08-02 18:57:52','2022-08-02 18:57:52'),
	(38,5,2,75,'App\\Models\\Inventory','2022-08-02 18:57:52','2022-08-02 18:57:52'),
	(39,5,1,77,'App\\Models\\Inventory','2022-08-02 18:57:52','2022-08-02 18:57:52'),
	(40,5,2,81,'App\\Models\\Inventory','2022-08-02 18:57:52','2022-08-02 18:57:52'),
	(41,4,1,83,'App\\Models\\Inventory','2022-08-02 18:57:52','2022-08-02 18:57:52'),
	(42,1,1,84,'App\\Models\\Inventory','2022-08-02 18:57:52','2022-08-02 18:57:52'),
	(43,3,2,86,'App\\Models\\Inventory','2022-08-02 18:57:52','2022-08-02 18:57:52'),
	(44,5,1,87,'App\\Models\\Inventory','2022-08-02 18:57:52','2022-08-02 18:57:52'),
	(45,5,1,89,'App\\Models\\Inventory','2022-08-02 18:57:52','2022-08-02 18:57:52'),
	(46,2,2,90,'App\\Models\\Inventory','2022-08-02 18:57:52','2022-08-02 18:57:52'),
	(47,2,2,91,'App\\Models\\Inventory','2022-08-02 18:57:52','2022-08-02 18:57:52'),
	(48,2,1,92,'App\\Models\\Inventory','2022-08-02 18:57:52','2022-08-02 18:57:52'),
	(49,5,1,93,'App\\Models\\Inventory','2022-08-02 18:57:52','2022-08-02 18:57:52'),
	(50,4,1,94,'App\\Models\\Inventory','2022-08-02 18:57:52','2022-08-02 18:57:52'),
	(51,5,1,99,'App\\Models\\Inventory','2022-08-02 18:57:52','2022-08-02 18:57:52'),
	(52,4,3,104,'App\\Models\\Inventory','2022-08-02 18:57:52','2022-08-02 18:57:52'),
	(53,4,3,105,'App\\Models\\Inventory','2022-08-02 18:57:52','2022-08-02 18:57:52'),
	(54,4,1,106,'App\\Models\\Inventory','2022-08-02 18:57:52','2022-08-02 18:57:52'),
	(55,4,10,1,'App\\Models\\Shop','2022-08-02 18:57:52','2022-08-02 18:57:52'),
	(56,3,19,2,'App\\Models\\Shop','2022-08-02 18:57:52','2022-08-02 18:57:52'),
	(57,3,14,3,'App\\Models\\Shop','2022-08-02 18:57:52','2022-08-02 18:57:52'),
	(58,4,14,4,'App\\Models\\Shop','2022-08-02 18:57:52','2022-08-02 18:57:52'),
	(59,2,13,5,'App\\Models\\Shop','2022-08-02 18:57:52','2022-08-02 18:57:52');

/*!40000 ALTER TABLE `avg_feedback` ENABLE KEYS */;


# Dump of table banner_groups
# ------------------------------------------------------------

DROP TABLE IF EXISTS `banner_groups`;

CREATE TABLE `banner_groups` (
  `id` varchar(255) COLLATE utf8mb3_unicode_ci NOT NULL,
  `name` varchar(255) COLLATE utf8mb3_unicode_ci NOT NULL,
  UNIQUE KEY `banner_groups_id_unique` (`id`),
  UNIQUE KEY `banner_groups_name_unique` (`name`)
) ENGINE=InnoDB DEFAULT CHARSET=utf8mb3 COLLATE=utf8mb3_unicode_ci;

/*!40000 ALTER TABLE `banner_groups` DISABLE KEYS */;

INSERT INTO `banner_groups` (`id`, `name`)
VALUES
	('group_1','Group 1'),
	('group_2','Group 2'),
	('group_3','Group 3'),
	('group_4','Group 4'),
	('group_5','Group 5'),
	('group_6','Group 6');

/*!40000 ALTER TABLE `banner_groups` ENABLE KEYS */;


# Dump of table banners
# ------------------------------------------------------------

DROP TABLE IF EXISTS `banners`;

CREATE TABLE `banners` (
  `id` int(10) unsigned NOT NULL AUTO_INCREMENT,
  `title` varchar(255) COLLATE utf8mb3_unicode_ci DEFAULT NULL,
  `description` varchar(255) COLLATE utf8mb3_unicode_ci DEFAULT NULL,
  `link` text COLLATE utf8mb3_unicode_ci DEFAULT NULL,
  `link_label` varchar(100) COLLATE utf8mb3_unicode_ci DEFAULT NULL,
  `bg_color` varchar(20) COLLATE utf8mb3_unicode_ci DEFAULT NULL,
  `group_id` varchar(255) COLLATE utf8mb3_unicode_ci DEFAULT NULL,
  `columns` int(11) DEFAULT 12,
  `order` int(11) DEFAULT 100,
  `effect` tinyint(4) NOT NULL DEFAULT 0,
  `created_at` timestamp NULL DEFAULT NULL,
  `updated_at` timestamp NULL DEFAULT NULL,
  PRIMARY KEY (`id`)
) ENGINE=InnoDB DEFAULT CHARSET=utf8mb3 COLLATE=utf8mb3_unicode_ci;

/*!40000 ALTER TABLE `banners` DISABLE KEYS */;

INSERT INTO `banners` (`id`, `title`, `description`, `link`, `link_label`, `bg_color`, `group_id`, `columns`, `order`, `effect`, `created_at`, `updated_at`)
VALUES
	(1,'Year end SALE!','57% off today! + free shipping','/category/laboriosam-ratione-necessitatibus-voluptates','Shop Now','#07381c','group_1',4,100,1,'2022-08-02 18:57:51','2022-08-02 18:57:51'),
	(2,'Knockout offers!','','/category/officia-quia-numquam-dicta-qui-qui-sit-consequatur','Shop Now','#026703','group_1',4,100,1,'2022-08-02 18:57:51','2022-08-02 18:57:51'),
	(3,'Year end SALE!','79% off today!','/category/mobile','Shop Now','#0d5f83','group_1',4,100,1,'2022-08-02 18:57:51','2022-08-02 18:57:51'),
	(4,'80% Off!','Flat 30% off','/category/necessitatibus-rerum-architecto-aut','Shop Now','#e70fe4','group_2',6,100,0,'2022-08-02 18:57:51','2022-08-02 18:57:51'),
	(5,'80% Off!','','/category/saepe-ipsam-id-consectetur-accusantium','Shop Now','#784935','group_2',6,100,0,'2022-08-02 18:57:51','2022-08-02 18:57:51'),
	(6,'Save up to 40%','Flat 58% off','/category/iusto-omnis-aperiam-numquam-laboriosam-cupiditate','Shop Now','#4129e1','group_4',6,100,0,'2022-08-02 18:57:51','2022-08-02 18:57:51'),
	(7,'Free shipping','48% off today! + free shipping','/category/quibusdam-omnis-rerum-animi-velit-eveniet-sint-in','Shop Now','#05481a','group_4',6,100,0,'2022-08-02 18:57:51','2022-08-02 18:57:51'),
	(8,'Black Friday Deals!','Up to 54% off + free shipping','/category/mobile','Shop Now','#2b9f00','group_5',12,100,0,'2022-08-02 18:57:51','2022-08-02 18:57:51'),
	(9,'Year end SALE!','Don\'t miss out!','/category/et-molestias-non-odio-repudiandae-ullam-tempora','Shop Now','#8f160a','group_6',6,100,1,'2022-08-02 18:57:51','2022-08-02 18:57:51'),
	(10,'Everyday essentials deals','Flat 51% off','/category/mobile','Shop Now','#a8df8a','group_6',6,100,1,'2022-08-02 18:57:51','2022-08-02 18:57:51');

/*!40000 ALTER TABLE `banners` ENABLE KEYS */;


# Dump of table blog_comments
# ------------------------------------------------------------

DROP TABLE IF EXISTS `blog_comments`;

CREATE TABLE `blog_comments` (
  `id` int(10) unsigned NOT NULL AUTO_INCREMENT,
  `content` longtext COLLATE utf8mb3_unicode_ci NOT NULL,
  `blog_id` int(10) unsigned NOT NULL,
  `user_id` bigint(20) unsigned NOT NULL,
  `parent` int(10) unsigned DEFAULT NULL,
  `approved` tinyint(1) NOT NULL DEFAULT 1,
  `likes` int(10) unsigned NOT NULL DEFAULT 0,
  `dislikes` int(10) unsigned NOT NULL DEFAULT 0,
  `deleted_at` timestamp NULL DEFAULT NULL,
  `created_at` timestamp NULL DEFAULT NULL,
  `updated_at` timestamp NULL DEFAULT NULL,
  PRIMARY KEY (`id`),
  KEY `blog_comments_blog_id_foreign` (`blog_id`),
  KEY `blog_comments_user_id_foreign` (`user_id`),
  CONSTRAINT `blog_comments_blog_id_foreign` FOREIGN KEY (`blog_id`) REFERENCES `blogs` (`id`) ON DELETE CASCADE,
  CONSTRAINT `blog_comments_user_id_foreign` FOREIGN KEY (`user_id`) REFERENCES `users` (`id`) ON DELETE CASCADE
) ENGINE=InnoDB DEFAULT CHARSET=utf8mb3 COLLATE=utf8mb3_unicode_ci;

/*!40000 ALTER TABLE `blog_comments` DISABLE KEYS */;

INSERT INTO `blog_comments` (`id`, `content`, `blog_id`, `user_id`, `parent`, `approved`, `likes`, `dislikes`, `deleted_at`, `created_at`, `updated_at`)
VALUES
	(1,'Esse molestiae ipsam eius eos sit maiores quidem. Aut exercitationem porro molestiae sit. Ut quis et voluptatem labore et et dignissimos quas.',3,1,NULL,0,0,0,NULL,'2022-07-26 18:57:50','2022-07-29 18:57:50'),
	(2,'Repellendus nihil eaque velit itaque maiores magni voluptas. Repellendus in numquam officia qui deserunt quia. Maxime quibusdam aut consequuntur expedita numquam. Vel sed iste maiores excepturi earum autem.',1,7,NULL,1,0,0,NULL,'2022-07-24 18:57:50','2022-07-22 18:57:50'),
	(3,'Illum voluptas ratione et rerum hic. Corporis provident est molestiae nostrum neque iure animi. Quos maiores magni dolorem.',6,7,NULL,0,0,0,NULL,'2022-07-27 18:57:50','2022-07-21 18:57:50'),
	(4,'Fugiat officiis molestiae consequatur aperiam. Labore architecto nesciunt velit odit. Molestiae libero consequuntur aut dolorum modi. Nisi et rem saepe voluptas earum veritatis esse.',5,5,NULL,1,0,0,NULL,'2022-07-31 18:57:50','2022-07-24 18:57:50'),
	(5,'Et delectus dolorem qui veritatis. Nam eos est eligendi repellendus ut. Voluptatem aut illum ratione velit quia voluptas repellendus nisi. Maiores doloremque qui laudantium ducimus praesentium ipsa enim debitis.',1,1,NULL,1,0,0,NULL,'2022-07-21 18:57:50','2022-07-22 18:57:50'),
	(6,'Eius et illum rem qui nisi. Veritatis quisquam deserunt maxime. Esse exercitationem distinctio ipsum delectus. Aut voluptates accusamus est sed perspiciatis est sed.',5,3,NULL,1,0,0,NULL,'2022-07-21 18:57:50','2022-07-30 18:57:50'),
	(7,'Accusamus nostrum molestiae magni reiciendis tenetur perferendis quasi. Error laudantium saepe eligendi enim. Alias ipsa at consectetur omnis aspernatur nulla vitae vitae. Id mollitia nihil et est id dolor totam optio.',5,2,NULL,1,0,0,NULL,'2022-07-26 18:57:50','2022-07-26 18:57:50'),
	(8,'Et et labore facere consequatur. Iusto repellendus a enim laboriosam nemo omnis deserunt. Voluptas similique quo voluptates minus libero cum. Dolores sunt consequatur quisquam eum a.',5,2,NULL,1,0,0,NULL,'2022-07-21 18:57:50','2022-07-25 18:57:50'),
	(9,'Ullam assumenda ullam qui. Exercitationem dignissimos est reiciendis earum temporibus. Vel quae in sed reprehenderit cumque.',4,1,NULL,1,0,0,NULL,'2022-07-18 18:57:50','2022-07-23 18:57:50'),
	(10,'Aut qui quae nisi odio omnis aut ullam enim. Perspiciatis modi consequatur dicta modi impedit beatae ducimus pariatur. Veniam quidem ratione dolor ut.',3,1,NULL,1,0,0,NULL,'2022-07-18 18:57:50','2022-07-31 18:57:50'),
	(11,'Doloribus ipsam nihil vel. Dolorum et quam magni sed ipsa facere ut ratione. Vitae consequatur fuga non voluptatem nobis.',3,5,NULL,1,0,0,NULL,'2022-07-26 18:57:50','2022-07-23 18:57:50'),
	(12,'A cupiditate perferendis totam repellat soluta dolores. Hic molestiae quasi rerum facilis quo sapiente molestiae. Tenetur et consequatur corporis neque quo eaque atque similique.',5,4,NULL,1,0,0,NULL,'2022-08-02 18:57:50','2022-07-24 18:57:50'),
	(13,'Quos voluptatibus mollitia hic et accusamus accusamus. Autem impedit nostrum atque dolor ullam dolore corporis. Ad velit reiciendis molestiae debitis.',3,1,NULL,0,0,0,NULL,'2022-07-19 18:57:50','2022-07-28 18:57:50'),
	(14,'Vitae doloremque quo quisquam eos. Voluptates est eos qui delectus. Ipsum animi eum dicta.',4,7,NULL,1,0,0,NULL,'2022-07-25 18:57:50','2022-07-25 18:57:50'),
	(15,'Natus maxime architecto quo qui dolore. Sunt aut animi molestiae ducimus aut accusantium. Voluptate eos labore libero. Corporis atque ut cum dolorem rerum.',4,5,NULL,0,0,0,NULL,'2022-07-29 18:57:50','2022-07-20 18:57:50'),
	(16,'Quod et deserunt porro velit nihil laudantium et et. Enim vel inventore dolores cum. Veritatis suscipit dolorem deleniti rerum asperiores. Ratione qui qui quis ipsam perspiciatis voluptatum quibusdam.',6,7,NULL,0,0,0,NULL,'2022-07-19 18:57:50','2022-07-27 18:57:50'),
	(17,'Aliquid at nam et sint odio molestiae corporis. Qui dolor tenetur est numquam.',4,5,NULL,0,0,0,NULL,'2022-07-27 18:57:50','2022-08-01 18:57:50'),
	(18,'Omnis dicta est quis deserunt vel. Natus exercitationem et itaque unde nostrum voluptatum. Non possimus et nobis. Non qui enim sunt tempore.',2,3,NULL,1,0,0,NULL,'2022-07-23 18:57:50','2022-08-02 18:57:50'),
	(19,'Modi ipsum omnis veniam sunt perferendis asperiores est. Rerum rem et et laborum vitae. Reiciendis vel voluptate minima vero facere rerum. Odit voluptas omnis sint natus iste.',5,2,NULL,0,0,0,NULL,'2022-08-02 18:57:50','2022-07-28 18:57:50'),
	(20,'Id rerum non repellat. Consequuntur labore tempore in. Non dolor facere iste totam ut hic ad. Autem quia quo ratione quas ullam quo pariatur ducimus.',3,3,NULL,0,0,0,NULL,'2022-07-20 18:57:50','2022-07-28 18:57:50'),
	(21,'Sit quia iure expedita eaque aperiam eaque. Voluptas aspernatur repellendus id natus voluptates. Sed asperiores dolores veniam labore nostrum non occaecati. Occaecati optio hic omnis quisquam numquam.',6,7,NULL,0,0,0,NULL,'2022-07-19 18:57:50','2022-07-27 18:57:50'),
	(22,'Nisi illum optio fugit eveniet molestias officiis accusamus dolore. Repellat repudiandae possimus animi blanditiis. Saepe aut enim a impedit sunt voluptatem.',5,7,NULL,1,0,0,NULL,'2022-07-20 18:57:50','2022-07-24 18:57:50'),
	(23,'Earum vero sequi officiis. Facilis cumque commodi alias esse tempore. Rerum ut aut in molestias sed vero. Commodi vel dolores excepturi. Non omnis mollitia modi debitis facilis.',2,5,NULL,1,0,0,NULL,'2022-07-24 18:57:50','2022-07-23 18:57:50'),
	(24,'Quia recusandae error aliquam veritatis dolore. Unde repellat omnis dolor laborum. Aliquid et beatae rem et quisquam.',3,1,NULL,1,0,0,NULL,'2022-07-25 18:57:50','2022-07-24 18:57:50'),
	(25,'Illum dolores repudiandae asperiores ut. Ea quae odit voluptates ut cum id aut. Qui sed perferendis debitis impedit.',2,1,NULL,1,0,0,NULL,'2022-07-20 18:57:50','2022-07-30 18:57:50'),
	(26,'Omnis cumque et aut culpa quisquam autem tenetur. Recusandae enim voluptatum non asperiores cupiditate odio qui. Dignissimos neque occaecati atque porro vero autem qui nisi.',5,2,NULL,1,0,0,NULL,'2022-07-31 18:57:50','2022-07-18 18:57:50'),
	(27,'Corporis deleniti deserunt ipsam voluptas. Et expedita iure velit fugit. Quia nostrum dolores animi.',2,2,NULL,1,0,0,NULL,'2022-07-18 18:57:50','2022-07-20 18:57:50'),
	(28,'Aspernatur est aut id aut nisi. Quisquam impedit ut quibusdam aut est est. Repellat enim error temporibus aut ipsa.',6,7,NULL,0,0,0,NULL,'2022-07-30 18:57:50','2022-07-24 18:57:50'),
	(29,'Occaecati aut eos iste dicta rerum. Saepe nihil et nobis consequatur dolores asperiores voluptas. Et molestiae pariatur esse ipsum. Explicabo culpa optio voluptatem quod possimus consectetur aliquid.',5,5,NULL,0,0,0,NULL,'2022-07-20 18:57:50','2022-08-02 18:57:50'),
	(30,'Ratione repellendus officia impedit perspiciatis eos harum. Esse fugiat ipsam tenetur pariatur impedit dolorem. Asperiores ducimus error accusamus delectus temporibus porro.',4,3,NULL,1,0,0,NULL,'2022-07-27 18:57:50','2022-07-31 18:57:50');

/*!40000 ALTER TABLE `blog_comments` ENABLE KEYS */;


# Dump of table blogs
# ------------------------------------------------------------

DROP TABLE IF EXISTS `blogs`;

CREATE TABLE `blogs` (
  `id` int(10) unsigned NOT NULL AUTO_INCREMENT,
  `title` text COLLATE utf8mb3_unicode_ci NOT NULL,
  `slug` varchar(200) COLLATE utf8mb3_unicode_ci NOT NULL,
  `excerpt` varchar(255) COLLATE utf8mb3_unicode_ci DEFAULT NULL,
  `content` longtext COLLATE utf8mb3_unicode_ci DEFAULT NULL,
  `user_id` bigint(20) unsigned NOT NULL,
  `status` tinyint(1) NOT NULL DEFAULT 1,
  `approved` tinyint(1) NOT NULL DEFAULT 1,
  `published_at` timestamp NULL DEFAULT NULL,
  `likes` int(10) unsigned NOT NULL DEFAULT 0,
  `dislikes` int(10) unsigned NOT NULL DEFAULT 0,
  `deleted_at` timestamp NULL DEFAULT NULL,
  `created_at` timestamp NULL DEFAULT NULL,
  `updated_at` timestamp NULL DEFAULT NULL,
  PRIMARY KEY (`id`),
  UNIQUE KEY `blogs_slug_unique` (`slug`),
  KEY `blogs_user_id_foreign` (`user_id`),
  CONSTRAINT `blogs_user_id_foreign` FOREIGN KEY (`user_id`) REFERENCES `users` (`id`) ON DELETE CASCADE
) ENGINE=InnoDB DEFAULT CHARSET=utf8mb3 COLLATE=utf8mb3_unicode_ci;

/*!40000 ALTER TABLE `blogs` DISABLE KEYS */;

INSERT INTO `blogs` (`id`, `title`, `slug`, `excerpt`, `content`, `user_id`, `status`, `approved`, `published_at`, `likes`, `dislikes`, `deleted_at`, `created_at`, `updated_at`)
VALUES
	(1,'Quo odit porro quo a.','abc-Phza24-blog-post','Debitis inventore cum voluptas. Numquam laudantium eum tempora ut ipsa consectetur. Quidem incidunt qui totam deleniti quaerat ratione.','<p>Aut voluptatem ratione sit blanditiis quasi non. Sequi beatae cupiditate provident eveniet. Voluptas voluptatem ut et dolor quidem similique. Voluptatem qui illum neque harum.</p><p>Eum illum hic fugit blanditiis. Qui veritatis neque quos consequatur. Quod cupiditate expedita aperiam facilis recusandae magnam deserunt. Et quos repellendus eveniet dicta qui.</p><p>Corrupti facere consequatur soluta distinctio maiores eius. A sit aperiam dolore dolorem molestias accusantium iure. Sed officiis voluptas voluptatem ut voluptate reiciendis ipsum. Mollitia sed quisquam dolor sapiente.</p><p>Quis fugit recusandae maxime vero. Nobis quisquam at nemo ab aut quae et. Et dolorem eligendi debitis quis. Ipsa id maxime minima eius laudantium facere occaecati.<iframe width=\"560\" height=\"315\" src=\"https://www.youtube.com/embed/A-rEb0KuopI\" frameborder=\"0\" allow=\"accelerometer; autoplay; encrypted-media; gyroscope; picture-in-picture\" allowfullscreen></iframe></p><p>Ut magnam facere et perspiciatis nemo. Consequatur voluptatem quidem ut fugiat. Omnis mollitia id aut perspiciatis deserunt quod quia.</p><p>Eos voluptatem nisi asperiores ex. Praesentium voluptatum quae repellat autem. Dolores quisquam voluptate beatae sit distinctio.</p><p>Et hic alias inventore et. Possimus molestias ut vero. Nesciunt mollitia reprehenderit hic provident occaecati corrupti. Quaerat corrupti dicta corporis officia corporis qui dolores eos. Dolor repellat dolorum et veritatis illo et.</p>',7,1,1,'2022-07-28 18:57:00',0,0,NULL,'2022-07-23 18:57:50','2022-07-23 18:57:50'),
	(2,'Corporis perferendis et voluptate quos reiciendis.','minima-exercitationem-placeat-assumenda','Quo aut maiores atque consequatur eveniet dolorem velit. Eos dolorum quod eaque eos officiis. Labore distinctio vel autem quo.','<p>Nostrum iusto itaque sequi dolor. Consectetur nam dolores delectus minus provident. Aperiam illo aut minus expedita voluptatibus consequatur.</p><p>Voluptas cum distinctio minima placeat non dignissimos. Assumenda eaque eius facilis et maxime ea. Aperiam et eligendi et natus quis nostrum minus. Temporibus ducimus recusandae error quo.</p><p>Adipisci error est officia eum et dolores. Molestiae sint eligendi delectus velit consequatur ut rerum. Ad dolorum tenetur minus.</p><p>Dicta sunt corrupti non voluptatem rem quam laborum. Expedita beatae sed similique ratione sed molestias quidem. Exercitationem qui dolores mollitia officiis magni. Tenetur voluptas ut praesentium.<img src=\"https://farm5.staticflickr.com/4489/37743618362_594eceff0b_b.jpg\" width=\"640\" height=\"424\" alt=\"Apple tree V1\"></p><p>Consectetur delectus eum unde eligendi et. Inventore vel voluptatem consequatur quas perspiciatis.</p><p>Aut hic error dolor quasi. Voluptas magni veniam repellat eligendi. Debitis facilis nisi quo non facere temporibus.</p><p>Ut et excepturi ut cumque labore iure. Qui voluptatem quibusdam veritatis non expedita quia. Quia sint ut excepturi sint.</p>',1,1,1,'2022-07-25 18:57:00',0,0,NULL,'2022-07-05 18:57:50','2022-07-05 18:57:50'),
	(3,'Dignissimos sint quia dolore numquam iusto.','ut-dolore-laboriosam-qui-esse-sit-nobis-quo-neque','Harum asperiores repellat iste eum. Quam quia eum delectus optio dolorum. Doloribus eaque molestiae distinctio ad voluptatum qui molestiae. Possimus occaecati et quae alias ut laudantium placeat rerum.','<p>Impedit id impedit dolorem omnis quia. Eos est repellendus expedita vel quae eveniet similique quia. Ut dolores eveniet natus et quia iste in.</p><p>Qui est dicta dolorum nisi voluptas nisi. Et quibusdam voluptate tenetur soluta quo molestiae eveniet. Corrupti sint exercitationem tempore sit et. Nisi nam aliquam dolorem omnis itaque quasi.</p><p>Voluptatum voluptatem pariatur sit error enim. Non et rerum ea quos accusamus est. Aut repellat doloribus ut eum est repudiandae. Eaque est possimus mollitia in ex magnam sapiente repellat.</p><p>Ullam deserunt tempore sit sit. Ad voluptas magnam et dolorem. Ad earum exercitationem et nulla aperiam necessitatibus et deleniti.<img src=\"https://farm5.staticflickr.com/4471/37699101012_7b2c5c2734_z.jpg\" width=\"640\" height=\"424\" alt=\"Dogs on beach V1\"></p><p>Ullam architecto enim nesciunt non quas. Est sequi enim ad vero nostrum eos eum. Ea dicta fugit nulla dolor ad ex rerum. Voluptas corrupti ullam sed et maiores blanditiis blanditiis maiores.</p><p>Earum eos dolore in fugit consequatur sed id suscipit. Officiis excepturi sunt quis maxime. In omnis in tempora illo ut.</p><p>Dolor expedita fugit modi. Itaque modi totam laudantium. Impedit nihil hic facilis quia quaerat quis sint et.</p>',6,1,1,'2022-07-23 18:57:00',0,0,NULL,'2022-07-16 18:57:50','2022-07-16 18:57:50'),
	(4,'Sequi temporibus repellendus consequatur sit quo mollitia.','iusto-et-sunt-quia-sed-sed-facere','Laboriosam dolorum perspiciatis sed et sint et provident. Neque quod aut quae libero quod eaque. Adipisci eos at autem rem mollitia.','<p>Molestiae alias nihil aliquam sed. Rerum voluptas saepe eum magni reprehenderit id. Quos alias perferendis vel cumque rerum. Qui et dolores explicabo harum quia. Et aut molestiae sequi autem numquam.</p><p>Corrupti eos qui vel delectus quis deserunt. Quo et laborum sed. Ducimus et id facere totam occaecati at corporis facere.</p><p>Dignissimos qui eos corrupti reprehenderit. Labore debitis nemo corporis suscipit quibusdam placeat. Quia sunt corporis eius quidem vitae rem animi. In a suscipit vero omnis.</p><p>Laborum amet laboriosam earum voluptatibus voluptatem fugit quia. Cumque sed voluptas quisquam sunt ullam. Quam consectetur repellendus quo est voluptatem unde veniam.<img src=\"https://farm5.staticflickr.com/4510/37699099812_bc4aa78c5a_z.jpg\" width=\"640\" height=\"424\" alt=\"Fishermen&#x27;s morning V1\"></p><p>Nihil aliquam asperiores in provident adipisci quos hic. Non et consectetur aperiam. Voluptatem in nobis atque. Et dolores aliquid eligendi ut quo ducimus est.</p><p>Temporibus ea rem nemo quibusdam nisi. Quia assumenda illo reiciendis ea in deserunt aut est. Quo ratione quae impedit consequatur dolorem modi occaecati.</p><p>Voluptatem illo fuga excepturi atque qui facilis. Voluptatem asperiores maxime aliquam et quos. Corporis aut aut aliquam nihil et qui enim. Aliquam magnam voluptatibus hic voluptas voluptates.</p>',4,1,1,'2022-07-18 18:57:00',0,0,NULL,'2022-06-29 18:57:50','2022-06-29 18:57:50'),
	(5,'Sed atque voluptatum eius non sit sunt est suscipit.','voluptates-est-doloribus-sit-autem-et-enim-tempora','Ut qui aut est. Aut blanditiis laudantium corporis fuga sequi. Non id autem quis debitis quasi voluptatibus voluptatem magni. Molestias laborum asperiores hic aut consectetur eveniet voluptate.','<p>Laborum saepe sit animi iure aperiam et animi. Sed sequi occaecati soluta iure ipsum autem dolores. Ab ut et soluta odit similique numquam pariatur. Accusantium similique sint eum eos placeat quisquam veritatis.</p><p>Alias repellendus et perspiciatis impedit voluptatem. Omnis omnis repudiandae quas laboriosam qui. Dolorem quis tempore voluptatem saepe.</p><p>Quasi ipsum dolorem voluptatum sit aliquam debitis fugiat sunt. Nobis fugiat voluptas dolorum est. Sit voluptatum dolor nihil vel praesentium architecto.</p><p>Sint voluptatem rerum voluptatum. Fuga blanditiis tenetur vitae et facere aliquid. Libero enim similique non odio mollitia.<img src=\"https://farm5.staticflickr.com/4494/37473356390_051bb9b747_z.jpg\" width=\"424\" height=\"640\" alt=\"Discrete wheel V1\"></p><p>Sunt eveniet qui odit quia qui iure. Alias sed tempora dolorem. Officia dicta consequuntur quia quas.</p><p>Velit voluptate qui rerum adipisci. Quia minus placeat et fugiat qui vitae. Excepturi omnis ipsam ullam a voluptas dolores. Sunt ex reiciendis rerum et quae nam tempora.</p><p>Cum et in dignissimos deserunt earum qui et. At dignissimos voluptatem voluptatibus nesciunt blanditiis odio harum. Et sequi ipsa voluptatum totam libero veritatis. Et ad blanditiis veritatis reiciendis saepe ducimus.</p>',5,1,1,'2022-07-21 18:57:00',0,0,NULL,'2022-07-07 18:57:50','2022-07-07 18:57:50'),
	(6,'Rerum et similique omnis optio id et.','blanditiis-vitae-autem-dolor','Aut qui nulla aliquid tempore consequatur. Nesciunt exercitationem voluptatibus cum sint doloremque voluptas fugiat consectetur. Non rerum fuga laborum praesentium ea iure.','<p>Ut inventore sequi eum id. Fuga corporis magnam et et explicabo aut. Quia amet impedit est. Dicta dolorem rem adipisci voluptatem dolore voluptas.</p><p>Placeat tempore voluptatem tenetur consequatur facilis. Et eos tempore quia voluptates. Et vel laborum quod sapiente sed.</p><p>Itaque ipsam commodi sit sed ullam et aperiam aliquid. Fugit dignissimos aperiam maiores natus enim dolorum. Architecto aperiam molestiae fugit magnam. Quo quia quia libero consequatur ad.</p><p>Sit consequuntur dignissimos odit illum excepturi qui. Necessitatibus impedit inventore incidunt voluptas tenetur saepe dolor. Facere tenetur quia nemo est nulla et dolorem. Deserunt nemo veritatis est doloribus pariatur et.<iframe width=\"560\" height=\"315\" src=\"https://www.youtube.com/embed/A-rEb0KuopI\" frameborder=\"0\" allow=\"accelerometer; autoplay; encrypted-media; gyroscope; picture-in-picture\" allowfullscreen></iframe></p><p>Ipsa et ut repellendus veritatis temporibus itaque rerum inventore. Est eaque ea sit harum. Animi ratione nemo voluptatem ea nesciunt enim. Soluta blanditiis ut consectetur voluptatibus molestiae non.</p><p>Soluta molestiae rem vel dolores eos et rerum beatae. Ut unde deleniti non. Est omnis saepe laudantium voluptatum qui vitae omnis.</p><p>Nihil omnis et quia illo quas distinctio et libero. Autem ex animi amet. Fugit et tempora nihil pariatur praesentium.</p>',3,1,1,'2022-07-23 18:57:00',0,0,NULL,'2022-07-07 18:57:50','2022-07-07 18:57:50');

/*!40000 ALTER TABLE `blogs` ENABLE KEYS */;


# Dump of table cancellation_reasons
# ------------------------------------------------------------

DROP TABLE IF EXISTS `cancellation_reasons`;

CREATE TABLE `cancellation_reasons` (
  `id` int(10) unsigned NOT NULL AUTO_INCREMENT,
  `detail` varchar(255) COLLATE utf8mb3_unicode_ci NOT NULL,
  `office_use` tinyint(1) DEFAULT NULL,
  PRIMARY KEY (`id`),
  UNIQUE KEY `cancellation_reasons_detail_unique` (`detail`)
) ENGINE=InnoDB DEFAULT CHARSET=utf8mb3 COLLATE=utf8mb3_unicode_ci;

/*!40000 ALTER TABLE `cancellation_reasons` DISABLE KEYS */;

INSERT INTO `cancellation_reasons` (`id`, `detail`, `office_use`)
VALUES
	(1,'Order created by mistake',NULL),
	(2,'Delivery takes so long',NULL),
	(3,'High shipping cost',NULL),
	(4,'Wrong shipping address',NULL),
	(5,'Need some adjustment',NULL),
	(6,'Wrong billing address',NULL),
	(7,'Other reason',NULL),
	(8,'No inventory',1),
	(9,'Buyer cancelled',1),
	(10,'General adjustment',1),
	(11,'Shipping address undeliverable',1),
	(12,'Pricing issue',1),
	(13,'Customs problem',1);

/*!40000 ALTER TABLE `cancellation_reasons` ENABLE KEYS */;


# Dump of table cancellations
# ------------------------------------------------------------

DROP TABLE IF EXISTS `cancellations`;

CREATE TABLE `cancellations` (
  `id` bigint(20) unsigned NOT NULL AUTO_INCREMENT,
  `shop_id` int(10) unsigned DEFAULT NULL,
  `cancellation_reason_id` int(10) unsigned DEFAULT NULL,
  `customer_id` bigint(20) unsigned NOT NULL,
  `order_id` bigint(20) unsigned NOT NULL,
  `items` text COLLATE utf8mb3_unicode_ci DEFAULT NULL,
  `description` longtext COLLATE utf8mb3_unicode_ci DEFAULT NULL,
  `return_goods` tinyint(1) DEFAULT NULL,
  `status` int(10) unsigned NOT NULL DEFAULT 1,
  `created_at` timestamp NULL DEFAULT NULL,
  `updated_at` timestamp NULL DEFAULT NULL,
  PRIMARY KEY (`id`),
  KEY `cancellations_order_id_foreign` (`order_id`),
  KEY `cancellations_customer_id_foreign` (`customer_id`),
  KEY `cancellations_cancellation_reason_id_foreign` (`cancellation_reason_id`),
  CONSTRAINT `cancellations_cancellation_reason_id_foreign` FOREIGN KEY (`cancellation_reason_id`) REFERENCES `cancellation_reasons` (`id`) ON DELETE SET NULL,
  CONSTRAINT `cancellations_customer_id_foreign` FOREIGN KEY (`customer_id`) REFERENCES `customers` (`id`) ON DELETE CASCADE,
  CONSTRAINT `cancellations_order_id_foreign` FOREIGN KEY (`order_id`) REFERENCES `orders` (`id`) ON DELETE CASCADE
) ENGINE=InnoDB DEFAULT CHARSET=utf8mb3 COLLATE=utf8mb3_unicode_ci;



# Dump of table carriers
# ------------------------------------------------------------

DROP TABLE IF EXISTS `carriers`;

CREATE TABLE `carriers` (
  `id` int(10) unsigned NOT NULL AUTO_INCREMENT,
  `shop_id` int(10) unsigned DEFAULT NULL,
  `tax_id` int(10) unsigned DEFAULT NULL,
  `name` varchar(255) COLLATE utf8mb3_unicode_ci NOT NULL,
  `email` varchar(255) COLLATE utf8mb3_unicode_ci DEFAULT NULL,
  `phone` varchar(255) COLLATE utf8mb3_unicode_ci DEFAULT NULL,
  `tracking_url` varchar(255) COLLATE utf8mb3_unicode_ci DEFAULT NULL,
  `active` tinyint(1) NOT NULL DEFAULT 1,
  `deleted_at` timestamp NULL DEFAULT NULL,
  `created_at` timestamp NULL DEFAULT NULL,
  `updated_at` timestamp NULL DEFAULT NULL,
  PRIMARY KEY (`id`)
) ENGINE=InnoDB DEFAULT CHARSET=utf8mb3 COLLATE=utf8mb3_unicode_ci;

/*!40000 ALTER TABLE `carriers` DISABLE KEYS */;

INSERT INTO `carriers` (`id`, `shop_id`, `tax_id`, `name`, `email`, `phone`, `tracking_url`, `active`, `deleted_at`, `created_at`, `updated_at`)
VALUES
	(1,5,4,'DTDC','marquardt.letha@schamberger.com','563-574-5408','http://www.rath.com/eligendi-praesentium-autem-animi-consequuntur-omnis-voluptatem-quo.html/@',1,NULL,'2022-08-02 18:57:47','2022-08-02 18:57:47'),
	(2,3,1,'USP','dbeer@rowe.net','(650) 339-6301','https://leuschke.com/a-consectetur-pariatur-rerum-minima-quisquam-mollitia-vitae.html/@',1,NULL,'2022-08-02 18:57:47','2022-08-02 18:57:47'),
	(3,3,5,'DHL','eleanora.ruecker@gmail.com','443.567.9840','http://leannon.com/in-dicta-itaque-est-minus/@',1,NULL,'2022-08-02 18:57:47','2022-08-02 18:57:47'),
	(4,5,6,'FedEx','jaeden.jast@kemmer.biz','+1.929.848.4394','https://west.info/nam-distinctio-libero-adipisci-aliquam.html/@',1,NULL,'2022-08-02 18:57:47','2022-08-02 18:57:47'),
	(5,4,2,'YRC','wlind@schroeder.com','(712) 556-6885','https://www.koelpin.biz/sed-sequi-libero-aspernatur-asperiores/@',1,NULL,'2022-08-02 18:57:47','2022-08-02 18:57:47');

/*!40000 ALTER TABLE `carriers` ENABLE KEYS */;


# Dump of table cart_items
# ------------------------------------------------------------

DROP TABLE IF EXISTS `cart_items`;

CREATE TABLE `cart_items` (
  `cart_id` bigint(20) unsigned NOT NULL,
  `inventory_id` bigint(20) unsigned NOT NULL,
  `item_description` longtext COLLATE utf8mb3_unicode_ci NOT NULL,
  `quantity` int(10) unsigned NOT NULL,
  `unit_price` decimal(20,6) NOT NULL,
  `created_at` timestamp NULL DEFAULT NULL,
  `updated_at` timestamp NULL DEFAULT NULL,
  KEY `cart_items_cart_id_index` (`cart_id`),
  KEY `cart_items_inventory_id_index` (`inventory_id`),
  CONSTRAINT `cart_items_cart_id_foreign` FOREIGN KEY (`cart_id`) REFERENCES `carts` (`id`) ON DELETE CASCADE,
  CONSTRAINT `cart_items_inventory_id_foreign` FOREIGN KEY (`inventory_id`) REFERENCES `inventories` (`id`) ON DELETE CASCADE
) ENGINE=InnoDB DEFAULT CHARSET=utf8mb3 COLLATE=utf8mb3_unicode_ci;



# Dump of table carts
# ------------------------------------------------------------

DROP TABLE IF EXISTS `carts`;

CREATE TABLE `carts` (
  `id` bigint(20) unsigned NOT NULL AUTO_INCREMENT,
  `shop_id` int(10) unsigned DEFAULT NULL,
  `customer_id` bigint(20) unsigned DEFAULT NULL,
  `ip_address` varchar(45) COLLATE utf8mb3_unicode_ci DEFAULT NULL,
  `ship_to` int(10) unsigned DEFAULT NULL,
  `ship_to_country_id` int(10) unsigned DEFAULT NULL,
  `ship_to_state_id` int(10) unsigned DEFAULT NULL,
  `shipping_zone_id` int(10) unsigned DEFAULT NULL,
  `shipping_rate_id` int(10) unsigned DEFAULT NULL,
  `packaging_id` int(10) unsigned DEFAULT NULL,
  `item_count` int(10) unsigned NOT NULL,
  `quantity` int(10) unsigned NOT NULL,
  `total` decimal(20,6) DEFAULT NULL,
  `discount` decimal(20,6) DEFAULT NULL,
  `shipping` decimal(20,6) DEFAULT NULL,
  `packaging` decimal(20,6) DEFAULT NULL,
  `handling` decimal(20,6) DEFAULT NULL,
  `taxes` decimal(20,6) DEFAULT NULL,
  `grand_total` decimal(20,6) DEFAULT NULL,
  `taxrate` decimal(20,6) DEFAULT NULL,
  `shipping_weight` decimal(20,2) DEFAULT NULL,
  `billing_address` bigint(20) unsigned DEFAULT NULL,
  `shipping_address` bigint(20) unsigned DEFAULT NULL,
  `email` varchar(255) COLLATE utf8mb3_unicode_ci DEFAULT NULL,
  `coupon_id` bigint(20) unsigned DEFAULT NULL,
  `payment_status` int(11) NOT NULL DEFAULT 1,
  `payment_method_id` int(10) unsigned DEFAULT NULL,
  `message_to_customer` text COLLATE utf8mb3_unicode_ci DEFAULT NULL,
  `admin_note` text COLLATE utf8mb3_unicode_ci DEFAULT NULL,
  `deleted_at` timestamp NULL DEFAULT NULL,
  `created_at` timestamp NULL DEFAULT NULL,
  `updated_at` timestamp NULL DEFAULT NULL,
  `razorpay_order_id` text COLLATE utf8mb3_unicode_ci DEFAULT NULL,
  PRIMARY KEY (`id`),
  KEY `carts_shop_id_foreign` (`shop_id`),
  KEY `carts_customer_id_foreign` (`customer_id`),
  CONSTRAINT `carts_customer_id_foreign` FOREIGN KEY (`customer_id`) REFERENCES `customers` (`id`) ON DELETE SET NULL,
  CONSTRAINT `carts_shop_id_foreign` FOREIGN KEY (`shop_id`) REFERENCES `shops` (`id`) ON DELETE SET NULL
) ENGINE=InnoDB DEFAULT CHARSET=utf8mb3 COLLATE=utf8mb3_unicode_ci;



# Dump of table categories
# ------------------------------------------------------------

DROP TABLE IF EXISTS `categories`;

CREATE TABLE `categories` (
  `id` int(10) unsigned NOT NULL AUTO_INCREMENT,
  `category_sub_group_id` int(10) unsigned NOT NULL,
  `name` varchar(200) COLLATE utf8mb3_unicode_ci NOT NULL,
  `slug` varchar(200) COLLATE utf8mb3_unicode_ci NOT NULL,
  `description` text COLLATE utf8mb3_unicode_ci DEFAULT NULL,
  `active` tinyint(1) NOT NULL DEFAULT 1,
  `featured` tinyint(1) DEFAULT NULL,
  `order` int(11) DEFAULT 100,
  `meta_title` text COLLATE utf8mb3_unicode_ci DEFAULT NULL,
  `meta_description` longtext COLLATE utf8mb3_unicode_ci DEFAULT NULL,
  `deleted_at` timestamp NULL DEFAULT NULL,
  `created_at` timestamp NULL DEFAULT NULL,
  `updated_at` timestamp NULL DEFAULT NULL,
  PRIMARY KEY (`id`),
  UNIQUE KEY `categories_slug_unique` (`slug`),
  KEY `categories_category_sub_group_id_foreign` (`category_sub_group_id`),
  CONSTRAINT `categories_category_sub_group_id_foreign` FOREIGN KEY (`category_sub_group_id`) REFERENCES `category_sub_groups` (`id`) ON DELETE CASCADE
) ENGINE=InnoDB DEFAULT CHARSET=utf8mb3 COLLATE=utf8mb3_unicode_ci;

/*!40000 ALTER TABLE `categories` DISABLE KEYS */;

INSERT INTO `categories` (`id`, `category_sub_group_id`, `name`, `slug`, `description`, `active`, `featured`, `order`, `meta_title`, `meta_description`, `deleted_at`, `created_at`, `updated_at`)
VALUES
	(1,12,'Mobile','mobile','Mobile Phones',1,1,100,NULL,NULL,NULL,'2022-08-02 18:57:45','2022-08-02 18:57:45'),
	(2,7,'Mobile Accessories','mobile-accessories','Headphone, Adapter, Casing etc',1,1,100,NULL,NULL,NULL,'2022-08-02 18:57:45','2022-08-02 18:57:45'),
	(3,9,'Laptop','laptop','Laptop',1,1,100,NULL,NULL,NULL,'2022-08-02 18:57:45','2022-08-02 18:57:45'),
	(4,7,'Desktop','desktop','Desktop',1,1,100,NULL,NULL,NULL,'2022-08-02 18:57:45','2022-08-02 18:57:45'),
	(5,17,'Tablet','tablet','Tablet Computer and Accessories',1,1,100,NULL,NULL,NULL,'2022-08-02 18:57:45','2022-08-02 18:57:45'),
	(6,24,'TVs','tvs','TVs and Accessories',1,NULL,100,NULL,NULL,NULL,'2022-08-02 18:57:45','2022-08-02 18:57:45'),
	(7,8,'Home Theater System','home-theater','Home Theater Sound System and Accessories',1,1,100,NULL,NULL,NULL,'2022-08-02 18:57:45','2022-08-02 18:57:45'),
	(8,6,'Point & Shoot Camera','pns-camera','PnS Camera and Accessories',1,1,100,NULL,NULL,NULL,'2022-08-02 18:57:45','2022-08-02 18:57:45'),
	(9,3,'DSLR','dslr','DSLR Camera and Accessories',1,NULL,100,NULL,NULL,NULL,'2022-08-02 18:57:45','2022-08-02 18:57:45'),
	(10,19,'Video Camera','video-camera','Video Camera and Accessories',1,1,100,NULL,NULL,NULL,'2022-08-02 18:57:45','2022-08-02 18:57:45'),
	(11,23,'Conroy-Wunsch','et-molestias-non-odio-repudiandae-ullam-tempora','Et optio dolorem nisi sed ut velit necessitatibus.',1,NULL,100,NULL,NULL,NULL,'2022-08-02 18:57:45','2022-08-02 18:57:45'),
	(12,8,'Roberts-Spinka','dolorem-non-non-doloremque-explicabo','Quia autem sed natus.',1,NULL,100,NULL,NULL,NULL,'2022-08-02 18:57:45','2022-08-02 18:57:45'),
	(13,22,'Rodriguez-Marquardt','fugit-perspiciatis-illum-illo-et-tempore-fugiat','Eos iure ut quidem velit omnis deserunt tempora.',1,NULL,100,NULL,NULL,NULL,'2022-08-02 18:57:45','2022-08-02 18:57:45'),
	(14,11,'Hammes Ltd','quia-dolor-eveniet-nobis-dolorem-soluta-qui-aut','Qui qui voluptatem eius eligendi labore hic dignissimos.',1,NULL,100,NULL,NULL,NULL,'2022-08-02 18:57:45','2022-08-02 18:57:45'),
	(15,11,'Kertzmann Ltd','et-aut-quae-et-quia-molestias-ratione','Magni minima cum iusto voluptatem.',1,NULL,100,NULL,NULL,NULL,'2022-08-02 18:57:45','2022-08-02 18:57:45'),
	(16,9,'Bogan, Ullrich and Runte','officia-quia-numquam-dicta-qui-qui-sit-consequatur','Consequatur vitae vel et facilis dolorem libero quis et.',1,NULL,100,NULL,NULL,NULL,'2022-08-02 18:57:45','2022-08-02 18:57:45'),
	(17,18,'Nitzsche, Schimmel and Tillman','saepe-ipsam-id-consectetur-accusantium','Dolor quo nesciunt ipsa. Est debitis repudiandae ab deserunt dolorem.',1,NULL,100,NULL,NULL,NULL,'2022-08-02 18:57:45','2022-08-02 18:57:45'),
	(18,1,'Lind, Hammes and O\'Reilly','et-numquam-eum-impedit-totam-quis-natus-laboriosam','Aut sit ad blanditiis fugiat doloribus qui voluptate.',1,NULL,100,NULL,NULL,NULL,'2022-08-02 18:57:45','2022-08-02 18:57:45'),
	(19,5,'Mueller-Shields','vel-ut-tempore-voluptate-facere','Id quam omnis suscipit rem est tempora praesentium accusamus.',1,NULL,100,NULL,NULL,NULL,'2022-08-02 18:57:45','2022-08-02 18:57:45'),
	(20,12,'Bechtelar, Powlowski and Koelpin','assumenda-accusantium-voluptas-ullam-similique-velit-iure','Veniam qui nisi corporis aut vel.',1,NULL,100,NULL,NULL,NULL,'2022-08-02 18:57:45','2022-08-02 18:57:45'),
	(21,20,'Ferry, Bins and Prohaska','occaecati-quis-ullam-nihil-sint','Ducimus quo pariatur minima velit placeat ullam est. Minus enim autem dolore.',1,NULL,100,NULL,NULL,NULL,'2022-08-02 18:57:45','2022-08-02 18:57:45'),
	(22,11,'Green PLC','praesentium-minima-nemo-sed-eaque-maxime-iure-et-iste','Eius sed aut autem earum aut tenetur. Nihil quaerat et sunt et.',1,NULL,100,NULL,NULL,NULL,'2022-08-02 18:57:45','2022-08-02 18:57:45'),
	(23,23,'Barton-Stoltenberg','nihil-impedit-sapiente-autem-blanditiis','Fuga et qui optio laborum dignissimos. Nostrum ipsum rem qui velit.',1,NULL,100,NULL,NULL,NULL,'2022-08-02 18:57:45','2022-08-02 18:57:45'),
	(24,5,'Roob-Russel','laboriosam-ratione-necessitatibus-voluptates','Consequatur qui rerum provident rerum.',1,NULL,100,NULL,NULL,NULL,'2022-08-02 18:57:45','2022-08-02 18:57:45'),
	(25,10,'Hammes Ltd','quaerat-aut-cumque-rem-sunt-veritatis-omnis','Fugit distinctio velit omnis rem consequatur velit reiciendis.',1,NULL,100,NULL,NULL,NULL,'2022-08-02 18:57:45','2022-08-02 18:57:45'),
	(26,10,'Howe Ltd','necessitatibus-rerum-architecto-aut','Et saepe minima vel suscipit quia eveniet et.',1,NULL,100,NULL,NULL,NULL,'2022-08-02 18:57:45','2022-08-02 18:57:45'),
	(27,1,'Luettgen Inc','et-omnis-ea-at-in-recusandae-fugiat','Veniam dolorem laudantium eius voluptatem amet pariatur.',1,NULL,100,NULL,NULL,NULL,'2022-08-02 18:57:45','2022-08-02 18:57:45'),
	(28,14,'Rippin-Farrell','et-quidem-consequatur-modi-blanditiis-odit-aliquam-sequi-est','Cum iste nobis sit ea et ut. Doloribus temporibus labore ut.',1,NULL,100,NULL,NULL,NULL,'2022-08-02 18:57:45','2022-08-02 18:57:45'),
	(29,10,'Runolfsson-Trantow','neque-atque-commodi-eaque-illo-quia-aspernatur-eius','Saepe voluptas quia modi et molestiae eveniet.',1,NULL,100,NULL,NULL,NULL,'2022-08-02 18:57:45','2022-08-02 18:57:45'),
	(30,13,'Kassulke Ltd','porro-quas-placeat-aperiam-deserunt-ipsum-molestiae','Voluptas aut et hic repellendus in autem.',1,NULL,100,NULL,NULL,NULL,'2022-08-02 18:57:45','2022-08-02 18:57:45'),
	(31,19,'Wisozk Group','voluptatibus-rem-omnis-explicabo-aliquid','Iste ex fugit similique voluptatem. Molestiae qui maxime nulla illum veniam.',1,NULL,100,NULL,NULL,NULL,'2022-08-02 18:57:45','2022-08-02 18:57:45'),
	(32,11,'Keebler, Braun and Pouros','cumque-porro-voluptas-et-quo-mollitia','Ut ipsum ipsam harum quis ducimus omnis. Aut minima consequatur occaecati.',1,NULL,100,NULL,NULL,NULL,'2022-08-02 18:57:45','2022-08-02 18:57:45'),
	(33,21,'Turner, Lemke and Wintheiser','reiciendis-qui-voluptatem-numquam-quia-aliquid-laudantium-autem','Corrupti quidem nesciunt sed veritatis omnis sed pariatur ducimus.',1,NULL,100,NULL,NULL,NULL,'2022-08-02 18:57:45','2022-08-02 18:57:45'),
	(34,5,'Fisher, Brakus and Keeling','architecto-consequatur-est-aut-ducimus-velit-nostrum','Aut omnis dolores modi quo dolorem adipisci maxime.',1,NULL,100,NULL,NULL,NULL,'2022-08-02 18:57:45','2022-08-02 18:57:45'),
	(35,11,'McKenzie-Ernser','quos-aperiam-ratione-veniam-omnis-assumenda-vel-ratione','Id velit reprehenderit labore possimus nihil quasi voluptas.',1,NULL,100,NULL,NULL,NULL,'2022-08-02 18:57:45','2022-08-02 18:57:45'),
	(36,16,'DuBuque and Sons','iusto-omnis-aperiam-numquam-laboriosam-cupiditate','Ut maxime at quae quaerat quasi.',1,NULL,100,NULL,NULL,NULL,'2022-08-02 18:57:45','2022-08-02 18:57:45'),
	(37,21,'Swaniawski-Klocko','quibusdam-omnis-rerum-animi-velit-eveniet-sint-in','Temporibus neque optio autem.',1,NULL,100,NULL,NULL,NULL,'2022-08-02 18:57:45','2022-08-02 18:57:45'),
	(38,4,'Dietrich-Breitenberg','nam-sint-modi-blanditiis-similique-maiores-in','Voluptas voluptatibus temporibus vero rem voluptatem non.',1,NULL,100,NULL,NULL,NULL,'2022-08-02 18:57:45','2022-08-02 18:57:45'),
	(39,5,'Parisian-Williamson','consectetur-qui-aut-eum-aut','Nihil itaque deleniti dolorum voluptates modi sequi quia.',1,NULL,100,NULL,NULL,NULL,'2022-08-02 18:57:45','2022-08-02 18:57:45'),
	(40,18,'Considine Group','fuga-blanditiis-nesciunt-eius-in-occaecati-unde','Odit pariatur dolorem quia omnis ea. Suscipit est voluptatem amet ipsam.',1,NULL,100,NULL,NULL,NULL,'2022-08-02 18:57:45','2022-08-02 18:57:45');

/*!40000 ALTER TABLE `categories` ENABLE KEYS */;


# Dump of table category_groups
# ------------------------------------------------------------

DROP TABLE IF EXISTS `category_groups`;

CREATE TABLE `category_groups` (
  `id` int(10) unsigned NOT NULL AUTO_INCREMENT,
  `name` varchar(200) COLLATE utf8mb3_unicode_ci NOT NULL,
  `slug` varchar(200) COLLATE utf8mb3_unicode_ci NOT NULL,
  `description` text COLLATE utf8mb3_unicode_ci DEFAULT NULL,
  `icon` varchar(100) COLLATE utf8mb3_unicode_ci DEFAULT 'cube',
  `active` tinyint(1) NOT NULL DEFAULT 1,
  `order` int(11) DEFAULT 100,
  `meta_title` text COLLATE utf8mb3_unicode_ci DEFAULT NULL,
  `meta_description` longtext COLLATE utf8mb3_unicode_ci DEFAULT NULL,
  `deleted_at` timestamp NULL DEFAULT NULL,
  `created_at` timestamp NULL DEFAULT NULL,
  `updated_at` timestamp NULL DEFAULT NULL,
  PRIMARY KEY (`id`),
  UNIQUE KEY `category_groups_slug_unique` (`slug`)
) ENGINE=InnoDB DEFAULT CHARSET=utf8mb3 COLLATE=utf8mb3_unicode_ci;

/*!40000 ALTER TABLE `category_groups` DISABLE KEYS */;

INSERT INTO `category_groups` (`id`, `name`, `slug`, `description`, `icon`, `active`, `order`, `meta_title`, `meta_description`, `deleted_at`, `created_at`, `updated_at`)
VALUES
	(1,'Home & Garden','home-garden','Cookware, Dining, Bath, Home Decor and more','fa-shower',1,100,NULL,NULL,NULL,'2022-08-02 18:57:45','2022-08-02 18:57:45'),
	(2,'Electronics','electronics','Mobile, Computer, Tablet, Camera etc','fa-plug',1,100,NULL,NULL,NULL,'2022-08-02 18:57:45','2022-08-02 18:57:45'),
	(3,'Kids and Toy','kids-toy','Toys, Footwear etc','fa-gamepad',1,100,NULL,NULL,NULL,'2022-08-02 18:57:45','2022-08-02 18:57:45'),
	(4,'Clothing and Shoes','clothing-shoes','Shoes, Clothing, Life style items','fa-tshirt',1,100,NULL,NULL,NULL,'2022-08-02 18:57:45','2022-08-02 18:57:45'),
	(5,'Beauty and Health','beauty-health','Cosmetics, Foods and more.','fa-hot-tub',1,100,NULL,NULL,NULL,'2022-08-02 18:57:45','2022-08-02 18:57:45'),
	(6,'Sports','sports','Cycle, Tennis, Boxing, Cricket and more.','fa-skiing',1,100,NULL,NULL,NULL,'2022-08-02 18:57:45','2022-08-02 18:57:45'),
	(7,'Jewelry','jewelry','Necklances, Rings, Pendants and more.','fa-gem',1,100,NULL,NULL,NULL,'2022-08-02 18:57:45','2022-08-02 18:57:45'),
	(8,'Pets','pets','Pet foods and supplies.','fa-dog',1,100,NULL,NULL,NULL,'2022-08-02 18:57:45','2022-08-02 18:57:45'),
	(9,'Hobbies & DIY','hobbies-diy','Craft Sewing, Supplies and more.','fa-paint-brush',1,100,NULL,NULL,NULL,'2022-08-02 18:57:45','2022-08-02 18:57:45');

/*!40000 ALTER TABLE `category_groups` ENABLE KEYS */;


# Dump of table category_product
# ------------------------------------------------------------

DROP TABLE IF EXISTS `category_product`;

CREATE TABLE `category_product` (
  `category_id` int(10) unsigned NOT NULL,
  `product_id` bigint(20) unsigned NOT NULL,
  `created_at` timestamp NULL DEFAULT NULL,
  `updated_at` timestamp NULL DEFAULT NULL,
  KEY `category_product_category_id_index` (`category_id`),
  KEY `category_product_product_id_index` (`product_id`),
  CONSTRAINT `category_product_category_id_foreign` FOREIGN KEY (`category_id`) REFERENCES `categories` (`id`) ON DELETE CASCADE,
  CONSTRAINT `category_product_product_id_foreign` FOREIGN KEY (`product_id`) REFERENCES `products` (`id`) ON DELETE CASCADE
) ENGINE=InnoDB DEFAULT CHARSET=utf8mb3 COLLATE=utf8mb3_unicode_ci;

/*!40000 ALTER TABLE `category_product` DISABLE KEYS */;

INSERT INTO `category_product` (`category_id`, `product_id`, `created_at`, `updated_at`)
VALUES
	(26,1,'2022-08-02 18:57:43','2022-08-02 18:57:43'),
	(34,1,'2022-08-02 18:57:43','2022-08-02 18:57:43'),
	(27,1,'2022-08-02 18:57:43','2022-08-02 18:57:43'),
	(32,1,'2022-08-02 18:57:43','2022-08-02 18:57:43'),
	(13,1,'2022-08-02 18:57:43','2022-08-02 18:57:43'),
	(4,4,'2022-08-02 18:57:43','2022-08-02 18:57:43'),
	(21,4,'2022-08-02 18:57:43','2022-08-02 18:57:43'),
	(29,4,'2022-08-02 18:57:43','2022-08-02 18:57:43'),
	(23,4,'2022-08-02 18:57:43','2022-08-02 18:57:43'),
	(34,47,'2022-08-02 18:57:43','2022-08-02 18:57:43'),
	(37,47,'2022-08-02 18:57:43','2022-08-02 18:57:43'),
	(25,47,'2022-08-02 18:57:43','2022-08-02 18:57:43'),
	(9,47,'2022-08-02 18:57:43','2022-08-02 18:57:43'),
	(35,47,'2022-08-02 18:57:43','2022-08-02 18:57:43'),
	(29,6,'2022-08-02 18:57:43','2022-08-02 18:57:43'),
	(35,6,'2022-08-02 18:57:43','2022-08-02 18:57:43'),
	(17,6,'2022-08-02 18:57:43','2022-08-02 18:57:43'),
	(30,32,'2022-08-02 18:57:43','2022-08-02 18:57:43'),
	(28,32,'2022-08-02 18:57:43','2022-08-02 18:57:43'),
	(4,32,'2022-08-02 18:57:43','2022-08-02 18:57:43'),
	(37,32,'2022-08-02 18:57:43','2022-08-02 18:57:43'),
	(35,43,'2022-08-02 18:57:43','2022-08-02 18:57:43'),
	(34,43,'2022-08-02 18:57:43','2022-08-02 18:57:43'),
	(23,43,'2022-08-02 18:57:43','2022-08-02 18:57:43'),
	(23,43,'2022-08-02 18:57:43','2022-08-02 18:57:43'),
	(8,3,'2022-08-02 18:57:43','2022-08-02 18:57:43'),
	(12,3,'2022-08-02 18:57:43','2022-08-02 18:57:43'),
	(39,3,'2022-08-02 18:57:43','2022-08-02 18:57:43'),
	(6,3,'2022-08-02 18:57:43','2022-08-02 18:57:43'),
	(38,17,'2022-08-02 18:57:43','2022-08-02 18:57:43'),
	(36,17,'2022-08-02 18:57:43','2022-08-02 18:57:43'),
	(12,17,'2022-08-02 18:57:43','2022-08-02 18:57:43'),
	(36,17,'2022-08-02 18:57:43','2022-08-02 18:57:43'),
	(19,17,'2022-08-02 18:57:43','2022-08-02 18:57:43'),
	(4,44,'2022-08-02 18:57:43','2022-08-02 18:57:43'),
	(36,44,'2022-08-02 18:57:43','2022-08-02 18:57:43'),
	(40,44,'2022-08-02 18:57:43','2022-08-02 18:57:43'),
	(22,44,'2022-08-02 18:57:43','2022-08-02 18:57:43'),
	(6,15,'2022-08-02 18:57:43','2022-08-02 18:57:43'),
	(37,15,'2022-08-02 18:57:43','2022-08-02 18:57:43'),
	(35,15,'2022-08-02 18:57:43','2022-08-02 18:57:43'),
	(20,15,'2022-08-02 18:57:43','2022-08-02 18:57:43'),
	(12,10,'2022-08-02 18:57:43','2022-08-02 18:57:43'),
	(6,10,'2022-08-02 18:57:43','2022-08-02 18:57:43'),
	(23,10,'2022-08-02 18:57:43','2022-08-02 18:57:43'),
	(30,22,'2022-08-02 18:57:43','2022-08-02 18:57:43'),
	(25,22,'2022-08-02 18:57:43','2022-08-02 18:57:43'),
	(16,22,'2022-08-02 18:57:43','2022-08-02 18:57:43'),
	(5,22,'2022-08-02 18:57:43','2022-08-02 18:57:43'),
	(13,2,'2022-08-02 18:57:43','2022-08-02 18:57:43'),
	(26,2,'2022-08-02 18:57:43','2022-08-02 18:57:43'),
	(30,2,'2022-08-02 18:57:43','2022-08-02 18:57:43'),
	(30,2,'2022-08-02 18:57:43','2022-08-02 18:57:43'),
	(26,30,'2022-08-02 18:57:43','2022-08-02 18:57:43'),
	(2,30,'2022-08-02 18:57:43','2022-08-02 18:57:43'),
	(14,30,'2022-08-02 18:57:43','2022-08-02 18:57:43'),
	(38,42,'2022-08-02 18:57:43','2022-08-02 18:57:43'),
	(13,42,'2022-08-02 18:57:43','2022-08-02 18:57:43'),
	(16,42,'2022-08-02 18:57:43','2022-08-02 18:57:43'),
	(18,42,'2022-08-02 18:57:43','2022-08-02 18:57:43'),
	(33,42,'2022-08-02 18:57:43','2022-08-02 18:57:43'),
	(5,21,'2022-08-02 18:57:43','2022-08-02 18:57:43'),
	(18,21,'2022-08-02 18:57:43','2022-08-02 18:57:43'),
	(14,21,'2022-08-02 18:57:43','2022-08-02 18:57:43'),
	(8,25,'2022-08-02 18:57:43','2022-08-02 18:57:43'),
	(7,25,'2022-08-02 18:57:43','2022-08-02 18:57:43'),
	(5,25,'2022-08-02 18:57:43','2022-08-02 18:57:43'),
	(19,25,'2022-08-02 18:57:43','2022-08-02 18:57:43'),
	(30,8,'2022-08-02 18:57:43','2022-08-02 18:57:43'),
	(4,8,'2022-08-02 18:57:43','2022-08-02 18:57:43'),
	(24,8,'2022-08-02 18:57:43','2022-08-02 18:57:43'),
	(23,8,'2022-08-02 18:57:43','2022-08-02 18:57:43'),
	(26,24,'2022-08-02 18:57:43','2022-08-02 18:57:43'),
	(2,24,'2022-08-02 18:57:43','2022-08-02 18:57:43'),
	(34,24,'2022-08-02 18:57:43','2022-08-02 18:57:43'),
	(29,24,'2022-08-02 18:57:43','2022-08-02 18:57:43'),
	(29,24,'2022-08-02 18:57:43','2022-08-02 18:57:43'),
	(38,14,'2022-08-02 18:57:43','2022-08-02 18:57:43'),
	(29,14,'2022-08-02 18:57:43','2022-08-02 18:57:43'),
	(3,14,'2022-08-02 18:57:43','2022-08-02 18:57:43'),
	(16,9,'2022-08-02 18:57:43','2022-08-02 18:57:43'),
	(6,9,'2022-08-02 18:57:43','2022-08-02 18:57:43'),
	(22,9,'2022-08-02 18:57:43','2022-08-02 18:57:43'),
	(40,50,'2022-08-02 18:57:43','2022-08-02 18:57:43'),
	(37,50,'2022-08-02 18:57:43','2022-08-02 18:57:43'),
	(5,50,'2022-08-02 18:57:43','2022-08-02 18:57:43'),
	(17,50,'2022-08-02 18:57:43','2022-08-02 18:57:43'),
	(25,50,'2022-08-02 18:57:43','2022-08-02 18:57:43'),
	(15,7,'2022-08-02 18:57:43','2022-08-02 18:57:43'),
	(16,7,'2022-08-02 18:57:43','2022-08-02 18:57:43'),
	(5,7,'2022-08-02 18:57:43','2022-08-02 18:57:43'),
	(28,7,'2022-08-02 18:57:43','2022-08-02 18:57:43'),
	(22,41,'2022-08-02 18:57:43','2022-08-02 18:57:43'),
	(34,41,'2022-08-02 18:57:43','2022-08-02 18:57:43'),
	(10,41,'2022-08-02 18:57:43','2022-08-02 18:57:43'),
	(5,41,'2022-08-02 18:57:43','2022-08-02 18:57:43'),
	(27,41,'2022-08-02 18:57:43','2022-08-02 18:57:43'),
	(24,31,'2022-08-02 18:57:43','2022-08-02 18:57:43'),
	(26,31,'2022-08-02 18:57:43','2022-08-02 18:57:43'),
	(14,31,'2022-08-02 18:57:43','2022-08-02 18:57:43'),
	(5,31,'2022-08-02 18:57:43','2022-08-02 18:57:43'),
	(13,31,'2022-08-02 18:57:43','2022-08-02 18:57:43'),
	(15,18,'2022-08-02 18:57:43','2022-08-02 18:57:43'),
	(18,18,'2022-08-02 18:57:43','2022-08-02 18:57:43'),
	(21,18,'2022-08-02 18:57:43','2022-08-02 18:57:43'),
	(4,18,'2022-08-02 18:57:43','2022-08-02 18:57:43'),
	(37,18,'2022-08-02 18:57:43','2022-08-02 18:57:43'),
	(8,51,'2022-08-02 18:57:43','2022-08-02 18:57:43'),
	(2,51,'2022-08-02 18:57:43','2022-08-02 18:57:43'),
	(21,51,'2022-08-02 18:57:43','2022-08-02 18:57:43'),
	(40,37,'2022-08-02 18:57:43','2022-08-02 18:57:43'),
	(29,37,'2022-08-02 18:57:43','2022-08-02 18:57:43'),
	(21,37,'2022-08-02 18:57:43','2022-08-02 18:57:43'),
	(22,37,'2022-08-02 18:57:43','2022-08-02 18:57:43'),
	(32,37,'2022-08-02 18:57:43','2022-08-02 18:57:43'),
	(12,49,'2022-08-02 18:57:43','2022-08-02 18:57:43'),
	(30,49,'2022-08-02 18:57:43','2022-08-02 18:57:43'),
	(22,49,'2022-08-02 18:57:43','2022-08-02 18:57:43'),
	(27,49,'2022-08-02 18:57:43','2022-08-02 18:57:43'),
	(2,27,'2022-08-02 18:57:43','2022-08-02 18:57:43'),
	(1,27,'2022-08-02 18:57:43','2022-08-02 18:57:43'),
	(28,27,'2022-08-02 18:57:43','2022-08-02 18:57:43'),
	(13,27,'2022-08-02 18:57:43','2022-08-02 18:57:43'),
	(2,27,'2022-08-02 18:57:43','2022-08-02 18:57:43'),
	(9,34,'2022-08-02 18:57:43','2022-08-02 18:57:43'),
	(3,34,'2022-08-02 18:57:43','2022-08-02 18:57:43'),
	(12,34,'2022-08-02 18:57:43','2022-08-02 18:57:43'),
	(24,34,'2022-08-02 18:57:43','2022-08-02 18:57:43'),
	(17,34,'2022-08-02 18:57:43','2022-08-02 18:57:43'),
	(28,26,'2022-08-02 18:57:43','2022-08-02 18:57:43'),
	(22,26,'2022-08-02 18:57:43','2022-08-02 18:57:43'),
	(25,26,'2022-08-02 18:57:43','2022-08-02 18:57:43'),
	(18,26,'2022-08-02 18:57:43','2022-08-02 18:57:43'),
	(7,19,'2022-08-02 18:57:43','2022-08-02 18:57:43'),
	(20,19,'2022-08-02 18:57:43','2022-08-02 18:57:43'),
	(34,19,'2022-08-02 18:57:43','2022-08-02 18:57:43'),
	(5,45,'2022-08-02 18:57:43','2022-08-02 18:57:43'),
	(38,45,'2022-08-02 18:57:43','2022-08-02 18:57:43'),
	(4,45,'2022-08-02 18:57:43','2022-08-02 18:57:43'),
	(35,45,'2022-08-02 18:57:43','2022-08-02 18:57:43'),
	(23,38,'2022-08-02 18:57:43','2022-08-02 18:57:43'),
	(18,38,'2022-08-02 18:57:43','2022-08-02 18:57:43'),
	(39,38,'2022-08-02 18:57:43','2022-08-02 18:57:43'),
	(28,20,'2022-08-02 18:57:43','2022-08-02 18:57:43'),
	(18,20,'2022-08-02 18:57:43','2022-08-02 18:57:43'),
	(19,20,'2022-08-02 18:57:43','2022-08-02 18:57:43'),
	(35,20,'2022-08-02 18:57:43','2022-08-02 18:57:43'),
	(10,13,'2022-08-02 18:57:43','2022-08-02 18:57:43'),
	(32,13,'2022-08-02 18:57:43','2022-08-02 18:57:43'),
	(26,13,'2022-08-02 18:57:43','2022-08-02 18:57:43'),
	(11,13,'2022-08-02 18:57:43','2022-08-02 18:57:43'),
	(32,40,'2022-08-02 18:57:43','2022-08-02 18:57:43'),
	(7,40,'2022-08-02 18:57:43','2022-08-02 18:57:43'),
	(10,40,'2022-08-02 18:57:43','2022-08-02 18:57:43'),
	(40,40,'2022-08-02 18:57:43','2022-08-02 18:57:43'),
	(28,40,'2022-08-02 18:57:43','2022-08-02 18:57:43'),
	(26,23,'2022-08-02 18:57:43','2022-08-02 18:57:43'),
	(10,23,'2022-08-02 18:57:43','2022-08-02 18:57:43'),
	(19,23,'2022-08-02 18:57:43','2022-08-02 18:57:43'),
	(18,23,'2022-08-02 18:57:43','2022-08-02 18:57:43'),
	(20,16,'2022-08-02 18:57:43','2022-08-02 18:57:43'),
	(19,16,'2022-08-02 18:57:43','2022-08-02 18:57:43'),
	(21,16,'2022-08-02 18:57:43','2022-08-02 18:57:43'),
	(1,16,'2022-08-02 18:57:43','2022-08-02 18:57:43'),
	(40,29,'2022-08-02 18:57:43','2022-08-02 18:57:43'),
	(15,29,'2022-08-02 18:57:43','2022-08-02 18:57:43'),
	(11,29,'2022-08-02 18:57:43','2022-08-02 18:57:43'),
	(14,28,'2022-08-02 18:57:43','2022-08-02 18:57:43'),
	(34,28,'2022-08-02 18:57:43','2022-08-02 18:57:43'),
	(17,28,'2022-08-02 18:57:43','2022-08-02 18:57:43'),
	(9,28,'2022-08-02 18:57:43','2022-08-02 18:57:43'),
	(11,5,'2022-08-02 18:57:43','2022-08-02 18:57:43'),
	(9,5,'2022-08-02 18:57:43','2022-08-02 18:57:43'),
	(39,5,'2022-08-02 18:57:43','2022-08-02 18:57:43'),
	(9,5,'2022-08-02 18:57:43','2022-08-02 18:57:43'),
	(20,39,'2022-08-02 18:57:43','2022-08-02 18:57:43'),
	(35,39,'2022-08-02 18:57:43','2022-08-02 18:57:43'),
	(31,39,'2022-08-02 18:57:43','2022-08-02 18:57:43'),
	(40,39,'2022-08-02 18:57:43','2022-08-02 18:57:43'),
	(5,33,'2022-08-02 18:57:43','2022-08-02 18:57:43'),
	(5,33,'2022-08-02 18:57:43','2022-08-02 18:57:43'),
	(36,33,'2022-08-02 18:57:43','2022-08-02 18:57:43'),
	(9,33,'2022-08-02 18:57:43','2022-08-02 18:57:43'),
	(26,33,'2022-08-02 18:57:43','2022-08-02 18:57:43'),
	(8,48,'2022-08-02 18:57:43','2022-08-02 18:57:43'),
	(40,48,'2022-08-02 18:57:43','2022-08-02 18:57:43'),
	(2,48,'2022-08-02 18:57:43','2022-08-02 18:57:43'),
	(16,48,'2022-08-02 18:57:43','2022-08-02 18:57:43'),
	(10,12,'2022-08-02 18:57:43','2022-08-02 18:57:43'),
	(4,12,'2022-08-02 18:57:43','2022-08-02 18:57:43'),
	(15,12,'2022-08-02 18:57:43','2022-08-02 18:57:43'),
	(2,12,'2022-08-02 18:57:43','2022-08-02 18:57:43'),
	(24,11,'2022-08-02 18:57:43','2022-08-02 18:57:43'),
	(25,11,'2022-08-02 18:57:43','2022-08-02 18:57:43'),
	(35,11,'2022-08-02 18:57:43','2022-08-02 18:57:43'),
	(5,46,'2022-08-02 18:57:43','2022-08-02 18:57:43'),
	(27,46,'2022-08-02 18:57:43','2022-08-02 18:57:43'),
	(23,46,'2022-08-02 18:57:43','2022-08-02 18:57:43'),
	(38,46,'2022-08-02 18:57:43','2022-08-02 18:57:43'),
	(6,46,'2022-08-02 18:57:43','2022-08-02 18:57:43'),
	(39,36,'2022-08-02 18:57:43','2022-08-02 18:57:43'),
	(36,36,'2022-08-02 18:57:43','2022-08-02 18:57:43'),
	(13,36,'2022-08-02 18:57:43','2022-08-02 18:57:43'),
	(30,36,'2022-08-02 18:57:43','2022-08-02 18:57:43'),
	(16,35,'2022-08-02 18:57:43','2022-08-02 18:57:43'),
	(36,35,'2022-08-02 18:57:43','2022-08-02 18:57:43'),
	(15,35,'2022-08-02 18:57:43','2022-08-02 18:57:43'),
	(19,25,'2022-08-02 18:57:52','2022-08-02 18:57:52'),
	(19,36,'2022-08-02 18:57:52','2022-08-02 18:57:52'),
	(19,31,'2022-08-02 18:57:52','2022-08-02 18:57:52'),
	(19,4,'2022-08-02 18:57:52','2022-08-02 18:57:52'),
	(19,31,'2022-08-02 18:57:52','2022-08-02 18:57:52'),
	(19,1,'2022-08-02 18:57:52','2022-08-02 18:57:52'),
	(19,10,'2022-08-02 18:57:52','2022-08-02 18:57:52'),
	(19,49,'2022-08-02 18:57:52','2022-08-02 18:57:52'),
	(19,7,'2022-08-02 18:57:52','2022-08-02 18:57:52'),
	(34,49,'2022-08-02 18:57:52','2022-08-02 18:57:52'),
	(34,28,'2022-08-02 18:57:52','2022-08-02 18:57:52'),
	(34,24,'2022-08-02 18:57:52','2022-08-02 18:57:52'),
	(34,47,'2022-08-02 18:57:52','2022-08-02 18:57:52'),
	(34,48,'2022-08-02 18:57:52','2022-08-02 18:57:52'),
	(34,18,'2022-08-02 18:57:52','2022-08-02 18:57:52'),
	(34,3,'2022-08-02 18:57:52','2022-08-02 18:57:52'),
	(34,40,'2022-08-02 18:57:52','2022-08-02 18:57:52'),
	(34,45,'2022-08-02 18:57:52','2022-08-02 18:57:52'),
	(34,41,'2022-08-02 18:57:52','2022-08-02 18:57:52'),
	(34,42,'2022-08-02 18:57:52','2022-08-02 18:57:52'),
	(34,24,'2022-08-02 18:57:52','2022-08-02 18:57:52'),
	(34,27,'2022-08-02 18:57:52','2022-08-02 18:57:52'),
	(5,12,'2022-08-02 18:57:52','2022-08-02 18:57:52'),
	(5,43,'2022-08-02 18:57:52','2022-08-02 18:57:52'),
	(5,22,'2022-08-02 18:57:52','2022-08-02 18:57:52'),
	(5,38,'2022-08-02 18:57:52','2022-08-02 18:57:52'),
	(5,21,'2022-08-02 18:57:52','2022-08-02 18:57:52'),
	(5,29,'2022-08-02 18:57:52','2022-08-02 18:57:52'),
	(5,29,'2022-08-02 18:57:52','2022-08-02 18:57:52'),
	(5,22,'2022-08-02 18:57:52','2022-08-02 18:57:52'),
	(5,16,'2022-08-02 18:57:52','2022-08-02 18:57:52');

/*!40000 ALTER TABLE `category_product` ENABLE KEYS */;


# Dump of table category_sub_groups
# ------------------------------------------------------------

DROP TABLE IF EXISTS `category_sub_groups`;

CREATE TABLE `category_sub_groups` (
  `id` int(10) unsigned NOT NULL AUTO_INCREMENT,
  `category_group_id` int(10) unsigned NOT NULL,
  `name` varchar(200) COLLATE utf8mb3_unicode_ci NOT NULL,
  `slug` varchar(200) COLLATE utf8mb3_unicode_ci NOT NULL,
  `description` text COLLATE utf8mb3_unicode_ci DEFAULT NULL,
  `active` tinyint(1) NOT NULL DEFAULT 1,
  `order` int(11) DEFAULT 100,
  `meta_title` text COLLATE utf8mb3_unicode_ci DEFAULT NULL,
  `meta_description` longtext COLLATE utf8mb3_unicode_ci DEFAULT NULL,
  `deleted_at` timestamp NULL DEFAULT NULL,
  `created_at` timestamp NULL DEFAULT NULL,
  `updated_at` timestamp NULL DEFAULT NULL,
  PRIMARY KEY (`id`),
  UNIQUE KEY `category_sub_groups_slug_unique` (`slug`),
  KEY `category_sub_groups_category_group_id_foreign` (`category_group_id`),
  CONSTRAINT `category_sub_groups_category_group_id_foreign` FOREIGN KEY (`category_group_id`) REFERENCES `category_groups` (`id`) ON DELETE CASCADE
) ENGINE=InnoDB DEFAULT CHARSET=utf8mb3 COLLATE=utf8mb3_unicode_ci;

/*!40000 ALTER TABLE `category_sub_groups` DISABLE KEYS */;

INSERT INTO `category_sub_groups` (`id`, `category_group_id`, `name`, `slug`, `description`, `active`, `order`, `meta_title`, `meta_description`, `deleted_at`, `created_at`, `updated_at`)
VALUES
	(1,1,'Mobile & Accessories','mobile-accessories','Cell Phones and Accessories',1,100,NULL,NULL,NULL,'2022-08-02 18:57:45','2022-08-02 18:57:45'),
	(2,1,'Computer & Accessories','computer-accessories','Tablet, Laptop, Desktop and Accessories',1,100,NULL,NULL,NULL,'2022-08-02 18:57:45','2022-08-02 18:57:45'),
	(3,1,'Home Entertainment','home-entertainment','TVs, Home Theaters etc',1,100,NULL,NULL,NULL,'2022-08-02 18:57:45','2022-08-02 18:57:45'),
	(4,1,'Photo & Video','photo-video','PnS, DSLR, Video Camera and Accessories',1,100,NULL,NULL,NULL,'2022-08-02 18:57:45','2022-08-02 18:57:45'),
	(5,2,'Indoor','indoor','Puzzle, Keram etc',1,100,NULL,NULL,NULL,'2022-08-02 18:57:45','2022-08-02 18:57:45'),
	(6,2,'Outdoor','outdoor','Cycle, Dron etc',1,100,NULL,NULL,NULL,'2022-08-02 18:57:45','2022-08-02 18:57:45'),
	(7,3,'Men\'s Fashion','mens-fashion','Lots of fashion products.',1,100,NULL,NULL,NULL,'2022-08-02 18:57:45','2022-08-02 18:57:45'),
	(8,3,'Women\'s Fashion','womens-fashion','Lots of fashion products.',1,100,NULL,NULL,NULL,'2022-08-02 18:57:45','2022-08-02 18:57:45'),
	(9,4,'Kitchen','kitchen','Kitchen and cooking products.',1,100,NULL,NULL,NULL,'2022-08-02 18:57:45','2022-08-02 18:57:45'),
	(10,4,'Garden','garden','Gardening related products.',1,100,NULL,NULL,NULL,'2022-08-02 18:57:45','2022-08-02 18:57:45'),
	(11,4,'Pollich, Leffler and Bayer','et-maxime-harum-corrupti-molestiae-qui-expedita-autem','Dolor aspernatur dignissimos ad non molestiae maiores doloribus ea. Et sit voluptatum laboriosam eum consectetur rerum magnam. Quia et consectetur et id at magni reprehenderit rerum. Reprehenderit in est dolorem quia. Explicabo necessitatibus ea reiciendis sed aspernatur. Et et totam nihil atque voluptas adipisci. Est repellat nisi consequuntur qui libero ut. Repudiandae quia magnam labore possimus sint.',1,100,NULL,NULL,NULL,'2022-08-02 18:57:45','2022-08-02 18:57:45'),
	(12,3,'Roberts, Hagenes and Sipes','saepe-voluptatem-non-vitae-magni-eaque-eos-consequuntur','Sequi ratione magnam assumenda voluptatibus recusandae asperiores. Magnam rerum illo quis quia recusandae doloremque. Nesciunt consequatur cupiditate nihil necessitatibus eum veniam quisquam. At nam pariatur possimus sit non corporis perferendis. Id ut vel et quo. Eligendi nesciunt inventore quis quia enim sed. Ut repellendus est fugit. Est et reprehenderit qui perspiciatis fugiat expedita maiores.',1,100,NULL,NULL,NULL,'2022-08-02 18:57:45','2022-08-02 18:57:45'),
	(13,3,'Kertzmann LLC','non-soluta-repudiandae-quidem','Adipisci vero ullam qui laborum non. Ea beatae praesentium voluptatem officiis magni in. Reprehenderit dolores aut quis sit. Itaque ut non voluptatem in. Sunt est commodi cupiditate libero veritatis ut autem. Inventore nulla numquam vitae cupiditate. Aut ipsam dicta nihil iusto praesentium mollitia. Consequatur sequi cupiditate ipsam repudiandae numquam inventore. Mollitia in libero amet natus qui. Voluptas sit amet rerum assumenda expedita. Non velit explicabo beatae cumque.',1,100,NULL,NULL,NULL,'2022-08-02 18:57:45','2022-08-02 18:57:45'),
	(14,6,'Dickinson, Grady and Lehner','ut-beatae-enim-expedita-sit-accusantium-temporibus-velit-reiciendis','Quaerat quia recusandae non animi sit suscipit ea. Qui a quo debitis porro repellendus veniam. Repudiandae odit tempora molestiae est. Voluptas ut et accusantium. Eos ea modi quis qui. Ex libero nobis eius sed quia voluptatum doloribus. Nesciunt rem mollitia tempore alias. Nisi voluptas nisi ut enim et odio sit ex. Dolore quas veniam laborum harum quo ut. Consequatur consequatur dicta aut sit et. Cum non veritatis cumque totam porro ipsa.',1,100,NULL,NULL,NULL,'2022-08-02 18:57:45','2022-08-02 18:57:45'),
	(15,4,'Brown-Weimann','sequi-illo-excepturi-est-nostrum','Quo non consequatur iste fuga. Enim cum illo itaque aliquid. Necessitatibus fugiat unde cumque. Voluptate quia minus impedit sapiente. Et qui nostrum id voluptatem ut est tenetur. Placeat eligendi velit consectetur molestiae culpa recusandae eius. Doloribus dolorem enim nostrum est assumenda sed dolor occaecati. Enim minus nesciunt dolor ab quod.',1,100,NULL,NULL,NULL,'2022-08-02 18:57:45','2022-08-02 18:57:45'),
	(16,1,'Jaskolski, Prohaska and Nicolas','sit-possimus-in-maiores-deserunt','Fugiat laudantium nihil voluptas sunt. Nam maiores praesentium commodi dolorum non at. Tempore ea aperiam aut consequatur aut. Omnis autem ut labore exercitationem deserunt. Maxime tempore exercitationem tempore nisi ullam. Hic voluptas hic sunt qui qui non unde. Deserunt eos autem eveniet provident et id. Et nesciunt quis debitis voluptatem non dolorem corporis. Ipsam aspernatur sit molestiae aperiam.',1,100,NULL,NULL,NULL,'2022-08-02 18:57:45','2022-08-02 18:57:45'),
	(17,5,'Huels Group','voluptate-qui-ut-enim','Velit voluptatem aliquid molestiae atque. Adipisci minima harum fuga voluptates aliquam voluptatem facilis quia. Aut alias quibusdam nam voluptatem eaque. Omnis quia quia doloribus rerum sit perferendis quia. Laboriosam esse velit delectus possimus ipsam quia molestiae. Qui quas explicabo et excepturi beatae vero quos.',1,100,NULL,NULL,NULL,'2022-08-02 18:57:45','2022-08-02 18:57:45'),
	(18,1,'Hirthe-Kerluke','facilis-ab-iure-doloremque-quia-non-rerum-eveniet','Quo incidunt culpa eligendi molestiae. Sequi rerum ab et eos doloribus. Mollitia voluptas harum ut quo et exercitationem voluptas. Asperiores vel et ut ex. Delectus qui sequi quia sapiente praesentium dicta suscipit. Cupiditate voluptas ut aperiam nam neque nemo quas rerum. Aut et voluptatum ex ut voluptatem. Ea aut sit non nihil saepe. Provident sit suscipit a quis nihil eos. Explicabo eligendi consequuntur ab voluptatibus est adipisci repellat. Eveniet est est eum accusamus sapiente quo.',1,100,NULL,NULL,NULL,'2022-08-02 18:57:45','2022-08-02 18:57:45'),
	(19,7,'Flatley-Rosenbaum','ut-et-facilis-perspiciatis-architecto-repellat-aut-doloribus','Laborum sit harum vero consequatur et non. Magni tempora recusandae non dolorum illum quibusdam. Aut eius est error dignissimos totam. Adipisci hic blanditiis nobis quas neque esse. Fuga ab ipsum debitis ea. Omnis incidunt adipisci omnis sed dolorum optio. Cum cupiditate itaque sed. Qui fugit dolore consequatur nesciunt. Sed omnis et soluta. Vel aut et eum non doloremque.',1,100,NULL,NULL,NULL,'2022-08-02 18:57:45','2022-08-02 18:57:45'),
	(20,3,'Haag LLC','cumque-cum-inventore-perspiciatis-voluptatibus-ut-officiis-itaque-doloremque','Culpa debitis ratione nesciunt commodi qui quaerat. Temporibus temporibus et consequatur et velit ut quo. Consequatur culpa repellat et laudantium. Doloremque vel fugit et sit. Fugit id officia ut aliquid et voluptas. Voluptas dolores in non quasi. Ut placeat mollitia animi odio excepturi eum aut.',1,100,NULL,NULL,NULL,'2022-08-02 18:57:45','2022-08-02 18:57:45'),
	(21,4,'Gottlieb Group','distinctio-consequuntur-qui-non-consequuntur','Nobis tempora porro fugit. Et soluta explicabo fuga harum ut. Deserunt quia modi cumque quo sed optio totam. Eum suscipit assumenda culpa est. Quia est eius in quam nam. Tempore suscipit blanditiis non excepturi. Quod magni et debitis laudantium labore voluptas. Iusto non occaecati corporis laboriosam ratione architecto dolores. Sapiente in ratione maiores fugit quibusdam minima ea. Voluptatem ut quaerat sed similique explicabo nesciunt sit.',1,100,NULL,NULL,NULL,'2022-08-02 18:57:45','2022-08-02 18:57:45'),
	(22,6,'Bauch-Nitzsche','quia-enim-quo-natus-illum-voluptatum','Perferendis provident quos sed aliquam omnis soluta a. Magnam voluptatem eum aut sint et. Aperiam aperiam voluptatem sit distinctio ducimus ea. Quam voluptas aut enim quia dicta. Unde tempora sint eaque vel sed est ex. Voluptas adipisci cumque nesciunt aut. Error voluptas ratione voluptas aperiam voluptas recusandae. Non debitis sunt assumenda aperiam. Quas id qui qui explicabo. Consequatur rerum amet magnam eos omnis aut beatae.',1,100,NULL,NULL,NULL,'2022-08-02 18:57:45','2022-08-02 18:57:45'),
	(23,1,'Rosenbaum, Schamberger and Johnston','tenetur-similique-magnam-amet-qui-voluptatem-consectetur-ut-quas','Doloremque minus dolor sequi molestiae perspiciatis soluta harum. Error vel accusamus quo distinctio sit pariatur eos ipsam. Odit hic quaerat dolores dignissimos ut consequuntur saepe. Placeat cumque rem corporis sunt. Incidunt veniam mollitia dolorum neque mollitia aut sit. Aut et ab nemo optio quia. Similique ut cupiditate ea consequatur eaque soluta provident autem. Quia dicta aut fuga nemo sed ut perferendis a. Sunt officia dicta rerum rerum aut rerum.',1,100,NULL,NULL,NULL,'2022-08-02 18:57:45','2022-08-02 18:57:45'),
	(24,3,'Schultz, Cruickshank and Will','a-impedit-sed-ad-sint','Praesentium placeat magni voluptates nam. Repellendus voluptas cupiditate deleniti quae aliquid exercitationem. Beatae doloribus harum voluptas enim. Ut eveniet ea qui architecto error veritatis. Rerum perspiciatis et deleniti voluptas odit inventore nobis. Amet ullam cumque aut labore. Unde magni et alias iste. Soluta et saepe delectus aut necessitatibus. Autem odit dolor eaque dolores deleniti aut. Ducimus excepturi culpa velit voluptas fugiat tenetur occaecati non.',1,100,NULL,NULL,NULL,'2022-08-02 18:57:45','2022-08-02 18:57:45'),
	(25,2,'Nicolas-King','id-blanditiis-iste-molestiae','Dignissimos nihil natus eaque voluptas velit a. Autem sint qui voluptas fugiat unde maiores eius. Commodi culpa assumenda eum quam enim. Illo consequatur eum voluptatem et aliquid deleniti iure. Qui quae deleniti odio reprehenderit beatae. Voluptas voluptas occaecati consectetur nisi neque laudantium qui. Sunt deleniti in ullam. Nemo sequi voluptas id quam magnam corporis. Dolorum animi sequi et tempore. Et officiis quis at ab quis quo. Odit rerum nobis et veniam sint.',1,100,NULL,NULL,NULL,'2022-08-02 18:57:45','2022-08-02 18:57:45');

/*!40000 ALTER TABLE `category_sub_groups` ENABLE KEYS */;


# Dump of table chat_conversations
# ------------------------------------------------------------

DROP TABLE IF EXISTS `chat_conversations`;

CREATE TABLE `chat_conversations` (
  `id` bigint(20) unsigned NOT NULL AUTO_INCREMENT,
  `shop_id` int(10) unsigned DEFAULT NULL,
  `customer_id` bigint(20) unsigned DEFAULT NULL,
  `message` text COLLATE utf8mb3_unicode_ci DEFAULT NULL,
  `status` int(11) NOT NULL DEFAULT 1,
  `private` tinyint(1) NOT NULL DEFAULT 1,
  `read` tinyint(1) DEFAULT NULL,
  `deleted_at` timestamp NULL DEFAULT NULL,
  `created_at` timestamp NULL DEFAULT NULL,
  `updated_at` timestamp NULL DEFAULT NULL,
  PRIMARY KEY (`id`),
  KEY `chat_conversations_shop_id_foreign` (`shop_id`),
  KEY `chat_conversations_customer_id_foreign` (`customer_id`),
  CONSTRAINT `chat_conversations_customer_id_foreign` FOREIGN KEY (`customer_id`) REFERENCES `customers` (`id`) ON DELETE SET NULL,
  CONSTRAINT `chat_conversations_shop_id_foreign` FOREIGN KEY (`shop_id`) REFERENCES `shops` (`id`) ON DELETE SET NULL
) ENGINE=InnoDB DEFAULT CHARSET=utf8mb3 COLLATE=utf8mb3_unicode_ci;



# Dump of table config_authorize_net
# ------------------------------------------------------------

DROP TABLE IF EXISTS `config_authorize_net`;

CREATE TABLE `config_authorize_net` (
  `shop_id` int(10) unsigned NOT NULL,
  `api_login_id` text COLLATE utf8mb3_unicode_ci DEFAULT NULL,
  `transaction_key` text COLLATE utf8mb3_unicode_ci DEFAULT NULL,
  `sandbox` tinyint(1) DEFAULT 1,
  `created_at` timestamp NULL DEFAULT NULL,
  `updated_at` timestamp NULL DEFAULT NULL,
  PRIMARY KEY (`shop_id`),
  KEY `config_authorize_net_shop_id_index` (`shop_id`),
  CONSTRAINT `config_authorize_net_shop_id_foreign` FOREIGN KEY (`shop_id`) REFERENCES `shops` (`id`) ON DELETE CASCADE
) ENGINE=InnoDB DEFAULT CHARSET=utf8mb3 COLLATE=utf8mb3_unicode_ci;



# Dump of table config_cybersources
# ------------------------------------------------------------

DROP TABLE IF EXISTS `config_cybersources`;

CREATE TABLE `config_cybersources` (
  `shop_id` int(10) unsigned NOT NULL,
  `merchant_id` text COLLATE utf8mb3_unicode_ci DEFAULT NULL,
  `api_key_id` text COLLATE utf8mb3_unicode_ci DEFAULT NULL,
  `secret` text COLLATE utf8mb3_unicode_ci DEFAULT NULL,
  `sandbox` tinyint(1) DEFAULT 1,
  `created_at` timestamp NULL DEFAULT NULL,
  `updated_at` timestamp NULL DEFAULT NULL,
  PRIMARY KEY (`shop_id`),
  KEY `config_cybersources_shop_id_index` (`shop_id`),
  CONSTRAINT `config_cybersources_shop_id_foreign` FOREIGN KEY (`shop_id`) REFERENCES `shops` (`id`) ON DELETE CASCADE
) ENGINE=InnoDB DEFAULT CHARSET=utf8mb3 COLLATE=utf8mb3_unicode_ci;



# Dump of table config_flutterwave
# ------------------------------------------------------------

DROP TABLE IF EXISTS `config_flutterwave`;

CREATE TABLE `config_flutterwave` (
  `shop_id` int(10) unsigned NOT NULL,
  `pub_key` text COLLATE utf8mb3_unicode_ci DEFAULT NULL,
  `sec_key` text COLLATE utf8mb3_unicode_ci DEFAULT NULL,
  `sandbox` tinyint(1) DEFAULT 1,
  `created_at` timestamp NULL DEFAULT NULL,
  `updated_at` timestamp NULL DEFAULT NULL,
  PRIMARY KEY (`shop_id`),
  KEY `config_flutterwave_shop_id_index` (`shop_id`),
  CONSTRAINT `config_flutterwave_shop_id_foreign` FOREIGN KEY (`shop_id`) REFERENCES `shops` (`id`) ON DELETE CASCADE
) ENGINE=InnoDB DEFAULT CHARSET=utf8mb3 COLLATE=utf8mb3_unicode_ci;



# Dump of table config_instamojo
# ------------------------------------------------------------

DROP TABLE IF EXISTS `config_instamojo`;

CREATE TABLE `config_instamojo` (
  `shop_id` int(10) unsigned NOT NULL,
  `api_key` text COLLATE utf8mb3_unicode_ci DEFAULT NULL,
  `auth_token` text COLLATE utf8mb3_unicode_ci DEFAULT NULL,
  `sandbox` tinyint(1) DEFAULT 1,
  `created_at` timestamp NULL DEFAULT NULL,
  `updated_at` timestamp NULL DEFAULT NULL,
  PRIMARY KEY (`shop_id`),
  KEY `config_instamojo_shop_id_index` (`shop_id`),
  CONSTRAINT `config_instamojo_shop_id_foreign` FOREIGN KEY (`shop_id`) REFERENCES `shops` (`id`) ON DELETE CASCADE
) ENGINE=InnoDB DEFAULT CHARSET=utf8mb3 COLLATE=utf8mb3_unicode_ci;



# Dump of table config_manual_payments
# ------------------------------------------------------------

DROP TABLE IF EXISTS `config_manual_payments`;

CREATE TABLE `config_manual_payments` (
  `shop_id` int(10) unsigned NOT NULL,
  `payment_method_id` int(10) unsigned NOT NULL,
  `additional_details` text COLLATE utf8mb3_unicode_ci DEFAULT NULL,
  `payment_instructions` text COLLATE utf8mb3_unicode_ci DEFAULT NULL,
  `created_at` timestamp NULL DEFAULT NULL,
  `updated_at` timestamp NULL DEFAULT NULL,
  KEY `config_manual_payments_shop_id_index` (`shop_id`),
  KEY `config_manual_payments_payment_method_id_index` (`payment_method_id`),
  CONSTRAINT `config_manual_payments_payment_method_id_foreign` FOREIGN KEY (`payment_method_id`) REFERENCES `payment_methods` (`id`) ON DELETE CASCADE,
  CONSTRAINT `config_manual_payments_shop_id_foreign` FOREIGN KEY (`shop_id`) REFERENCES `shops` (`id`) ON DELETE CASCADE
) ENGINE=InnoDB DEFAULT CHARSET=utf8mb3 COLLATE=utf8mb3_unicode_ci;

/*!40000 ALTER TABLE `config_manual_payments` DISABLE KEYS */;

INSERT INTO `config_manual_payments` (`shop_id`, `payment_method_id`, `additional_details`, `payment_instructions`, `created_at`, `updated_at`)
VALUES
	(1,4,'Send the payment via Bank Wire Transfer.','Payment instructions for Bank Wire Transfer','2022-08-02 18:57:43','2022-08-02 18:57:43'),
	(1,3,'Our man will collect the payment when deliver the item to your doorstep.','Payment instructions for COD','2022-08-02 18:57:43','2022-08-02 18:57:43'),
	(2,4,'Send the payment via Bank Wire Transfer.','Payment instructions for Bank Wire Transfer','2022-08-02 18:57:43','2022-08-02 18:57:43'),
	(2,3,'Our man will collect the payment when deliver the item to your doorstep.','Payment instructions for COD','2022-08-02 18:57:43','2022-08-02 18:57:43'),
	(3,4,'Send the payment via Bank Wire Transfer.','Payment instructions for Bank Wire Transfer','2022-08-02 18:57:43','2022-08-02 18:57:43'),
	(3,3,'Our man will collect the payment when deliver the item to your doorstep.','Payment instructions for COD','2022-08-02 18:57:43','2022-08-02 18:57:43'),
	(4,4,'Send the payment via Bank Wire Transfer.','Payment instructions for Bank Wire Transfer','2022-08-02 18:57:43','2022-08-02 18:57:43'),
	(4,3,'Our man will collect the payment when deliver the item to your doorstep.','Payment instructions for COD','2022-08-02 18:57:43','2022-08-02 18:57:43'),
	(5,4,'Send the payment via Bank Wire Transfer.','Payment instructions for Bank Wire Transfer','2022-08-02 18:57:43','2022-08-02 18:57:43'),
	(5,3,'Our man will collect the payment when deliver the item to your doorstep.','Payment instructions for COD','2022-08-02 18:57:43','2022-08-02 18:57:43');

/*!40000 ALTER TABLE `config_manual_payments` ENABLE KEYS */;


# Dump of table config_paypal_express
# ------------------------------------------------------------

DROP TABLE IF EXISTS `config_paypal_express`;

CREATE TABLE `config_paypal_express` (
  `shop_id` int(10) unsigned NOT NULL,
  `account` text COLLATE utf8mb3_unicode_ci DEFAULT NULL,
  `client_id` text COLLATE utf8mb3_unicode_ci DEFAULT NULL,
  `secret` text COLLATE utf8mb3_unicode_ci DEFAULT NULL,
  `sandbox` tinyint(1) DEFAULT 1,
  `created_at` timestamp NULL DEFAULT NULL,
  `updated_at` timestamp NULL DEFAULT NULL,
  PRIMARY KEY (`shop_id`),
  KEY `config_paypal_express_shop_id_index` (`shop_id`),
  CONSTRAINT `config_paypal_express_shop_id_foreign` FOREIGN KEY (`shop_id`) REFERENCES `shops` (`id`) ON DELETE CASCADE
) ENGINE=InnoDB DEFAULT CHARSET=utf8mb3 COLLATE=utf8mb3_unicode_ci;



# Dump of table config_paystacks
# ------------------------------------------------------------

DROP TABLE IF EXISTS `config_paystacks`;

CREATE TABLE `config_paystacks` (
  `shop_id` int(10) unsigned NOT NULL,
  `merchant_email` text COLLATE utf8mb3_unicode_ci DEFAULT NULL,
  `public_key` text COLLATE utf8mb3_unicode_ci DEFAULT NULL,
  `secret` text COLLATE utf8mb3_unicode_ci DEFAULT NULL,
  `sandbox` tinyint(1) DEFAULT 1,
  `created_at` timestamp NULL DEFAULT NULL,
  `updated_at` timestamp NULL DEFAULT NULL,
  PRIMARY KEY (`shop_id`),
  KEY `config_paystacks_shop_id_index` (`shop_id`),
  CONSTRAINT `config_paystacks_shop_id_foreign` FOREIGN KEY (`shop_id`) REFERENCES `shops` (`id`) ON DELETE CASCADE
) ENGINE=InnoDB DEFAULT CHARSET=utf8mb3 COLLATE=utf8mb3_unicode_ci;



# Dump of table config_razorpay
# ------------------------------------------------------------

DROP TABLE IF EXISTS `config_razorpay`;

CREATE TABLE `config_razorpay` (
  `shop_id` int(10) unsigned NOT NULL,
  `api_key` text COLLATE utf8mb3_unicode_ci DEFAULT NULL,
  `secret` text COLLATE utf8mb3_unicode_ci DEFAULT NULL,
  `sandbox` tinyint(1) DEFAULT 1,
  `created_at` timestamp NULL DEFAULT NULL,
  `updated_at` timestamp NULL DEFAULT NULL,
  PRIMARY KEY (`shop_id`),
  KEY `config_razorpay_shop_id_index` (`shop_id`),
  CONSTRAINT `config_razorpay_shop_id_foreign` FOREIGN KEY (`shop_id`) REFERENCES `shops` (`id`) ON DELETE CASCADE
) ENGINE=InnoDB DEFAULT CHARSET=utf8mb3 COLLATE=utf8mb3_unicode_ci;



# Dump of table config_sslcommerz
# ------------------------------------------------------------

DROP TABLE IF EXISTS `config_sslcommerz`;

CREATE TABLE `config_sslcommerz` (
  `shop_id` int(10) unsigned NOT NULL,
  `store_id` text COLLATE utf8mb3_unicode_ci DEFAULT NULL,
  `store_password` text COLLATE utf8mb3_unicode_ci DEFAULT NULL,
  `sandbox` tinyint(1) DEFAULT 1,
  `created_at` timestamp NULL DEFAULT NULL,
  `updated_at` timestamp NULL DEFAULT NULL,
  PRIMARY KEY (`shop_id`),
  KEY `config_sslcommerz_shop_id_index` (`shop_id`),
  CONSTRAINT `config_sslcommerz_shop_id_foreign` FOREIGN KEY (`shop_id`) REFERENCES `shops` (`id`) ON DELETE CASCADE
) ENGINE=InnoDB DEFAULT CHARSET=utf8mb3 COLLATE=utf8mb3_unicode_ci;



# Dump of table config_stripes
# ------------------------------------------------------------

DROP TABLE IF EXISTS `config_stripes`;

CREATE TABLE `config_stripes` (
  `shop_id` int(10) unsigned NOT NULL,
  `stripe_user_id` varchar(255) COLLATE utf8mb3_unicode_ci DEFAULT NULL,
  `publishable_key` varchar(255) COLLATE utf8mb3_unicode_ci DEFAULT NULL,
  `refresh_token` varchar(255) COLLATE utf8mb3_unicode_ci DEFAULT NULL,
  `created_at` timestamp NULL DEFAULT NULL,
  `updated_at` timestamp NULL DEFAULT NULL,
  PRIMARY KEY (`shop_id`),
  KEY `config_stripes_shop_id_index` (`shop_id`),
  CONSTRAINT `config_stripes_shop_id_foreign` FOREIGN KEY (`shop_id`) REFERENCES `shops` (`id`) ON DELETE CASCADE
) ENGINE=InnoDB DEFAULT CHARSET=utf8mb3 COLLATE=utf8mb3_unicode_ci;



# Dump of table configs
# ------------------------------------------------------------

DROP TABLE IF EXISTS `configs`;

CREATE TABLE `configs` (
  `shop_id` int(10) unsigned NOT NULL,
  `support_phone` varchar(255) COLLATE utf8mb3_unicode_ci DEFAULT NULL,
  `support_phone_toll_free` varchar(255) COLLATE utf8mb3_unicode_ci DEFAULT NULL,
  `support_email` varchar(255) COLLATE utf8mb3_unicode_ci DEFAULT NULL,
  `support_agent` bigint(20) unsigned DEFAULT NULL,
  `default_sender_email_address` varchar(255) COLLATE utf8mb3_unicode_ci DEFAULT NULL,
  `default_email_sender_name` varchar(255) COLLATE utf8mb3_unicode_ci DEFAULT NULL,
  `return_refund` longtext COLLATE utf8mb3_unicode_ci DEFAULT NULL,
  `order_number_prefix` varchar(255) COLLATE utf8mb3_unicode_ci DEFAULT '#',
  `order_number_suffix` varchar(255) COLLATE utf8mb3_unicode_ci DEFAULT NULL,
  `default_tax_id` int(10) unsigned DEFAULT 1,
  `order_handling_cost` decimal(20,6) DEFAULT NULL,
  `auto_archive_order` tinyint(1) DEFAULT 0,
  `default_payment_method_id` int(10) unsigned DEFAULT NULL,
  `pagination` int(10) unsigned NOT NULL DEFAULT 10,
  `show_shop_desc_with_listing` tinyint(1) DEFAULT NULL,
  `show_refund_policy_with_listing` tinyint(1) DEFAULT 1,
  `alert_quantity` int(11) DEFAULT NULL,
  `digital_goods_only` tinyint(1) DEFAULT 0,
  `default_warehouse_id` int(10) unsigned DEFAULT NULL,
  `default_supplier_id` int(10) unsigned DEFAULT NULL,
  `default_packaging_ids` varchar(255) COLLATE utf8mb3_unicode_ci DEFAULT NULL,
  `notify_new_message` tinyint(1) DEFAULT NULL,
  `notify_alert_quantity` tinyint(1) DEFAULT NULL,
  `notify_inventory_out` tinyint(1) DEFAULT NULL,
  `notify_new_order` tinyint(1) DEFAULT 1,
  `notify_abandoned_checkout` tinyint(1) DEFAULT NULL,
  `notify_new_disput` tinyint(1) DEFAULT 1,
  `enable_live_chat` tinyint(1) DEFAULT 1,
  `notify_new_chat` tinyint(1) DEFAULT 1,
  `maintenance_mode` tinyint(1) DEFAULT 1,
  `pending_verification` tinyint(1) DEFAULT NULL,
  `created_at` timestamp NULL DEFAULT NULL,
  `updated_at` timestamp NULL DEFAULT NULL,
  `active_ecommerce` tinyint(1) NOT NULL DEFAULT 1,
  `pay_online` tinyint(1) NOT NULL DEFAULT 1,
  `pay_in_person` tinyint(1) NOT NULL DEFAULT 0,
  PRIMARY KEY (`shop_id`),
  UNIQUE KEY `configs_shop_id_unique` (`shop_id`),
  CONSTRAINT `configs_shop_id_foreign` FOREIGN KEY (`shop_id`) REFERENCES `shops` (`id`) ON DELETE CASCADE
) ENGINE=InnoDB DEFAULT CHARSET=utf8mb3 COLLATE=utf8mb3_unicode_ci;

/*!40000 ALTER TABLE `configs` DISABLE KEYS */;

INSERT INTO `configs` (`shop_id`, `support_phone`, `support_phone_toll_free`, `support_email`, `support_agent`, `default_sender_email_address`, `default_email_sender_name`, `return_refund`, `order_number_prefix`, `order_number_suffix`, `default_tax_id`, `order_handling_cost`, `auto_archive_order`, `default_payment_method_id`, `pagination`, `show_shop_desc_with_listing`, `show_refund_policy_with_listing`, `alert_quantity`, `digital_goods_only`, `default_warehouse_id`, `default_supplier_id`, `default_packaging_ids`, `notify_new_message`, `notify_alert_quantity`, `notify_inventory_out`, `notify_new_order`, `notify_abandoned_checkout`, `notify_new_disput`, `enable_live_chat`, `notify_new_chat`, `maintenance_mode`, `pending_verification`, `created_at`, `updated_at`, `active_ecommerce`, `pay_online`, `pay_in_person`)
VALUES
	(1,NULL,NULL,'support.shop@demo.com',NULL,'noreply.shop@demo.com','Support Agent','<h3>Return & Refund Policy</h3> Thanks for shopping at My Shop.<br/> If you are not entirely satisfied with your purchase, we\'re here to help.<br/><br/><h3>Returns</h3>You have 30 (change this) calendar days to return an item from the date you received it.<br/>To be eligible for a return, your item must be unused and in the same condition that you received it.<br/>Your item must be in the original packaging.<br/>Your item needs to have the receipt or proof of purchase.<br/><br/>','#',NULL,1,2.000000,0,NULL,10,NULL,1,NULL,0,NULL,NULL,NULL,NULL,NULL,NULL,1,NULL,1,1,1,0,NULL,'2022-08-15 18:57:43','2022-08-15 18:57:43',1,1,0),
	(2,NULL,NULL,'support.shop@demo.com',NULL,'noreply.shop@demo.com','Support Agent','<h3>Return & Refund Policy</h3> Thanks for shopping at My Shop.<br/> If you are not entirely satisfied with your purchase, we\'re here to help.<br/><br/><h3>Returns</h3>You have 30 (change this) calendar days to return an item from the date you received it.<br/>To be eligible for a return, your item must be unused and in the same condition that you received it.<br/>Your item must be in the original packaging.<br/>Your item needs to have the receipt or proof of purchase.<br/><br/>','#',NULL,1,2.000000,0,NULL,10,NULL,1,NULL,0,NULL,NULL,NULL,NULL,NULL,NULL,1,NULL,1,1,1,0,NULL,'2022-08-15 18:57:43','2022-08-15 18:57:43',1,1,0),
	(3,NULL,NULL,'support.shop@demo.com',NULL,'noreply.shop@demo.com','Support Agent','<h3>Return & Refund Policy</h3> Thanks for shopping at My Shop.<br/> If you are not entirely satisfied with your purchase, we\'re here to help.<br/><br/><h3>Returns</h3>You have 30 (change this) calendar days to return an item from the date you received it.<br/>To be eligible for a return, your item must be unused and in the same condition that you received it.<br/>Your item must be in the original packaging.<br/>Your item needs to have the receipt or proof of purchase.<br/><br/>','#',NULL,1,2.000000,0,NULL,10,NULL,1,NULL,0,NULL,NULL,NULL,NULL,NULL,NULL,1,NULL,1,1,1,0,NULL,'2022-08-15 18:57:43','2022-08-15 18:57:43',1,1,0),
	(4,NULL,NULL,'support.shop@demo.com',NULL,'noreply.shop@demo.com','Support Agent','<h3>Return & Refund Policy</h3> Thanks for shopping at My Shop.<br/> If you are not entirely satisfied with your purchase, we\'re here to help.<br/><br/><h3>Returns</h3>You have 30 (change this) calendar days to return an item from the date you received it.<br/>To be eligible for a return, your item must be unused and in the same condition that you received it.<br/>Your item must be in the original packaging.<br/>Your item needs to have the receipt or proof of purchase.<br/><br/>','#',NULL,1,2.000000,0,NULL,10,NULL,1,NULL,0,NULL,NULL,NULL,NULL,NULL,NULL,1,NULL,1,1,1,0,NULL,'2022-08-15 18:57:43','2022-08-15 18:57:43',1,1,0),
	(5,NULL,NULL,'support.shop@demo.com',NULL,'noreply.shop@demo.com','Support Agent','<h3>Return & Refund Policy</h3> Thanks for shopping at My Shop.<br/> If you are not entirely satisfied with your purchase, we\'re here to help.<br/><br/><h3>Returns</h3>You have 30 (change this) calendar days to return an item from the date you received it.<br/>To be eligible for a return, your item must be unused and in the same condition that you received it.<br/>Your item must be in the original packaging.<br/>Your item needs to have the receipt or proof of purchase.<br/><br/>','#',NULL,1,2.000000,0,NULL,10,NULL,1,NULL,0,NULL,NULL,NULL,NULL,NULL,NULL,1,NULL,1,1,1,0,NULL,'2022-08-15 18:57:43','2022-08-15 18:57:43',1,1,0);

/*!40000 ALTER TABLE `configs` ENABLE KEYS */;


# Dump of table contact_us
# ------------------------------------------------------------

DROP TABLE IF EXISTS `contact_us`;

CREATE TABLE `contact_us` (
  `id` bigint(20) unsigned NOT NULL AUTO_INCREMENT,
  `name` varchar(255) COLLATE utf8mb3_unicode_ci DEFAULT NULL,
  `phone` varchar(255) COLLATE utf8mb3_unicode_ci DEFAULT NULL,
  `email` varchar(255) COLLATE utf8mb3_unicode_ci NOT NULL,
  `subject` varchar(255) COLLATE utf8mb3_unicode_ci NOT NULL,
  `message` longtext COLLATE utf8mb3_unicode_ci NOT NULL,
  `read` tinyint(1) DEFAULT NULL,
  `created_at` timestamp NULL DEFAULT NULL,
  `updated_at` timestamp NULL DEFAULT NULL,
  PRIMARY KEY (`id`)
) ENGINE=InnoDB DEFAULT CHARSET=utf8mb3 COLLATE=utf8mb3_unicode_ci;



# Dump of table countries
# ------------------------------------------------------------

DROP TABLE IF EXISTS `countries`;

CREATE TABLE `countries` (
  `id` int(10) unsigned NOT NULL AUTO_INCREMENT,
  `name` varchar(255) COLLATE utf8mb3_unicode_ci NOT NULL,
  `full_name` varchar(255) COLLATE utf8mb3_unicode_ci DEFAULT NULL,
  `capital` varchar(255) COLLATE utf8mb3_unicode_ci DEFAULT NULL,
  `currency_id` int(10) unsigned DEFAULT NULL,
  `timezone_id` int(10) unsigned DEFAULT NULL,
  `citizenship` varchar(255) COLLATE utf8mb3_unicode_ci DEFAULT NULL,
  `iso_code` varchar(2) COLLATE utf8mb3_unicode_ci NOT NULL,
  `iso_numeric` varchar(3) COLLATE utf8mb3_unicode_ci DEFAULT NULL,
  `calling_code` varchar(3) COLLATE utf8mb3_unicode_ci DEFAULT NULL,
  `flag` varchar(6) COLLATE utf8mb3_unicode_ci DEFAULT NULL,
  `eea` tinyint(1) DEFAULT 0,
  `active` tinyint(1) DEFAULT 0,
  `created_at` timestamp NULL DEFAULT NULL,
  `updated_at` timestamp NULL DEFAULT NULL,
  PRIMARY KEY (`id`),
  KEY `countries_timezone_id_foreign` (`timezone_id`),
  KEY `countries_currency_id_foreign` (`currency_id`),
  CONSTRAINT `countries_currency_id_foreign` FOREIGN KEY (`currency_id`) REFERENCES `currencies` (`id`) ON DELETE SET NULL,
  CONSTRAINT `countries_timezone_id_foreign` FOREIGN KEY (`timezone_id`) REFERENCES `timezones` (`id`) ON DELETE SET NULL
) ENGINE=InnoDB DEFAULT CHARSET=utf8mb3 COLLATE=utf8mb3_unicode_ci;

/*!40000 ALTER TABLE `countries` DISABLE KEYS */;

INSERT INTO `countries` (`id`, `name`, `full_name`, `capital`, `currency_id`, `timezone_id`, `citizenship`, `iso_code`, `iso_numeric`, `calling_code`, `flag`, `eea`, `active`, `created_at`, `updated_at`)
VALUES
	(4,'Afghanistan','Islamic Republic of Afghanistan','Kabul',2,NULL,'Afghan','AF','004','93','AF.png',0,1,'2022-08-02 18:57:41','2022-08-02 18:57:41'),
	(8,'Albania','Republic of Albania','Tirana',3,NULL,'Albanian','AL','008','355','AL.png',0,1,'2022-08-02 18:57:41','2022-08-02 18:57:41'),
	(10,'Antarctica','Antarctica','Antartica',NULL,NULL,'of Antartica','AQ','010','672','AQ.png',0,1,'2022-08-02 18:57:41','2022-08-02 18:57:41'),
	(12,'Algeria','Peoples Democratic Republic of Algeria','Algiers',42,NULL,'Algerian','DZ','012','213','DZ.png',0,1,'2022-08-02 18:57:41','2022-08-02 18:57:41'),
	(16,'American Samoa','Territory of American','Pago Pago',148,NULL,'American Samoan','AS','016','1','AS.png',0,1,'2022-08-02 18:57:41','2022-08-02 18:57:41'),
	(20,'Andorra','Principality of Andorra','Andorra la Vella',46,NULL,'Andorran','AD','020','376','AD.png',0,1,'2022-08-02 18:57:41','2022-08-02 18:57:41'),
	(24,'Angola','Republic of Angola','Luanda',6,NULL,'Angolan','AO','024','244','AO.png',0,1,'2022-08-02 18:57:41','2022-08-02 18:57:41'),
	(28,'Antigua and Barbuda','Antigua and Barbuda','St Johns',162,NULL,'of Antigua and Barbuda','AG','028','1','AG.png',0,1,'2022-08-02 18:57:41','2022-08-02 18:57:41'),
	(31,'Azerbaijan','Republic of Azerbaijan','Baku',10,NULL,'Azerbaijani','AZ','031','994','AZ.png',0,1,'2022-08-02 18:57:41','2022-08-02 18:57:41'),
	(32,'Argentina','Argentine Republic','Buenos Aires',7,NULL,'Argentinian','AR','032','54','AR.png',0,1,'2022-08-02 18:57:41','2022-08-02 18:57:41'),
	(36,'Australia','Commonwealth of Australia','Canberra',8,NULL,'Australian','AU','036','61','AU.png',0,1,'2022-08-02 18:57:41','2022-08-02 18:57:41'),
	(40,'Austria','Republic of Austria','Vienna',46,NULL,'Austrian','AT','040','43','AT.png',1,1,'2022-08-02 18:57:41','2022-08-02 18:57:41'),
	(44,'Bahamas','Commonwealth of the Bahamas','Nassau',21,NULL,'Bahamian','BS','044','1','BS.png',0,1,'2022-08-02 18:57:41','2022-08-02 18:57:41'),
	(48,'Bahrain','Kingdom of Bahrain','Manama',15,NULL,'Bahraini','BH','048','973','BH.png',0,1,'2022-08-02 18:57:41','2022-08-02 18:57:41'),
	(50,'Bangladesh','Peoples Republic of Bangladesh','Dhaka',13,NULL,'Bangladeshi','BD','050','880','BD.png',0,1,'2022-08-02 18:57:41','2022-08-02 18:57:41'),
	(51,'Armenia','Republic of Armenia','Yerevan',4,NULL,'Armenian','AM','051','374','AM.png',0,1,'2022-08-02 18:57:41','2022-08-02 18:57:41'),
	(52,'Barbados','Barbados','Bridgetown',12,NULL,'Barbadian','BB','052','1','BB.png',0,1,'2022-08-02 18:57:41','2022-08-02 18:57:41'),
	(56,'Belgium','Kingdom of Belgium','Brussels',46,NULL,'Belgian','BE','056','32','BE.png',1,1,'2022-08-02 18:57:41','2022-08-02 18:57:41'),
	(60,'Bermuda','Bermuda','Hamilton',17,NULL,'Bermudian','BM','060','1','BM.png',0,1,'2022-08-02 18:57:41','2022-08-02 18:57:41'),
	(64,'Bhutan','Kingdom of Bhutan','Thimphu',22,NULL,'Bhutanese','BT','064','975','BT.png',0,1,'2022-08-02 18:57:41','2022-08-02 18:57:41'),
	(68,'Bolivia, Plurinational State of','Plurinational State of Bolivia','Sucre (BO1)',19,NULL,'Bolivian','BO','068','591','BO.png',0,1,'2022-08-02 18:57:41','2022-08-02 18:57:41'),
	(70,'Bosnia and Herzegovina','Bosnia and Herzegovina','Sarajevo',11,NULL,'of Bosnia and Herzegovina','BA','070','387','BA.png',0,1,'2022-08-02 18:57:41','2022-08-02 18:57:41'),
	(72,'Botswana','Republic of Botswana','Gaborone',23,NULL,'Botswanan','BW','072','267','BW.png',0,1,'2022-08-02 18:57:41','2022-08-02 18:57:41'),
	(74,'Bouvet Island','Bouvet Island','Bouvet island',NULL,NULL,'of Bouvet island','BV','074','47','BV.png',0,1,'2022-08-02 18:57:41','2022-08-02 18:57:41'),
	(76,'Brazil','Federative Republic of Brazil','Brasilia',20,NULL,'Brazilian','BR','076','55','BR.png',0,1,'2022-08-02 18:57:41','2022-08-02 18:57:41'),
	(84,'Belize','Belize','Belmopan',26,NULL,'Belizean','BZ','084','501','BZ.png',0,1,'2022-08-02 18:57:41','2022-08-02 18:57:41'),
	(86,'British Indian Ocean Territory','British Indian Ocean Territory','Diego Garcia',148,NULL,'Changosian','IO','086','246','IO.png',0,1,'2022-08-02 18:57:41','2022-08-02 18:57:41'),
	(90,'Solomon Islands','Solomon Islands','Honiara',122,NULL,'Solomon Islander','SB','090','677','SB.png',0,1,'2022-08-02 18:57:41','2022-08-02 18:57:41'),
	(92,'Virgin Islands, British','British Virgin Islands','Road Town',148,NULL,'British Virgin Islander;','VG','092','1','VG.png',0,1,'2022-08-02 18:57:41','2022-08-02 18:57:41'),
	(96,'Brunei Darussalam','Brunei Darussalam','Bandar Seri Begawan',18,NULL,'Bruneian','BN','096','673','BN.png',0,1,'2022-08-02 18:57:41','2022-08-02 18:57:41'),
	(100,'Bulgaria','Republic of Bulgaria','Sofia',14,NULL,'Bulgarian','BG','100','359','BG.png',1,1,'2022-08-02 18:57:41','2022-08-02 18:57:41'),
	(104,'Myanmar','Union of Myanmar/','Yangon',92,NULL,'Burmese','MM','104','95','MM.png',0,1,'2022-08-02 18:57:41','2022-08-02 18:57:41'),
	(108,'Burundi','Republic of Burundi','Bujumbura',16,NULL,'Burundian','BI','108','257','BI.png',0,1,'2022-08-02 18:57:41','2022-08-02 18:57:41'),
	(112,'Belarus','Republic of Belarus','Minsk',25,NULL,'Belarusian','BY','112','375','BY.png',0,1,'2022-08-02 18:57:41','2022-08-02 18:57:41'),
	(116,'Cambodia','Kingdom of Cambodia','Phnom Penh',73,NULL,'Cambodian','KH','116','855','KH.png',0,1,'2022-08-02 18:57:41','2022-08-02 18:57:41'),
	(120,'Cameroon','Republic of Cameroon','Yaound',155,NULL,'Cameroonian','CM','120','237','CM.png',0,1,'2022-08-02 18:57:41','2022-08-02 18:57:41'),
	(124,'Canada','Canada','Ottawa',27,NULL,'Canadian','CA','124','1','CA.png',0,1,'2022-08-02 18:57:41','2022-08-02 18:57:41'),
	(132,'Cape Verde','Republic of Cape Verde','Praia',37,NULL,'Cape Verdean','CV','132','238','CV.png',0,1,'2022-08-02 18:57:41','2022-08-02 18:57:41'),
	(136,'Cayman Islands','Cayman Islands','George Town',78,NULL,'Caymanian','KY','136','1','KY.png',0,1,'2022-08-02 18:57:41','2022-08-02 18:57:41'),
	(140,'Central African Republic','Central African Republic','Bangui',155,NULL,'Central African','CF','140','236','CF.png',0,1,'2022-08-02 18:57:41','2022-08-02 18:57:41'),
	(144,'Sri Lanka','Democratic Socialist Republic of Sri Lanka','Colombo',82,NULL,'Sri Lankan','LK','144','94','LK.png',0,1,'2022-08-02 18:57:41','2022-08-02 18:57:41'),
	(148,'Chad','Republic of Chad','NDjamena',155,NULL,'Chadian','TD','148','235','TD.png',0,1,'2022-08-02 18:57:41','2022-08-02 18:57:41'),
	(152,'Chile','Republic of Chile','Santiago',31,NULL,'Chilean','CL','152','56','CL.png',0,1,'2022-08-02 18:57:41','2022-08-02 18:57:41'),
	(156,'China','Peoples Republic of China','Beijing',32,NULL,'Chinese','CN','156','86','CN.png',0,1,'2022-08-02 18:57:41','2022-08-02 18:57:41'),
	(158,'Taiwan, Province of China','Republic of China, Taiwan (TW1)','Taipei',144,NULL,'Taiwanese','TW','158','886','TW.png',0,1,'2022-08-02 18:57:41','2022-08-02 18:57:41'),
	(162,'Christmas Island','Christmas Island Territory','Flying Fish Cove',8,NULL,'Christmas Islander','CX','162','61','CX.png',0,1,'2022-08-02 18:57:41','2022-08-02 18:57:41'),
	(166,'Cocos (Keeling) Islands','Territory of Cocos (Keeling) Islands','Bantam',8,NULL,'Cocos Islander','CC','166','61','CC.png',0,1,'2022-08-02 18:57:41','2022-08-02 18:57:41'),
	(170,'Colombia','Republic of Colombia','Santa Fe de Bogot',33,NULL,'Colombian','CO','170','57','CO.png',0,1,'2022-08-02 18:57:41','2022-08-02 18:57:41'),
	(174,'Comoros','Union of the Comoros','Moroni',74,NULL,'Comorian','KM','174','269','KM.png',0,1,'2022-08-02 18:57:41','2022-08-02 18:57:41'),
	(175,'Mayotte','Departmental Collectivity of Mayotte','Mamoudzou',46,NULL,'Mahorais','YT','175','262','YT.png',0,1,'2022-08-02 18:57:41','2022-08-02 18:57:41'),
	(178,'Congo','Republic of the Congo','Brazzaville',155,NULL,'Congolese','CG','178','242','CG.png',0,1,'2022-08-02 18:57:41','2022-08-02 18:57:41'),
	(180,'Congo, the Democratic Republic of the','Democratic Republic of the Congo','Kinshasa',28,NULL,'Congolese','CD','180','243','CD.png',0,1,'2022-08-02 18:57:41','2022-08-02 18:57:41'),
	(184,'Cook Islands','Cook Islands','Avarua',107,NULL,'Cook Islander','CK','184','682','CK.png',0,1,'2022-08-02 18:57:41','2022-08-02 18:57:41'),
	(188,'Costa Rica','Republic of Costa Rica','San Jos',34,NULL,'Costa Rican','CR','188','506','CR.png',0,1,'2022-08-02 18:57:41','2022-08-02 18:57:41'),
	(191,'Croatia','Republic of Croatia','Zagreb',59,NULL,'Croatian','HR','191','385','HR.png',1,1,'2022-08-02 18:57:41','2022-08-02 18:57:41'),
	(192,'Cuba','Republic of Cuba','Havana',36,NULL,'Cuban','CU','192','53','CU.png',0,1,'2022-08-02 18:57:41','2022-08-02 18:57:41'),
	(196,'Cyprus','Republic of Cyprus','Nicosia',46,NULL,'Cypriot','CY','196','357','CY.png',1,1,'2022-08-02 18:57:41','2022-08-02 18:57:41'),
	(203,'Czech Republic','Czech Republic','Prague',38,NULL,'Czech','CZ','203','420','CZ.png',1,1,'2022-08-02 18:57:41','2022-08-02 18:57:41'),
	(204,'Benin','Republic of Benin','Porto Novo (BJ1)',164,NULL,'Beninese','BJ','204','229','BJ.png',0,1,'2022-08-02 18:57:41','2022-08-02 18:57:41'),
	(208,'Denmark','Kingdom of Denmark','Copenhagen',40,NULL,'Danish','DK','208','45','DK.png',1,1,'2022-08-02 18:57:41','2022-08-02 18:57:41'),
	(212,'Dominica','Commonwealth of Dominica','Roseau',162,NULL,'Dominican','DM','212','1','DM.png',0,1,'2022-08-02 18:57:41','2022-08-02 18:57:41'),
	(214,'Dominican Republic','Dominican Republic','Santo Domingo',41,NULL,'Dominican','DO','214','1','DO.png',0,1,'2022-08-02 18:57:41','2022-08-02 18:57:41'),
	(218,'Ecuador','Republic of Ecuador','Quito',148,NULL,'Ecuadorian','EC','218','593','EC.png',0,1,'2022-08-02 18:57:41','2022-08-02 18:57:41'),
	(222,'El Salvador','Republic of El Salvador','San Salvador',134,NULL,'Salvadoran','SV','222','503','SV.png',0,1,'2022-08-02 18:57:41','2022-08-02 18:57:41'),
	(226,'Equatorial Guinea','Republic of Equatorial Guinea','Malabo',155,NULL,'Equatorial Guinean','GQ','226','240','GQ.png',0,1,'2022-08-02 18:57:41','2022-08-02 18:57:41'),
	(231,'Ethiopia','Federal Democratic Republic of Ethiopia','Addis Ababa',45,NULL,'Ethiopian','ET','231','251','ET.png',0,1,'2022-08-02 18:57:41','2022-08-02 18:57:41'),
	(232,'Eritrea','State of Eritrea','Asmara',44,NULL,'Eritrean','ER','232','291','ER.png',0,1,'2022-08-02 18:57:41','2022-08-02 18:57:41'),
	(233,'Estonia','Republic of Estonia','Tallinn',46,NULL,'Estonian','EE','233','372','EE.png',1,1,'2022-08-02 18:57:41','2022-08-02 18:57:41'),
	(234,'Faroe Islands','Faeroe Islands','Trshavn',40,NULL,'Faeroese','FO','234','298','FO.png',0,1,'2022-08-02 18:57:41','2022-08-02 18:57:41'),
	(238,'Falkland Islands (Malvinas)','Falkland Islands','Stanley',48,NULL,'Falkland Islander','FK','238','500','FK.png',0,1,'2022-08-02 18:57:41','2022-08-02 18:57:41'),
	(239,'South Georgia and the South Sandwich Islands','South Georgia and the South Sandwich Islands','King Edward Point (Grytviken)',NULL,NULL,'of South Georgia and the South Sandwich Islands','GS','239','44','GS.png',0,1,'2022-08-02 18:57:41','2022-08-02 18:57:41'),
	(242,'Fiji','Republic of Fiji','Suva',47,NULL,'Fijian','FJ','242','679','FJ.png',0,1,'2022-08-02 18:57:41','2022-08-02 18:57:41'),
	(246,'Finland','Republic of Finland','Helsinki',46,NULL,'Finnish','FI','246','358','FI.png',1,1,'2022-08-02 18:57:41','2022-08-02 18:57:41'),
	(248,'land Islands','land Islands','Mariehamn',46,NULL,'land Islander','AX','248','358',NULL,0,1,'2022-08-02 18:57:41','2022-08-02 18:57:41'),
	(250,'France','French Republic','Paris',46,NULL,'French','FR','250','33','FR.png',1,1,'2022-08-02 18:57:41','2022-08-02 18:57:41'),
	(254,'French Guiana','French Guiana','Cayenne',46,NULL,'Guianese','GF','254','594','GF.png',0,1,'2022-08-02 18:57:41','2022-08-02 18:57:41'),
	(258,'French Polynesia','French Polynesia','Papeete',166,NULL,'Polynesian','PF','258','689','PF.png',0,1,'2022-08-02 18:57:41','2022-08-02 18:57:41'),
	(260,'French Southern Territories','French Southern and Antarctic Lands','Port-aux-Francais',46,NULL,'of French Southern and Antarctic Lands','TF','260','33','TF.png',0,1,'2022-08-02 18:57:41','2022-08-02 18:57:41'),
	(262,'Djibouti','Republic of Djibouti','Djibouti',39,NULL,'Djiboutian','DJ','262','253','DJ.png',0,1,'2022-08-02 18:57:41','2022-08-02 18:57:41'),
	(266,'Gabon','Gabonese Republic','Libreville',155,NULL,'Gabonese','GA','266','241','GA.png',0,1,'2022-08-02 18:57:41','2022-08-02 18:57:41'),
	(268,'Georgia','Georgia','Tbilisi',50,NULL,'Georgian','GE','268','995','GE.png',0,1,'2022-08-02 18:57:41','2022-08-02 18:57:41'),
	(270,'Gambia','Republic of the Gambia','Banjul',53,NULL,'Gambian','GM','270','220','GM.png',0,1,'2022-08-02 18:57:41','2022-08-02 18:57:41'),
	(275,'Palestinian Territory, Occupied',NULL,NULL,53,NULL,'Palestinian','PS','275','970','PS.png',0,1,'2022-08-02 18:57:41','2022-08-02 18:57:41'),
	(276,'Germany','Federal Republic of Germany','Berlin',46,NULL,'German','DE','276','49','DE.png',1,1,'2022-08-02 18:57:41','2022-08-02 18:57:41'),
	(288,'Ghana','Republic of Ghana','Accra',51,NULL,'Ghanaian','GH','288','233','GH.png',0,1,'2022-08-02 18:57:41','2022-08-02 18:57:41'),
	(292,'Gibraltar','Gibraltar','Gibraltar',52,NULL,'Gibraltarian','GI','292','350','GI.png',0,1,'2022-08-02 18:57:41','2022-08-02 18:57:41'),
	(296,'Kiribati','Republic of Kiribati','Tarawa',8,NULL,'Kiribatian','KI','296','686','KI.png',0,1,'2022-08-02 18:57:41','2022-08-02 18:57:41'),
	(300,'Greece','Hellenic Republic','Athens',46,NULL,'Greek','GR','300','30','GR.png',1,1,'2022-08-02 18:57:41','2022-08-02 18:57:41'),
	(304,'Greenland','Greenland','Nuuk',40,NULL,'Greenlander','GL','304','299','GL.png',0,1,'2022-08-02 18:57:41','2022-08-02 18:57:41'),
	(308,'Grenada','Grenada','St Georges',162,NULL,'Grenadian','GD','308','1','GD.png',0,1,'2022-08-02 18:57:41','2022-08-02 18:57:41'),
	(312,'Guadeloupe','Guadeloupe','Basse Terre',46,NULL,'Guadeloupean','GP','312','590','GP.png',0,1,'2022-08-02 18:57:41','2022-08-02 18:57:41'),
	(316,'Guam','Territory of Guam','Agaa (Hagta)',148,NULL,'Guamanian','GU','316','1','GU.png',0,1,'2022-08-02 18:57:41','2022-08-02 18:57:41'),
	(320,'Guatemala','Republic of Guatemala','Guatemala City',55,NULL,'Guatemalan','GT','320','502','GT.png',0,1,'2022-08-02 18:57:41','2022-08-02 18:57:41'),
	(324,'Guinea','Republic of Guinea','Conakry',54,NULL,'Guinean','GN','324','224','GN.png',0,1,'2022-08-02 18:57:41','2022-08-02 18:57:41'),
	(328,'Guyana','Cooperative Republic of Guyana','Georgetown',56,NULL,'Guyanese','GY','328','592','GY.png',0,1,'2022-08-02 18:57:41','2022-08-02 18:57:41'),
	(332,'Haiti','Republic of Haiti','Port-au-Prince',60,NULL,'Haitian','HT','332','509','HT.png',0,1,'2022-08-02 18:57:41','2022-08-02 18:57:41'),
	(334,'Heard Island and McDonald Islands','Territory of Heard Island and McDonald Islands','Territory of Heard Island and McDonald Islands',NULL,NULL,'of Territory of Heard Island and McDonald Islands','HM','334','61','HM.png',0,1,'2022-08-02 18:57:41','2022-08-02 18:57:41'),
	(336,'Holy See (Vatican City State)','the Holy See/ Vatican City State','Vatican City',46,NULL,'of the Holy See/of the Vatican','VA','336','39','VA.png',0,1,'2022-08-02 18:57:41','2022-08-02 18:57:41'),
	(340,'Honduras','Republic of Honduras','Tegucigalpa',58,NULL,'Honduran','HN','340','504','HN.png',0,1,'2022-08-02 18:57:41','2022-08-02 18:57:41'),
	(344,'Hong Kong','Hong Kong Special Administrative Region of the Peoples Republic of China (HK2)','(HK3)',57,NULL,'Hong Kong Chinese','HK','344','852','HK.png',0,1,'2022-08-02 18:57:41','2022-08-02 18:57:41'),
	(348,'Hungary','Republic of Hungary','Budapest',61,NULL,'Hungarian','HU','348','36','HU.png',1,1,'2022-08-02 18:57:41','2022-08-02 18:57:41'),
	(352,'Iceland','Republic of Iceland','Reykjavik',67,NULL,'Icelander','IS','352','354','IS.png',1,1,'2022-08-02 18:57:41','2022-08-02 18:57:41'),
	(356,'India','Republic of India','New Delhi',64,NULL,'Indian','IN','356','91','IN.png',0,1,'2022-08-02 18:57:41','2022-08-02 18:57:41'),
	(360,'Indonesia','Republic of Indonesia','Jakarta',62,NULL,'Indonesian','ID','360','62','ID.png',0,1,'2022-08-02 18:57:41','2022-08-02 18:57:41'),
	(364,'Iran, Islamic Republic of','Islamic Republic of Iran','Tehran',66,NULL,'Iranian','IR','364','98','IR.png',0,1,'2022-08-02 18:57:41','2022-08-02 18:57:41'),
	(368,'Iraq','Republic of Iraq','Baghdad',65,NULL,'Iraqi','IQ','368','964','IQ.png',0,1,'2022-08-02 18:57:41','2022-08-02 18:57:41'),
	(372,'Ireland','Ireland (IE1)','Dublin',46,NULL,'Irish','IE','372','353','IE.png',1,1,'2022-08-02 18:57:41','2022-08-02 18:57:41'),
	(376,'Israel','State of Israel','(IL1)',63,NULL,'Israeli','IL','376','972','IL.png',0,1,'2022-08-02 18:57:41','2022-08-02 18:57:41'),
	(380,'Italy','Italian Republic','Rome',46,NULL,'Italian','IT','380','39','IT.png',1,1,'2022-08-02 18:57:41','2022-08-02 18:57:41'),
	(384,'Cte d\'Ivoire','Republic of Cte dIvoire','Yamoussoukro (CI1)',164,NULL,'Ivorian','CI','384','225','CI.png',0,1,'2022-08-02 18:57:41','2022-08-02 18:57:41'),
	(388,'Jamaica','Jamaica','Kingston',68,NULL,'Jamaican','JM','388','1','JM.png',0,1,'2022-08-02 18:57:41','2022-08-02 18:57:41'),
	(392,'Japan','Japan','Tokyo',70,NULL,'Japanese','JP','392','81','JP.png',0,1,'2022-08-02 18:57:41','2022-08-02 18:57:41'),
	(398,'Kazakhstan','Republic of Kazakhstan','Astana',79,NULL,'Kazakh','KZ','398','7','KZ.png',0,1,'2022-08-02 18:57:41','2022-08-02 18:57:41'),
	(400,'Jordan','Hashemite Kingdom of Jordan','Amman',69,NULL,'Jordanian','JO','400','962','JO.png',0,1,'2022-08-02 18:57:41','2022-08-02 18:57:41'),
	(404,'Kenya','Republic of Kenya','Nairobi',71,NULL,'Kenyan','KE','404','254','KE.png',0,1,'2022-08-02 18:57:41','2022-08-02 18:57:41'),
	(408,'Korea, Democratic People\'s Republic of','Democratic Peoples Republic of Korea','Pyongyang',75,NULL,'North Korean','KP','408','850','KP.png',0,1,'2022-08-02 18:57:41','2022-08-02 18:57:41'),
	(410,'Korea, Republic of','Republic of Korea','Seoul',76,NULL,'South Korean','KR','410','82','KR.png',0,1,'2022-08-02 18:57:41','2022-08-02 18:57:41'),
	(414,'Kuwait','State of Kuwait','Kuwait City',77,NULL,'Kuwaiti','KW','414','965','KW.png',0,1,'2022-08-02 18:57:41','2022-08-02 18:57:41'),
	(417,'Kyrgyzstan','Kyrgyz Republic','Bishkek',72,NULL,'Kyrgyz','KG','417','996','KG.png',0,1,'2022-08-02 18:57:41','2022-08-02 18:57:41'),
	(418,'Lao People\'s Democratic Republic','Lao Peoples Democratic Republic','Vientiane',80,NULL,'Lao','LA','418','856','LA.png',0,1,'2022-08-02 18:57:41','2022-08-02 18:57:41'),
	(422,'Lebanon','Lebanese Republic','Beirut',81,NULL,'Lebanese','LB','422','961','LB.png',0,1,'2022-08-02 18:57:41','2022-08-02 18:57:41'),
	(426,'Lesotho','Kingdom of Lesotho','Maseru',84,NULL,'Basotho','LS','426','266','LS.png',0,1,'2022-08-02 18:57:41','2022-08-02 18:57:41'),
	(428,'Latvia','Republic of Latvia','Riga',46,NULL,'Latvian','LV','428','371','LV.png',1,1,'2022-08-02 18:57:41','2022-08-02 18:57:41'),
	(430,'Liberia','Republic of Liberia','Monrovia',83,NULL,'Liberian','LR','430','231','LR.png',0,1,'2022-08-02 18:57:41','2022-08-02 18:57:41'),
	(434,'Libya','Socialist Peoples Libyan Arab Jamahiriya','Tripoli',87,NULL,'Libyan','LY','434','218','LY.png',0,1,'2022-08-02 18:57:41','2022-08-02 18:57:41'),
	(438,'Liechtenstein','Principality of Liechtenstein','Vaduz',29,NULL,'Liechtensteiner','LI','438','423','LI.png',1,1,'2022-08-02 18:57:41','2022-08-02 18:57:41'),
	(440,'Lithuania','Republic of Lithuania','Vilnius',46,NULL,'Lithuanian','LT','440','370','LT.png',1,1,'2022-08-02 18:57:41','2022-08-02 18:57:41'),
	(442,'Luxembourg','Grand Duchy of Luxembourg','Luxembourg',46,NULL,'Luxembourger','LU','442','352','LU.png',1,1,'2022-08-02 18:57:41','2022-08-02 18:57:41'),
	(446,'Macao','Macao Special Administrative Region of the Peoples Republic of China (MO2)','Macao (MO3)',94,NULL,'Macanese','MO','446','853','MO.png',0,1,'2022-08-02 18:57:41','2022-08-02 18:57:41'),
	(450,'Madagascar','Republic of Madagascar','Antananarivo',90,NULL,'Malagasy','MG','450','261','MG.png',0,1,'2022-08-02 18:57:41','2022-08-02 18:57:41'),
	(454,'Malawi','Republic of Malawi','Lilongwe',98,NULL,'Malawian','MW','454','265','MW.png',0,1,'2022-08-02 18:57:41','2022-08-02 18:57:41'),
	(458,'Malaysia','Malaysia','Kuala Lumpur (MY1)',100,NULL,'Malaysian','MY','458','60','MY.png',0,1,'2022-08-02 18:57:41','2022-08-02 18:57:41'),
	(462,'Maldives','Republic of Maldives','Mal',97,NULL,'Maldivian','MV','462','960','MV.png',0,1,'2022-08-02 18:57:41','2022-08-02 18:57:41'),
	(466,'Mali','Republic of Mali','Bamako',164,NULL,'Malian','ML','466','223','ML.png',0,1,'2022-08-02 18:57:41','2022-08-02 18:57:41'),
	(470,'Malta','Republic of Malta','Valletta',46,NULL,'Maltese','MT','470','356','MT.png',1,1,'2022-08-02 18:57:41','2022-08-02 18:57:41'),
	(474,'Martinique','Martinique','Fort-de-France',46,NULL,'Martinican','MQ','474','596','MQ.png',0,1,'2022-08-02 18:57:41','2022-08-02 18:57:41'),
	(478,'Mauritania','Islamic Republic of Mauritania','Nouakchott',95,NULL,'Mauritanian','MR','478','222','MR.png',0,1,'2022-08-02 18:57:41','2022-08-02 18:57:41'),
	(480,'Mauritius','Republic of Mauritius','Port Louis',96,NULL,'Mauritian','MU','480','230','MU.png',0,1,'2022-08-02 18:57:41','2022-08-02 18:57:41'),
	(484,'Mexico','United Mexican States','Mexico City',99,NULL,'Mexican','MX','484','52','MX.png',0,1,'2022-08-02 18:57:41','2022-08-02 18:57:41'),
	(492,'Monaco','Principality of Monaco','Monaco',46,NULL,'Monegasque','MC','492','377','MC.png',0,1,'2022-08-02 18:57:41','2022-08-02 18:57:41'),
	(496,'Mongolia','Mongolia','Ulan Bator',93,NULL,'Mongolian','MN','496','976','MN.png',0,1,'2022-08-02 18:57:41','2022-08-02 18:57:41'),
	(498,'Moldova, Republic of','Republic of Moldova','Chisinau',89,NULL,'Moldovan','MD','498','373','MD.png',0,1,'2022-08-02 18:57:41','2022-08-02 18:57:41'),
	(499,'Montenegro','Montenegro','Podgorica',46,NULL,'Montenegrin','ME','499','382',NULL,0,1,'2022-08-02 18:57:41','2022-08-02 18:57:41'),
	(500,'Montserrat','Montserrat','Plymouth (MS2)',162,NULL,'Montserratian','MS','500','1','MS.png',0,1,'2022-08-02 18:57:41','2022-08-02 18:57:41'),
	(504,'Morocco','Kingdom of Morocco','Rabat',88,NULL,'Moroccan','MA','504','212','MA.png',0,1,'2022-08-02 18:57:41','2022-08-02 18:57:41'),
	(508,'Mozambique','Republic of Mozambique','Maputo',101,NULL,'Mozambican','MZ','508','258','MZ.png',0,1,'2022-08-02 18:57:41','2022-08-02 18:57:41'),
	(512,'Oman','Sultanate of Oman','Muscat',108,NULL,'Omani','OM','512','968','OM.png',0,1,'2022-08-02 18:57:41','2022-08-02 18:57:41'),
	(516,'Namibia','Republic of Namibia','Windhoek',102,NULL,'Namibian','NA','516','264','NA.png',0,1,'2022-08-02 18:57:41','2022-08-02 18:57:41'),
	(520,'Nauru','Republic of Nauru','Yaren',8,NULL,'Nauruan','NR','520','674','NR.png',0,1,'2022-08-02 18:57:41','2022-08-02 18:57:41'),
	(524,'Nepal','Nepal','Kathmandu',106,NULL,'Nepalese','NP','524','977','NP.png',0,1,'2022-08-02 18:57:41','2022-08-02 18:57:41'),
	(528,'Netherlands','Kingdom of the Netherlands','Amsterdam (NL2)',46,NULL,'Dutch','NL','528','31','NL.png',1,1,'2022-08-02 18:57:41','2022-08-02 18:57:41'),
	(531,'Curaao','Curaao','Willemstad',5,NULL,'Curaaoan','CW','531','599',NULL,0,1,'2022-08-02 18:57:41','2022-08-02 18:57:41'),
	(533,'Aruba','Aruba','Oranjestad',9,NULL,'Aruban','AW','533','297','AW.png',0,1,'2022-08-02 18:57:41','2022-08-02 18:57:41'),
	(534,'Sint Maarten (Dutch part)','Sint Maarten','Philipsburg',5,NULL,'Sint Maartener','SX','534','721',NULL,0,1,'2022-08-02 18:57:41','2022-08-02 18:57:41'),
	(535,'Bonaire, Sint Eustatius and Saba',NULL,NULL,148,NULL,'of Bonaire, Sint Eustatius and Saba','BQ','535','599',NULL,0,1,'2022-08-02 18:57:41','2022-08-02 18:57:41'),
	(540,'New Caledonia','New Caledonia','Nouma',166,NULL,'New Caledonian','NC','540','687','NC.png',0,1,'2022-08-02 18:57:41','2022-08-02 18:57:41'),
	(548,'Vanuatu','Republic of Vanuatu','Port Vila',153,NULL,'Vanuatuan','VU','548','678','VU.png',0,1,'2022-08-02 18:57:41','2022-08-02 18:57:41'),
	(554,'New Zealand','New Zealand','Wellington',107,NULL,'New Zealander','NZ','554','64','NZ.png',0,1,'2022-08-02 18:57:41','2022-08-02 18:57:41'),
	(558,'Nicaragua','Republic of Nicaragua','Managua',104,NULL,'Nicaraguan','NI','558','505','NI.png',0,1,'2022-08-02 18:57:41','2022-08-02 18:57:41'),
	(562,'Niger','Republic of Niger','Niamey',164,NULL,'Nigerien','NE','562','227','NE.png',0,1,'2022-08-02 18:57:41','2022-08-02 18:57:41'),
	(566,'Nigeria','Federal Republic of Nigeria','Abuja',103,NULL,'Nigerian','NG','566','234','NG.png',0,1,'2022-08-02 18:57:41','2022-08-02 18:57:41'),
	(570,'Niue','Niue','Alofi',107,NULL,'Niuean','NU','570','683','NU.png',0,1,'2022-08-02 18:57:41','2022-08-02 18:57:41'),
	(574,'Norfolk Island','Territory of Norfolk Island','Kingston',8,NULL,'Norfolk Islander','NF','574','672','NF.png',0,1,'2022-08-02 18:57:41','2022-08-02 18:57:41'),
	(578,'Norway','Kingdom of Norway','Oslo',105,NULL,'Norwegian','NO','578','47','NO.png',1,1,'2022-08-02 18:57:41','2022-08-02 18:57:41'),
	(580,'Northern Mariana Islands','Commonwealth of the Northern Mariana Islands','Saipan',148,NULL,'Northern Mariana Islander','MP','580','1','MP.png',0,1,'2022-08-02 18:57:41','2022-08-02 18:57:41'),
	(581,'United States Minor Outlying Islands','United States Minor Outlying Islands','United States Minor Outlying Islands',148,NULL,'of United States Minor Outlying Islands','UM','581','1','UM.png',0,1,'2022-08-02 18:57:41','2022-08-02 18:57:41'),
	(583,'Micronesia, Federated States of','Federated States of Micronesia','Palikir',148,NULL,'Micronesian','FM','583','691','FM.png',0,1,'2022-08-02 18:57:41','2022-08-02 18:57:41'),
	(584,'Marshall Islands','Republic of the Marshall Islands','Majuro',148,NULL,'Marshallese','MH','584','692','MH.png',0,1,'2022-08-02 18:57:41','2022-08-02 18:57:41'),
	(585,'Palau','Republic of Palau','Melekeok',148,NULL,'Palauan','PW','585','680','PW.png',0,1,'2022-08-02 18:57:41','2022-08-02 18:57:41'),
	(586,'Pakistan','Islamic Republic of Pakistan','Islamabad',113,NULL,'Pakistani','PK','586','92','PK.png',0,1,'2022-08-02 18:57:41','2022-08-02 18:57:41'),
	(591,'Panama','Republic of Panama','Panama City',109,NULL,'Panamanian','PA','591','507','PA.png',0,1,'2022-08-02 18:57:41','2022-08-02 18:57:41'),
	(598,'Papua New Guinea','Independent State of Papua New Guinea','Port Moresby',111,NULL,'Papua New Guinean','PG','598','675','PG.png',0,1,'2022-08-02 18:57:41','2022-08-02 18:57:41'),
	(600,'Paraguay','Republic of Paraguay','Asuncin',115,NULL,'Paraguayan','PY','600','595','PY.png',0,1,'2022-08-02 18:57:41','2022-08-02 18:57:41'),
	(604,'Peru','Republic of Peru','Lima',110,NULL,'Peruvian','PE','604','51','PE.png',0,1,'2022-08-02 18:57:41','2022-08-02 18:57:41'),
	(608,'Philippines','Republic of the Philippines','Manila',112,NULL,'Filipino','PH','608','63','PH.png',0,1,'2022-08-02 18:57:41','2022-08-02 18:57:41'),
	(612,'Pitcairn','Pitcairn Islands','Adamstown',107,NULL,'Pitcairner','PN','612','649','PN.png',0,1,'2022-08-02 18:57:41','2022-08-02 18:57:41'),
	(616,'Poland','Republic of Poland','Warsaw',114,NULL,'Polish','PL','616','48','PL.png',1,1,'2022-08-02 18:57:41','2022-08-02 18:57:41'),
	(620,'Portugal','Portuguese Republic','Lisbon',46,NULL,'Portuguese','PT','620','351','PT.png',1,1,'2022-08-02 18:57:41','2022-08-02 18:57:41'),
	(624,'Guinea-Bissau','Republic of Guinea-Bissau','Bissau',164,NULL,'Guinea-Bissau national','GW','624','245','GW.png',0,1,'2022-08-02 18:57:41','2022-08-02 18:57:41'),
	(626,'Timor-Leste','Democratic Republic of East Timor','Dili',148,NULL,'East Timorese','TL','626','670','TL.png',0,1,'2022-08-02 18:57:41','2022-08-02 18:57:41'),
	(630,'Puerto Rico','Commonwealth of Puerto Rico','San Juan',148,NULL,'Puerto Rican','PR','630','1','PR.png',0,1,'2022-08-02 18:57:41','2022-08-02 18:57:41'),
	(634,'Qatar','State of Qatar','Doha',116,NULL,'Qatari','QA','634','974','QA.png',0,1,'2022-08-02 18:57:41','2022-08-02 18:57:41'),
	(638,'Runion','Runion','Saint-Denis',46,NULL,'Reunionese','RE','638','262','RE.png',0,1,'2022-08-02 18:57:41','2022-08-02 18:57:41'),
	(642,'Romania','Romania','Bucharest',117,NULL,'Romanian','RO','642','40','RO.png',1,1,'2022-08-02 18:57:41','2022-08-02 18:57:41'),
	(643,'Russian Federation','Russian Federation','Moscow',119,NULL,'Russian','RU','643','7','RU.png',0,1,'2022-08-02 18:57:41','2022-08-02 18:57:41'),
	(646,'Rwanda','Republic of Rwanda','Kigali',120,NULL,'Rwandan; Rwandese','RW','646','250','RW.png',0,1,'2022-08-02 18:57:41','2022-08-02 18:57:41'),
	(652,'Saint Barthlemy','Collectivity of Saint Barthlemy','Gustavia',46,NULL,'of Saint Barthlemy','BL','652','590',NULL,0,1,'2022-08-02 18:57:41','2022-08-02 18:57:41'),
	(654,'Saint Helena, Ascension and Tristan da Cunha','Saint Helena, Ascension and Tristan da Cunha','Jamestown',127,NULL,'Saint Helenian','SH','654','290','SH.png',0,1,'2022-08-02 18:57:41','2022-08-02 18:57:41'),
	(659,'Saint Kitts and Nevis','Federation of Saint Kitts and Nevis','Basseterre',162,NULL,'Kittsian; Nevisian','KN','659','1','KN.png',0,1,'2022-08-02 18:57:41','2022-08-02 18:57:41'),
	(660,'Anguilla','Anguilla','The Valley',162,NULL,'Anguillan','AI','660','1','AI.png',0,1,'2022-08-02 18:57:41','2022-08-02 18:57:41'),
	(662,'Saint Lucia','Saint Lucia','Castries',162,NULL,'Saint Lucian','LC','662','1','LC.png',0,1,'2022-08-02 18:57:41','2022-08-02 18:57:41'),
	(663,'Saint Martin (French part)','Collectivity of Saint Martin','Marigot',46,NULL,'of Saint Martin','MF','663','590',NULL,0,1,'2022-08-02 18:57:41','2022-08-02 18:57:41'),
	(666,'Saint Pierre and Miquelon','Territorial Collectivity of Saint Pierre and Miquelon','Saint-Pierre',46,NULL,'St-Pierrais; Miquelonnais','PM','666','508','PM.png',0,1,'2022-08-02 18:57:41','2022-08-02 18:57:41'),
	(670,'Saint Vincent and the Grenadines','Saint Vincent and the Grenadines','Kingstown',162,NULL,'Vincentian','VC','670','1','VC.png',0,1,'2022-08-02 18:57:41','2022-08-02 18:57:41'),
	(674,'San Marino','Republic of San Marino','San Marino',46,NULL,'San Marinese','SM','674','378','SM.png',0,1,'2022-08-02 18:57:41','2022-08-02 18:57:41'),
	(678,'Sao Tome and Principe','Democratic Republic of So Tom and Prncipe','So Tom',133,NULL,'So Toman','ST','678','239','ST.png',0,1,'2022-08-02 18:57:41','2022-08-02 18:57:41'),
	(682,'Saudi Arabia','Kingdom of Saudi Arabia','Riyadh',121,NULL,'Saudi Arabian','SA','682','966','SA.png',0,1,'2022-08-02 18:57:41','2022-08-02 18:57:41'),
	(686,'Senegal','Republic of Senegal','Dakar',164,NULL,'Senegalese','SN','686','221','SN.png',0,1,'2022-08-02 18:57:41','2022-08-02 18:57:41'),
	(688,'Serbia','Republic of Serbia','Belgrade',118,NULL,'Serb','RS','688','381',NULL,0,1,'2022-08-02 18:57:41','2022-08-02 18:57:41'),
	(690,'Seychelles','Republic of Seychelles','Victoria',123,NULL,'Seychellois','SC','690','248','SC.png',0,1,'2022-08-02 18:57:41','2022-08-02 18:57:41'),
	(694,'Sierra Leone','Republic of Sierra Leone','Freetown',129,NULL,'Sierra Leonean','SL','694','232','SL.png',0,1,'2022-08-02 18:57:41','2022-08-02 18:57:41'),
	(702,'Singapore','Republic of Singapore','Singapore',126,NULL,'Singaporean','SG','702','65','SG.png',0,1,'2022-08-02 18:57:41','2022-08-02 18:57:41'),
	(703,'Slovakia','Slovak Republic','Bratislava',46,NULL,'Slovak','SK','703','421','SK.png',1,1,'2022-08-02 18:57:41','2022-08-02 18:57:41'),
	(704,'Viet Nam','Socialist Republic of Vietnam','Hanoi',152,NULL,'Vietnamese','VN','704','84','VN.png',0,1,'2022-08-02 18:57:41','2022-08-02 18:57:41'),
	(705,'Slovenia','Republic of Slovenia','Ljubljana',46,NULL,'Slovene','SI','705','386','SI.png',1,1,'2022-08-02 18:57:41','2022-08-02 18:57:41'),
	(706,'Somalia','Somali Republic','Mogadishu',130,NULL,'Somali','SO','706','252','SO.png',0,1,'2022-08-02 18:57:41','2022-08-02 18:57:41'),
	(710,'South Africa','Republic of South Africa','Pretoria (ZA1)',170,NULL,'South African','ZA','710','27','ZA.png',0,1,'2022-08-02 18:57:41','2022-08-02 18:57:41'),
	(716,'Zimbabwe','Republic of Zimbabwe','Harare',NULL,NULL,'Zimbabwean','ZW','716','263','ZW.png',0,1,'2022-08-02 18:57:41','2022-08-02 18:57:41'),
	(724,'Spain','Kingdom of Spain','Madrid',46,NULL,'Spaniard','ES','724','34','ES.png',1,1,'2022-08-02 18:57:41','2022-08-02 18:57:41'),
	(728,'South Sudan','Republic of South Sudan','Juba',132,NULL,'South Sudanese','SS','728','211',NULL,0,1,'2022-08-02 18:57:41','2022-08-02 18:57:41'),
	(729,'Sudan','Republic of the Sudan','Khartoum',124,NULL,'Sudanese','SD','729','249',NULL,0,1,'2022-08-02 18:57:41','2022-08-02 18:57:41'),
	(732,'Western Sahara','Western Sahara','Al aaiun',88,NULL,'Sahrawi','EH','732','212','EH.png',0,1,'2022-08-02 18:57:41','2022-08-02 18:57:41'),
	(740,'Suriname','Republic of Suriname','Paramaribo',131,NULL,'Surinamese','SR','740','597','SR.png',0,1,'2022-08-02 18:57:41','2022-08-02 18:57:41'),
	(744,'Svalbard and Jan Mayen','Svalbard and Jan Mayen','Longyearbyen',105,NULL,'of Svalbard','SJ','744','47','SJ.png',0,1,'2022-08-02 18:57:41','2022-08-02 18:57:41'),
	(748,'Swaziland','Kingdom of Swaziland','Mbabane',136,NULL,'Swazi','SZ','748','268','SZ.png',0,1,'2022-08-02 18:57:41','2022-08-02 18:57:41'),
	(752,'Sweden','Kingdom of Sweden','Stockholm',125,NULL,'Swedish','SE','752','46','SE.png',1,1,'2022-08-02 18:57:41','2022-08-02 18:57:41'),
	(756,'Switzerland','Swiss Confederation','Berne',29,NULL,'Swiss','CH','756','41','CH.png',1,1,'2022-08-02 18:57:41','2022-08-02 18:57:41'),
	(760,'Syrian Arab Republic','Syrian Arab Republic','Damascus',135,NULL,'Syrian','SY','760','963','SY.png',0,1,'2022-08-02 18:57:41','2022-08-02 18:57:41'),
	(762,'Tajikistan','Republic of Tajikistan','Dushanbe',138,NULL,'Tajik','TJ','762','992','TJ.png',0,1,'2022-08-02 18:57:41','2022-08-02 18:57:41'),
	(764,'Thailand','Kingdom of Thailand','Bangkok',137,NULL,'Thai','TH','764','66','TH.png',0,1,'2022-08-02 18:57:41','2022-08-02 18:57:41'),
	(768,'Togo','Togolese Republic','Lom',164,NULL,'Togolese','TG','768','228','TG.png',0,1,'2022-08-02 18:57:41','2022-08-02 18:57:41'),
	(772,'Tokelau','Tokelau','(TK2)',107,NULL,'Tokelauan','TK','772','690','TK.png',0,1,'2022-08-02 18:57:41','2022-08-02 18:57:41'),
	(776,'Tonga','Kingdom of Tonga','Nukualofa',141,NULL,'Tongan','TO','776','676','TO.png',0,1,'2022-08-02 18:57:41','2022-08-02 18:57:41'),
	(780,'Trinidad and Tobago','Republic of Trinidad and Tobago','Port of Spain',143,NULL,'Trinidadian; Tobagonian','TT','780','1','TT.png',0,1,'2022-08-02 18:57:41','2022-08-02 18:57:41'),
	(784,'United Arab Emirates','United Arab Emirates','Abu Dhabi',1,NULL,'Emirian','AE','784','971','AE.png',0,1,'2022-08-02 18:57:41','2022-08-02 18:57:41'),
	(788,'Tunisia','Republic of Tunisia','Tunis',140,NULL,'Tunisian','TN','788','216','TN.png',0,1,'2022-08-02 18:57:41','2022-08-02 18:57:41'),
	(792,'Turkey','Republic of Turkey','Ankara',142,NULL,'Turk','TR','792','90','TR.png',0,1,'2022-08-02 18:57:41','2022-08-02 18:57:41'),
	(795,'Turkmenistan','Turkmenistan','Ashgabat',139,NULL,'Turkmen','TM','795','993','TM.png',0,1,'2022-08-02 18:57:41','2022-08-02 18:57:41'),
	(796,'Turks and Caicos Islands','Turks and Caicos Islands','Cockburn Town',148,NULL,'Turks and Caicos Islander','TC','796','1','TC.png',0,1,'2022-08-02 18:57:41','2022-08-02 18:57:41'),
	(798,'Tuvalu','Tuvalu','Funafuti',8,NULL,'Tuvaluan','TV','798','688','TV.png',0,1,'2022-08-02 18:57:41','2022-08-02 18:57:41'),
	(800,'Uganda','Republic of Uganda','Kampala',147,NULL,'Ugandan','UG','800','256','UG.png',0,1,'2022-08-02 18:57:41','2022-08-02 18:57:41'),
	(804,'Ukraine','Ukraine','Kiev',146,NULL,'Ukrainian','UA','804','380','UA.png',0,1,'2022-08-02 18:57:41','2022-08-02 18:57:41'),
	(807,'Macedonia, the former Yugoslav Republic of','the former Yugoslav Republic of Macedonia','Skopje',91,NULL,'of the former Yugoslav Republic of Macedonia','MK','807','389','MK.png',0,1,'2022-08-02 18:57:41','2022-08-02 18:57:41'),
	(818,'Egypt','Arab Republic of Egypt','Cairo',43,NULL,'Egyptian','EG','818','20','EG.png',0,1,'2022-08-02 18:57:41','2022-08-02 18:57:41'),
	(826,'United Kingdom','United Kingdom of Great Britain and Northern Ireland','London',49,NULL,'British','GB','826','44','GB.png',1,1,'2022-08-02 18:57:41','2022-08-02 18:57:41'),
	(831,'Guernsey','Bailiwick of Guernsey','St Peter Port',NULL,NULL,'of Guernsey','GG','831','44',NULL,0,1,'2022-08-02 18:57:41','2022-08-02 18:57:41'),
	(832,'Jersey','Bailiwick of Jersey','St Helier',NULL,NULL,'of Jersey','JE','832','44',NULL,0,1,'2022-08-02 18:57:41','2022-08-02 18:57:41'),
	(833,'Isle of Man','Isle of Man','Douglas',NULL,NULL,'Manxman; Manxwoman','IM','833','44',NULL,0,1,'2022-08-02 18:57:41','2022-08-02 18:57:41'),
	(834,'Tanzania, United Republic of','United Republic of Tanzania','Dodoma (TZ1)',145,NULL,'Tanzanian','TZ','834','255','TZ.png',0,1,'2022-08-02 18:57:41','2022-08-02 18:57:41'),
	(840,'United States','United States of America','Washington DC',148,NULL,'American','US','840','1','US.png',0,1,'2022-08-02 18:57:41','2022-08-02 18:57:41'),
	(850,'Virgin Islands, U.S.','United States Virgin Islands','Charlotte Amalie',148,NULL,'US Virgin Islander','VI','850','1','VI.png',0,1,'2022-08-02 18:57:41','2022-08-02 18:57:41'),
	(854,'Burkina Faso','Burkina Faso','Ouagadougou',164,NULL,'Burkinabe','BF','854','226','BF.png',0,1,'2022-08-02 18:57:41','2022-08-02 18:57:41'),
	(858,'Uruguay','Eastern Republic of Uruguay','Montevideo',149,NULL,'Uruguayan','UY','858','598','UY.png',0,1,'2022-08-02 18:57:41','2022-08-02 18:57:41'),
	(860,'Uzbekistan','Republic of Uzbekistan','Tashkent',150,NULL,'Uzbek','UZ','860','998','UZ.png',0,1,'2022-08-02 18:57:41','2022-08-02 18:57:41'),
	(862,'Venezuela, Bolivarian Republic of','Bolivarian Republic of Venezuela','Caracas',151,NULL,'Venezuelan','VE','862','58','VE.png',0,1,'2022-08-02 18:57:41','2022-08-02 18:57:41'),
	(876,'Wallis and Futuna','Wallis and Futuna','Mata-Utu',166,NULL,'Wallisian; Futunan; Wallis and Futuna Islander','WF','876','681','WF.png',0,1,'2022-08-02 18:57:41','2022-08-02 18:57:41'),
	(882,'Samoa','Independent State of Samoa','Apia',154,NULL,'Samoan','WS','882','685','WS.png',0,1,'2022-08-02 18:57:41','2022-08-02 18:57:41'),
	(887,'Yemen','Republic of Yemen','Sana',169,NULL,'Yemenite','YE','887','967','YE.png',0,1,'2022-08-02 18:57:41','2022-08-02 18:57:41'),
	(894,'Zambia','Republic of Zambia','Lusaka',172,NULL,'Zambian','ZM','894','260','ZM.png',0,1,'2022-08-02 18:57:41','2022-08-02 18:57:41');

/*!40000 ALTER TABLE `countries` ENABLE KEYS */;


# Dump of table coupon_customer
# ------------------------------------------------------------

DROP TABLE IF EXISTS `coupon_customer`;

CREATE TABLE `coupon_customer` (
  `coupon_id` bigint(20) unsigned NOT NULL,
  `customer_id` bigint(20) unsigned NOT NULL,
  `created_at` timestamp NULL DEFAULT NULL,
  `updated_at` timestamp NULL DEFAULT NULL,
  KEY `coupon_customer_coupon_id_index` (`coupon_id`),
  KEY `coupon_customer_customer_id_index` (`customer_id`),
  CONSTRAINT `coupon_customer_coupon_id_foreign` FOREIGN KEY (`coupon_id`) REFERENCES `coupons` (`id`) ON DELETE CASCADE,
  CONSTRAINT `coupon_customer_customer_id_foreign` FOREIGN KEY (`customer_id`) REFERENCES `customers` (`id`) ON DELETE CASCADE
) ENGINE=InnoDB DEFAULT CHARSET=utf8mb3 COLLATE=utf8mb3_unicode_ci;



# Dump of table coupon_shipping_zone
# ------------------------------------------------------------

DROP TABLE IF EXISTS `coupon_shipping_zone`;

CREATE TABLE `coupon_shipping_zone` (
  `coupon_id` bigint(20) unsigned NOT NULL,
  `shipping_zone_id` int(10) unsigned NOT NULL,
  `created_at` timestamp NULL DEFAULT NULL,
  `updated_at` timestamp NULL DEFAULT NULL,
  KEY `coupon_shipping_zone_coupon_id_index` (`coupon_id`),
  KEY `coupon_shipping_zone_shipping_zone_id_index` (`shipping_zone_id`),
  CONSTRAINT `coupon_shipping_zone_coupon_id_foreign` FOREIGN KEY (`coupon_id`) REFERENCES `coupons` (`id`) ON DELETE CASCADE,
  CONSTRAINT `coupon_shipping_zone_shipping_zone_id_foreign` FOREIGN KEY (`shipping_zone_id`) REFERENCES `shipping_zones` (`id`) ON DELETE CASCADE
) ENGINE=InnoDB DEFAULT CHARSET=utf8mb3 COLLATE=utf8mb3_unicode_ci;



# Dump of table coupons
# ------------------------------------------------------------

DROP TABLE IF EXISTS `coupons`;

CREATE TABLE `coupons` (
  `id` bigint(20) unsigned NOT NULL AUTO_INCREMENT,
  `shop_id` int(10) unsigned DEFAULT NULL,
  `name` text COLLATE utf8mb3_unicode_ci DEFAULT NULL,
  `code` varchar(255) COLLATE utf8mb3_unicode_ci DEFAULT NULL,
  `description` text COLLATE utf8mb3_unicode_ci DEFAULT NULL,
  `value` decimal(20,6) DEFAULT NULL,
  `min_order_amount` decimal(20,6) DEFAULT NULL,
  `type` enum('amount','percent') COLLATE utf8mb3_unicode_ci NOT NULL DEFAULT 'amount',
  `quantity` int(11) DEFAULT NULL,
  `quantity_per_customer` int(11) DEFAULT NULL,
  `starting_time` timestamp NULL DEFAULT NULL,
  `ending_time` timestamp NULL DEFAULT NULL,
  `active` tinyint(1) NOT NULL DEFAULT 1,
  `deleted_at` timestamp NULL DEFAULT NULL,
  `created_at` timestamp NULL DEFAULT NULL,
  `updated_at` timestamp NULL DEFAULT NULL,
  PRIMARY KEY (`id`)
) ENGINE=InnoDB DEFAULT CHARSET=utf8mb3 COLLATE=utf8mb3_unicode_ci;



# Dump of table currencies
# ------------------------------------------------------------

DROP TABLE IF EXISTS `currencies`;

CREATE TABLE `currencies` (
  `id` int(10) unsigned NOT NULL AUTO_INCREMENT,
  `iso_code` varchar(3) COLLATE utf8mb3_unicode_ci NOT NULL,
  `iso_numeric` varchar(3) COLLATE utf8mb3_unicode_ci DEFAULT NULL,
  `name` varchar(255) COLLATE utf8mb3_unicode_ci NOT NULL,
  `symbol` varchar(255) COLLATE utf8mb3_unicode_ci DEFAULT NULL,
  `disambiguate_symbol` varchar(255) COLLATE utf8mb3_unicode_ci DEFAULT NULL,
  `subunit` varchar(255) COLLATE utf8mb3_unicode_ci DEFAULT NULL,
  `subunit_to_unit` int(11) NOT NULL DEFAULT 100,
  `symbol_first` tinyint(1) NOT NULL DEFAULT 1,
  `html_entity` varchar(255) COLLATE utf8mb3_unicode_ci DEFAULT NULL,
  `decimal_mark` varchar(25) COLLATE utf8mb3_unicode_ci DEFAULT NULL,
  `thousands_separator` varchar(25) COLLATE utf8mb3_unicode_ci DEFAULT NULL,
  `smallest_denomination` int(11) NOT NULL DEFAULT 1,
  `priority` int(11) DEFAULT 100,
  `active` tinyint(1) DEFAULT 0,
  `created_at` timestamp NULL DEFAULT NULL,
  `updated_at` timestamp NULL DEFAULT NULL,
  PRIMARY KEY (`id`)
) ENGINE=InnoDB DEFAULT CHARSET=utf8mb3 COLLATE=utf8mb3_unicode_ci;

/*!40000 ALTER TABLE `currencies` DISABLE KEYS */;

INSERT INTO `currencies` (`id`, `iso_code`, `iso_numeric`, `name`, `symbol`, `disambiguate_symbol`, `subunit`, `subunit_to_unit`, `symbol_first`, `html_entity`, `decimal_mark`, `thousands_separator`, `smallest_denomination`, `priority`, `active`, `created_at`, `updated_at`)
VALUES
	(1,'AED','784','United Arab Emirates Dirham','.',NULL,'Fils',100,0,'','.',',',25,100,0,'2022-08-02 18:57:41','2022-08-02 18:57:41'),
	(2,'AFN','971','Afghani','',NULL,'Pul',100,0,'','.',',',100,100,0,'2022-08-02 18:57:41','2022-08-02 18:57:41'),
	(3,'ALL','008','Albanian Lek','L','Lek','Qintar',100,0,'','.',',',100,100,0,'2022-08-02 18:57:41','2022-08-02 18:57:41'),
	(4,'AMD','051','Armenian Dram','.',NULL,'Luma',100,0,'','.',',',10,100,0,'2022-08-02 18:57:41','2022-08-02 18:57:41'),
	(5,'ANG','532','Netherlands Antillean Gulden','',NULL,'Cent',100,1,'&#x0192;',',','.',1,100,0,'2022-08-02 18:57:41','2022-08-02 18:57:41'),
	(6,'AOA','973','Angolan Kwanza','Kz',NULL,'Cntimo',100,0,'','.',',',10,100,0,'2022-08-02 18:57:41','2022-08-02 18:57:41'),
	(7,'ARS','032','Argentine Peso','$','$m/n','Centavo',100,1,'&#x20B1;',',','.',1,100,0,'2022-08-02 18:57:41','2022-08-02 18:57:41'),
	(8,'AUD','036','Australian Dollar','$','A$','Cent',100,1,'$','.',',',5,4,0,'2022-08-02 18:57:41','2022-08-02 18:57:41'),
	(9,'AWG','533','Aruban Florin','',NULL,'Cent',100,0,'&#x0192;','.',',',5,100,0,'2022-08-02 18:57:41','2022-08-02 18:57:41'),
	(10,'AZN','944','Azerbaijani Manat','',NULL,'Qpik',100,1,'','.',',',1,100,0,'2022-08-02 18:57:41','2022-08-02 18:57:41'),
	(11,'BAM','977','Bosnia and Herzegovina Convertible Mark','',NULL,'Fening',100,1,'','.',',',5,100,0,'2022-08-02 18:57:41','2022-08-02 18:57:41'),
	(12,'BBD','052','Barbadian Dollar','$','Bds$','Cent',100,0,'$','.',',',1,100,0,'2022-08-02 18:57:41','2022-08-02 18:57:41'),
	(13,'BDT','050','Bangladeshi Taka','',NULL,'Paisa',100,1,'','.',',',1,10,0,'2022-08-02 18:57:41','2022-08-02 18:57:41'),
	(14,'BGN','975','Bulgarian Lev','.',NULL,'Stotinka',100,0,'','.',',',1,100,0,'2022-08-02 18:57:41','2022-08-02 18:57:41'),
	(15,'BHD','048','Bahraini Dinar','.',NULL,'Fils',1000,1,'','.',',',5,100,0,'2022-08-02 18:57:41','2022-08-02 18:57:41'),
	(16,'BIF','108','Burundian Franc','Fr','FBu','Centime',1,0,'','.',',',100,100,0,'2022-08-02 18:57:41','2022-08-02 18:57:41'),
	(17,'BMD','060','Bermudian Dollar','$','BD$','Cent',100,1,'$','.',',',1,100,0,'2022-08-02 18:57:41','2022-08-02 18:57:41'),
	(18,'BND','096','Brunei Dollar','$','BND','Sen',100,1,'$','.',',',1,100,0,'2022-08-02 18:57:41','2022-08-02 18:57:41'),
	(19,'BOB','068','Bolivian Boliviano','Bs.',NULL,'Centavo',100,1,'','.',',',10,100,0,'2022-08-02 18:57:41','2022-08-02 18:57:41'),
	(20,'BRL','986','Brazilian Real','R$',NULL,'Centavo',100,1,'R$',',','.',5,100,0,'2022-08-02 18:57:41','2022-08-02 18:57:41'),
	(21,'BSD','044','Bahamian Dollar','$','BSD','Cent',100,1,'$','.',',',1,100,0,'2022-08-02 18:57:41','2022-08-02 18:57:41'),
	(22,'BTN','064','Bhutanese Ngultrum','Nu.',NULL,'Chertrum',100,0,'','.',',',5,100,0,'2022-08-02 18:57:41','2022-08-02 18:57:41'),
	(23,'BWP','072','Botswana Pula','P',NULL,'Thebe',100,1,'','.',',',5,100,0,'2022-08-02 18:57:41','2022-08-02 18:57:41'),
	(24,'BYN','933','Belarusian Ruble','Br','BYN','Kapeyka',100,0,'',',',' ',1,100,0,'2022-08-02 18:57:41','2022-08-02 18:57:41'),
	(25,'BYR','974','Belarusian Ruble','Br','BYR',NULL,1,0,'',',',' ',100,50,0,'2022-08-02 18:57:41','2022-08-02 18:57:41'),
	(26,'BZD','084','Belize Dollar','$','BZ$','Cent',100,1,'$','.',',',1,100,0,'2022-08-02 18:57:41','2022-08-02 18:57:41'),
	(27,'CAD','124','Canadian Dollar','$','C$','Cent',100,1,'$','.',',',5,5,0,'2022-08-02 18:57:41','2022-08-02 18:57:41'),
	(28,'CDF','976','Congolese Franc','Fr','FC','Centime',100,0,'','.',',',1,100,0,'2022-08-02 18:57:41','2022-08-02 18:57:41'),
	(29,'CHF','756','Swiss Franc','CHF',NULL,'Rappen',100,1,'','.',',',5,100,0,'2022-08-02 18:57:41','2022-08-02 18:57:41'),
	(30,'CLF','990','Unidad de Fomento','UF',NULL,'Peso',10000,1,'&#x20B1;',',','.',1,100,0,'2022-08-02 18:57:41','2022-08-02 18:57:41'),
	(31,'CLP','152','Chilean Peso','$','CLP','Peso',1,1,'&#36;',',','.',1,100,0,'2022-08-02 18:57:41','2022-08-02 18:57:41'),
	(32,'CNY','156','Chinese Renminbi Yuan','',NULL,'Fen',100,1,'','.',',',1,100,0,'2022-08-02 18:57:41','2022-08-02 18:57:41'),
	(33,'COP','170','Colombian Peso','$','COL$','Centavo',100,1,'&#36;',',','.',20,100,0,'2022-08-02 18:57:41','2022-08-02 18:57:41'),
	(34,'CRC','188','Costa Rican Coln','',NULL,'Cntimo',100,1,'&#x20A1;',',','.',500,100,0,'2022-08-02 18:57:41','2022-08-02 18:57:41'),
	(35,'CUC','931','Cuban Convertible Peso','$','CUC$','Centavo',100,0,'','.',',',1,100,0,'2022-08-02 18:57:41','2022-08-02 18:57:41'),
	(36,'CUP','192','Cuban Peso','$','$MN','Centavo',100,1,'&#x20B1;','.',',',1,100,0,'2022-08-02 18:57:41','2022-08-02 18:57:41'),
	(37,'CVE','132','Cape Verdean Escudo','$','Esc','Centavo',100,0,'','.',',',100,100,0,'2022-08-02 18:57:41','2022-08-02 18:57:41'),
	(38,'CZK','203','Czech Koruna','K',NULL,'Hal',100,0,'',',',' ',100,100,0,'2022-08-02 18:57:41','2022-08-02 18:57:41'),
	(39,'DJF','262','Djiboutian Franc','Fdj',NULL,'Centime',1,0,'','.',',',100,100,0,'2022-08-02 18:57:41','2022-08-02 18:57:41'),
	(40,'DKK','208','Danish Krone','kr.','DKK','re',100,0,'',',','.',50,100,0,'2022-08-02 18:57:41','2022-08-02 18:57:41'),
	(41,'DOP','214','Dominican Peso','$','RD$','Centavo',100,1,'&#x20B1;','.',',',100,100,0,'2022-08-02 18:57:41','2022-08-02 18:57:41'),
	(42,'DZD','012','Algerian Dinar','.',NULL,'Centime',100,0,'','.',',',100,100,0,'2022-08-02 18:57:41','2022-08-02 18:57:41'),
	(43,'EGP','818','Egyptian Pound','.',NULL,'Piastre',100,1,'&#x00A3;','.',',',25,100,0,'2022-08-02 18:57:41','2022-08-02 18:57:41'),
	(44,'ERN','232','Eritrean Nakfa','Nfk',NULL,'Cent',100,0,'','.',',',1,100,0,'2022-08-02 18:57:41','2022-08-02 18:57:41'),
	(45,'ETB','230','Ethiopian Birr','Br','ETB','Santim',100,0,'','.',',',1,100,0,'2022-08-02 18:57:41','2022-08-02 18:57:41'),
	(46,'EUR','978','Euro','',NULL,'Cent',100,1,'&#x20AC;',',','.',1,2,1,'2022-08-02 18:57:41','2022-08-02 18:57:41'),
	(47,'FJD','242','Fijian Dollar','$','FJ$','Cent',100,0,'$','.',',',5,100,0,'2022-08-02 18:57:41','2022-08-02 18:57:41'),
	(48,'FKP','238','Falkland Pound','','FK','Penny',100,0,'&#x00A3;','.',',',1,100,0,'2022-08-02 18:57:41','2022-08-02 18:57:41'),
	(49,'GBP','826','British Pound','',NULL,'Penny',100,1,'&#x00A3;','.',',',1,3,0,'2022-08-02 18:57:41','2022-08-02 18:57:41'),
	(50,'GEL','981','Georgian Lari','',NULL,'Tetri',100,0,'','.',',',1,100,0,'2022-08-02 18:57:41','2022-08-02 18:57:41'),
	(51,'GHS','936','Ghanaian Cedi','',NULL,'Pesewa',100,1,'&#x20B5;','.',',',1,100,0,'2022-08-02 18:57:41','2022-08-02 18:57:41'),
	(52,'GIP','292','Gibraltar Pound','','GIP','Penny',100,1,'&#x00A3;','.',',',1,100,0,'2022-08-02 18:57:41','2022-08-02 18:57:41'),
	(53,'GMD','270','Gambian Dalasi','D',NULL,'Butut',100,0,'','.',',',1,100,0,'2022-08-02 18:57:41','2022-08-02 18:57:41'),
	(54,'GNF','324','Guinean Franc','Fr','FG','Centime',1,0,'','.',',',100,100,0,'2022-08-02 18:57:41','2022-08-02 18:57:41'),
	(55,'GTQ','320','Guatemalan Quetzal','Q',NULL,'Centavo',100,1,'','.',',',1,100,0,'2022-08-02 18:57:41','2022-08-02 18:57:41'),
	(56,'GYD','328','Guyanese Dollar','$','G$','Cent',100,0,'$','.',',',100,100,0,'2022-08-02 18:57:41','2022-08-02 18:57:41'),
	(57,'HKD','344','Hong Kong Dollar','$','HK$','Cent',100,1,'$','.',',',10,100,0,'2022-08-02 18:57:41','2022-08-02 18:57:41'),
	(58,'HNL','340','Honduran Lempira','L','HNL','Centavo',100,1,'','.',',',5,100,0,'2022-08-02 18:57:41','2022-08-02 18:57:41'),
	(59,'HRK','191','Croatian Kuna','kn',NULL,'Lipa',100,0,'',',','.',1,100,0,'2022-08-02 18:57:41','2022-08-02 18:57:41'),
	(60,'HTG','332','Haitian Gourde','G',NULL,'Centime',100,0,'','.',',',5,100,0,'2022-08-02 18:57:41','2022-08-02 18:57:41'),
	(61,'HUF','348','Hungarian Forint','Ft',NULL,'Fillr',1,0,'',',','.',5,100,0,'2022-08-02 18:57:41','2022-08-02 18:57:41'),
	(62,'IDR','360','Indonesian Rupiah','Rp',NULL,'Sen',100,1,'',',','.',5000,100,0,'2022-08-02 18:57:41','2022-08-02 18:57:41'),
	(63,'ILS','376','Israeli New Sheqel','',NULL,'Agora',100,1,'&#x20AA;','.',',',10,100,0,'2022-08-02 18:57:41','2022-08-02 18:57:41'),
	(64,'INR','356','Indian Rupee','',NULL,'Paisa',100,1,'&#x20b9;','.',',',50,59,1,'2022-08-02 18:57:41','2022-08-02 18:57:41'),
	(65,'IQD','368','Iraqi Dinar','.',NULL,'Fils',1000,0,'','.',',',50000,100,0,'2022-08-02 18:57:41','2022-08-02 18:57:41'),
	(66,'IRR','364','Iranian Rial','',NULL,NULL,100,1,'&#xFDFC;','.',',',5000,100,0,'2022-08-02 18:57:41','2022-08-02 18:57:41'),
	(67,'ISK','352','Icelandic Krna','kr',NULL,NULL,1,1,'',',','.',1,100,0,'2022-08-02 18:57:41','2022-08-02 18:57:41'),
	(68,'JMD','388','Jamaican Dollar','$','J$','Cent',100,1,'$','.',',',1,100,0,'2022-08-02 18:57:41','2022-08-02 18:57:41'),
	(69,'JOD','400','Jordanian Dinar','.',NULL,'Fils',1000,1,'','.',',',5,100,0,'2022-08-02 18:57:41','2022-08-02 18:57:41'),
	(70,'JPY','392','Japanese Yen','',NULL,NULL,1,1,'&#x00A5;','.',',',1,6,1,'2022-08-02 18:57:41','2022-08-02 18:57:41'),
	(71,'KES','404','Kenyan Shilling','KSh',NULL,'Cent',100,1,'','.',',',50,100,0,'2022-08-02 18:57:41','2022-08-02 18:57:41'),
	(72,'KGS','417','Kyrgyzstani Som','som',NULL,'Tyiyn',100,0,'','.',',',1,100,0,'2022-08-02 18:57:41','2022-08-02 18:57:41'),
	(73,'KHR','116','Cambodian Riel','',NULL,'Sen',100,0,'&#x17DB;','.',',',5000,100,0,'2022-08-02 18:57:41','2022-08-02 18:57:41'),
	(74,'KMF','174','Comorian Franc','Fr','CF','Centime',1,0,'','.',',',100,100,0,'2022-08-02 18:57:41','2022-08-02 18:57:41'),
	(75,'KPW','408','North Korean Won','',NULL,'Chn',100,0,'&#x20A9;','.',',',1,100,0,'2022-08-02 18:57:41','2022-08-02 18:57:41'),
	(76,'KRW','410','South Korean Won','',NULL,NULL,1,1,'&#x20A9;','.',',',1,100,0,'2022-08-02 18:57:41','2022-08-02 18:57:41'),
	(77,'KWD','414','Kuwaiti Dinar','.',NULL,'Fils',1000,1,'','.',',',5,100,0,'2022-08-02 18:57:41','2022-08-02 18:57:41'),
	(78,'KYD','136','Cayman Islands Dollar','$','CI$','Cent',100,1,'$','.',',',1,100,0,'2022-08-02 18:57:41','2022-08-02 18:57:41'),
	(79,'KZT','398','Kazakhstani Tenge','',NULL,'Tiyn',100,0,'','.',',',100,100,0,'2022-08-02 18:57:41','2022-08-02 18:57:41'),
	(80,'LAK','418','Lao Kip','',NULL,'Att',100,0,'&#x20AD;','.',',',10,100,0,'2022-08-02 18:57:41','2022-08-02 18:57:41'),
	(81,'LBP','422','Lebanese Pound','.',NULL,'Piastre',100,1,'&#x00A3;','.',',',25000,100,0,'2022-08-02 18:57:41','2022-08-02 18:57:41'),
	(82,'LKR','144','Sri Lankan Rupee','','SLRs','Cent',100,0,'&#x0BF9;','.',',',100,100,0,'2022-08-02 18:57:41','2022-08-02 18:57:41'),
	(83,'LRD','430','Liberian Dollar','$','L$','Cent',100,0,'$','.',',',5,100,0,'2022-08-02 18:57:41','2022-08-02 18:57:41'),
	(84,'LSL','426','Lesotho Loti','L','M','Sente',100,0,'','.',',',1,100,0,'2022-08-02 18:57:41','2022-08-02 18:57:41'),
	(85,'LTL','440','Lithuanian Litas','Lt',NULL,'Centas',100,0,'','.',',',1,100,0,'2022-08-02 18:57:41','2022-08-02 18:57:41'),
	(86,'LVL','428','Latvian Lats','Ls',NULL,'Santms',100,1,'','.',',',1,100,0,'2022-08-02 18:57:41','2022-08-02 18:57:41'),
	(87,'LYD','434','Libyan Dinar','.',NULL,'Dirham',1000,0,'','.',',',50,100,0,'2022-08-02 18:57:41','2022-08-02 18:57:41'),
	(88,'MAD','504','Moroccan Dirham','..',NULL,'Centime',100,0,'','.',',',1,100,0,'2022-08-02 18:57:41','2022-08-02 18:57:41'),
	(89,'MDL','498','Moldovan Leu','L',NULL,'Ban',100,0,'','.',',',1,100,0,'2022-08-02 18:57:41','2022-08-02 18:57:41'),
	(90,'MGA','969','Malagasy Ariary','Ar',NULL,'Iraimbilanja',5,1,'','.',',',1,100,0,'2022-08-02 18:57:41','2022-08-02 18:57:41'),
	(91,'MKD','807','Macedonian Denar','',NULL,'Deni',100,0,'','.',',',100,100,0,'2022-08-02 18:57:41','2022-08-02 18:57:41'),
	(92,'MMK','104','Myanmar Kyat','K','MMK','Pya',100,0,'','.',',',50,100,0,'2022-08-02 18:57:41','2022-08-02 18:57:41'),
	(93,'MNT','496','Mongolian Tgrg','',NULL,'Mng',100,0,'&#x20AE;','.',',',2000,100,0,'2022-08-02 18:57:41','2022-08-02 18:57:41'),
	(94,'MOP','446','Macanese Pataca','P',NULL,'Avo',100,0,'','.',',',10,100,0,'2022-08-02 18:57:41','2022-08-02 18:57:41'),
	(95,'MRO','478','Mauritanian Ouguiya','UM',NULL,'Khoums',5,0,'','.',',',1,100,0,'2022-08-02 18:57:41','2022-08-02 18:57:41'),
	(96,'MUR','480','Mauritian Rupee','',NULL,'Cent',100,1,'&#x20A8;','.',',',100,100,0,'2022-08-02 18:57:41','2022-08-02 18:57:41'),
	(97,'MVR','462','Maldivian Rufiyaa','MVR',NULL,'Laari',100,0,'','.',',',1,100,0,'2022-08-02 18:57:41','2022-08-02 18:57:41'),
	(98,'MWK','454','Malawian Kwacha','MK',NULL,'Tambala',100,0,'','.',',',1,100,0,'2022-08-02 18:57:41','2022-08-02 18:57:41'),
	(99,'MXN','484','Mexican Peso','$','MEX$','Centavo',100,1,'$','.',',',5,100,0,'2022-08-02 18:57:41','2022-08-02 18:57:41'),
	(100,'MYR','458','Malaysian Ringgit','RM',NULL,'Sen',100,1,'','.',',',5,100,0,'2022-08-02 18:57:41','2022-08-02 18:57:41'),
	(101,'MZN','943','Mozambican Metical','MTn',NULL,'Centavo',100,1,'',',','.',1,100,0,'2022-08-02 18:57:41','2022-08-02 18:57:41'),
	(102,'NAD','516','Namibian Dollar','$','N$','Cent',100,0,'$','.',',',5,100,0,'2022-08-02 18:57:41','2022-08-02 18:57:41'),
	(103,'NGN','566','Nigerian Naira','',NULL,'Kobo',100,1,'&#x20A6;','.',',',50,100,0,'2022-08-02 18:57:41','2022-08-02 18:57:41'),
	(104,'NIO','558','Nicaraguan Crdoba','C$',NULL,'Centavo',100,0,'','.',',',5,100,0,'2022-08-02 18:57:41','2022-08-02 18:57:41'),
	(105,'NOK','578','Norwegian Krone','kr','NOK','re',100,0,'kr',',','.',100,100,0,'2022-08-02 18:57:41','2022-08-02 18:57:41'),
	(106,'NPR','524','Nepalese Rupee','','NPR','Paisa',100,1,'&#x20A8;','.',',',1,100,0,'2022-08-02 18:57:41','2022-08-02 18:57:41'),
	(107,'NZD','554','New Zealand Dollar','$','NZ$','Cent',100,1,'$','.',',',10,100,0,'2022-08-02 18:57:41','2022-08-02 18:57:41'),
	(108,'OMR','512','Omani Rial','..',NULL,'Baisa',1000,1,'&#xFDFC;','.',',',5,100,0,'2022-08-02 18:57:41','2022-08-02 18:57:41'),
	(109,'PAB','590','Panamanian Balboa','B/.',NULL,'Centsimo',100,0,'','.',',',1,100,0,'2022-08-02 18:57:41','2022-08-02 18:57:41'),
	(110,'PEN','604','Peruvian Nuevo Sol','S/.',NULL,'Cntimo',100,1,'S/.','.',',',1,100,0,'2022-08-02 18:57:41','2022-08-02 18:57:41'),
	(111,'PGK','598','Papua New Guinean Kina','K','PGK','Toea',100,0,'','.',',',5,100,0,'2022-08-02 18:57:41','2022-08-02 18:57:41'),
	(112,'PHP','608','Philippine Peso','',NULL,'Centavo',100,1,'&#x20B1;','.',',',1,100,0,'2022-08-02 18:57:41','2022-08-02 18:57:41'),
	(113,'PKR','586','Pakistani Rupee','','PKR','Paisa',100,1,'&#x20A8;','.',',',100,100,0,'2022-08-02 18:57:41','2022-08-02 18:57:41'),
	(114,'PLN','985','Polish Zoty','z',NULL,'Grosz',100,0,'z&#322;',',',' ',1,100,0,'2022-08-02 18:57:41','2022-08-02 18:57:41'),
	(115,'PYG','600','Paraguayan Guaran','',NULL,'Cntimo',1,1,'&#x20B2;','.',',',5000,100,0,'2022-08-02 18:57:41','2022-08-02 18:57:41'),
	(116,'QAR','634','Qatari Riyal','.',NULL,'Dirham',100,0,'&#xFDFC;','.',',',1,100,0,'2022-08-02 18:57:41','2022-08-02 18:57:41'),
	(117,'RON','946','Romanian Leu','Lei',NULL,'Bani',100,0,'',',','.',1,100,0,'2022-08-02 18:57:41','2022-08-02 18:57:41'),
	(118,'RSD','941','Serbian Dinar',' ',NULL,'Para',100,1,'','.',',',100,100,0,'2022-08-02 18:57:41','2022-08-02 18:57:41'),
	(119,'RUB','643','Russian Ruble','',NULL,'Kopeck',100,0,'&#x20BD;',',','.',1,100,0,'2022-08-02 18:57:41','2022-08-02 18:57:41'),
	(120,'RWF','646','Rwandan Franc','FRw',NULL,'Centime',1,0,'','.',',',100,100,0,'2022-08-02 18:57:41','2022-08-02 18:57:41'),
	(121,'SAR','682','Saudi Riyal','.',NULL,'Hallallah',100,1,'&#xFDFC;','.',',',5,100,0,'2022-08-02 18:57:41','2022-08-02 18:57:41'),
	(122,'SBD','090','Solomon Islands Dollar','$','SI$','Cent',100,0,'$','.',',',10,100,0,'2022-08-02 18:57:41','2022-08-02 18:57:41'),
	(123,'SCR','690','Seychellois Rupee','','SRe','Cent',100,0,'&#x20A8;','.',',',1,100,0,'2022-08-02 18:57:41','2022-08-02 18:57:41'),
	(124,'SDG','938','Sudanese Pound','','SDG','Piastre',100,1,'','.',',',1,100,0,'2022-08-02 18:57:41','2022-08-02 18:57:41'),
	(125,'SEK','752','Swedish Krona','kr','SEK','re',100,0,'',',',' ',100,100,0,'2022-08-02 18:57:41','2022-08-02 18:57:41'),
	(126,'SGD','702','Singapore Dollar','$','S$','Cent',100,1,'$','.',',',1,100,0,'2022-08-02 18:57:41','2022-08-02 18:57:41'),
	(127,'SHP','654','Saint Helenian Pound','','SHP','Penny',100,0,'&#x00A3;','.',',',1,100,0,'2022-08-02 18:57:41','2022-08-02 18:57:41'),
	(128,'SKK','703','Slovak Koruna','Sk',NULL,'Halier',100,1,'','.',',',50,100,0,'2022-08-02 18:57:41','2022-08-02 18:57:41'),
	(129,'SLL','694','Sierra Leonean Leone','Le',NULL,'Cent',100,0,'','.',',',1000,100,0,'2022-08-02 18:57:41','2022-08-02 18:57:41'),
	(130,'SOS','706','Somali Shilling','Sh',NULL,'Cent',100,0,'','.',',',1,100,0,'2022-08-02 18:57:41','2022-08-02 18:57:41'),
	(131,'SRD','968','Surinamese Dollar','$','SRD','Cent',100,0,'','.',',',1,100,0,'2022-08-02 18:57:41','2022-08-02 18:57:41'),
	(132,'SSP','728','South Sudanese Pound','','SSP','piaster',100,0,'&#x00A3;','.',',',5,100,0,'2022-08-02 18:57:41','2022-08-02 18:57:41'),
	(133,'STD','678','So Tom and Prncipe Dobra','Db',NULL,'Cntimo',100,0,'','.',',',10000,100,0,'2022-08-02 18:57:41','2022-08-02 18:57:41'),
	(134,'SVC','222','Salvadoran Coln','',NULL,'Centavo',100,1,'&#x20A1;','.',',',1,100,0,'2022-08-02 18:57:41','2022-08-02 18:57:41'),
	(135,'SYP','760','Syrian Pound','S',NULL,'Piastre',100,0,'&#x00A3;','.',',',100,100,0,'2022-08-02 18:57:41','2022-08-02 18:57:41'),
	(136,'SZL','748','Swazi Lilangeni','E','SZL','Cent',100,1,'','.',',',1,100,0,'2022-08-02 18:57:41','2022-08-02 18:57:41'),
	(137,'THB','764','Thai Baht','',NULL,'Satang',100,1,'&#x0E3F;','.',',',1,100,0,'2022-08-02 18:57:41','2022-08-02 18:57:41'),
	(138,'TJS','972','Tajikistani Somoni','',NULL,'Diram',100,0,'','.',',',1,100,0,'2022-08-02 18:57:41','2022-08-02 18:57:41'),
	(139,'TMT','934','Turkmenistani Manat','T',NULL,'Tenge',100,0,'','.',',',1,100,0,'2022-08-02 18:57:41','2022-08-02 18:57:41'),
	(140,'TND','788','Tunisian Dinar','.',NULL,'Millime',1000,0,'','.',',',10,100,0,'2022-08-02 18:57:41','2022-08-02 18:57:41'),
	(141,'TOP','776','Tongan Paanga','T$',NULL,'Seniti',100,1,'','.',',',1,100,0,'2022-08-02 18:57:41','2022-08-02 18:57:41'),
	(142,'TRY','949','Turkish Lira','',NULL,'kuru',100,1,'&#8378;',',','.',1,100,0,'2022-08-02 18:57:41','2022-08-02 18:57:41'),
	(143,'TTD','780','Trinidad and Tobago Dollar','$','TT$','Cent',100,0,'$','.',',',1,100,0,'2022-08-02 18:57:41','2022-08-02 18:57:41'),
	(144,'TWD','901','New Taiwan Dollar','$','NT$','Cent',100,1,'$','.',',',50,100,0,'2022-08-02 18:57:41','2022-08-02 18:57:41'),
	(145,'TZS','834','Tanzanian Shilling','Sh',NULL,'Cent',100,1,'','.',',',5000,100,0,'2022-08-02 18:57:41','2022-08-02 18:57:41'),
	(146,'UAH','980','Ukrainian Hryvnia','',NULL,'Kopiyka',100,0,'&#x20B4;','.',',',1,100,0,'2022-08-02 18:57:41','2022-08-02 18:57:41'),
	(147,'UGX','800','Ugandan Shilling','USh',NULL,'Cent',1,0,'','.',',',1000,100,0,'2022-08-02 18:57:41','2022-08-02 18:57:41'),
	(148,'USD','840','United States Dollar','$','US$','Cent',100,1,'$','.',',',1,1,1,'2022-08-02 18:57:41','2022-08-02 18:57:41'),
	(149,'UYU','858','Uruguayan Peso','$',NULL,'Centsimo',100,1,'&#x20B1;',',','.',100,100,0,'2022-08-02 18:57:41','2022-08-02 18:57:41'),
	(150,'UZS','860','Uzbekistan Som','',NULL,'Tiyin',100,0,'','.',',',100,100,0,'2022-08-02 18:57:41','2022-08-02 18:57:41'),
	(151,'VEF','937','Venezuelan Bolvar','Bs',NULL,'Cntimo',100,1,'',',','.',1,100,0,'2022-08-02 18:57:41','2022-08-02 18:57:41'),
	(152,'VND','704','Vietnamese ng','',NULL,'H o',1,1,'&#x20AB;',',','.',100,100,0,'2022-08-02 18:57:41','2022-08-02 18:57:41'),
	(153,'VUV','548','Vanuatu Vatu','Vt',NULL,NULL,1,1,'','.',',',1,100,0,'2022-08-02 18:57:41','2022-08-02 18:57:41'),
	(154,'WST','882','Samoan Tala','T','WS$','Sene',100,0,'','.',',',10,100,0,'2022-08-02 18:57:41','2022-08-02 18:57:41'),
	(155,'XAF','950','Central African Cfa Franc','Fr','FCFA','Centime',1,0,'','.',',',100,100,0,'2022-08-02 18:57:41','2022-08-02 18:57:41'),
	(156,'XAG','961','Silver (Troy Ounce)','oz t','XAG','oz',1,0,'','.',',',1,100,0,'2022-08-02 18:57:41','2022-08-02 18:57:41'),
	(157,'XAU','959','Gold (Troy Ounce)','oz t','XAU','oz',1,0,'','.',',',1,100,0,'2022-08-02 18:57:41','2022-08-02 18:57:41'),
	(158,'XBA','955','European Composite Unit','','XBA','',1,0,'','.',',',1,100,0,'2022-08-02 18:57:41','2022-08-02 18:57:41'),
	(159,'XBB','956','European Monetary Unit','','XBB','',1,0,'','.',',',1,100,0,'2022-08-02 18:57:41','2022-08-02 18:57:41'),
	(160,'XBC','957','European Unit of Account 9','','XBC','',1,0,'','.',',',1,100,0,'2022-08-02 18:57:41','2022-08-02 18:57:41'),
	(161,'XBD','958','European Unit of Account 17','','XBD','',1,0,'','.',',',1,100,0,'2022-08-02 18:57:41','2022-08-02 18:57:41'),
	(162,'XCD','951','East Caribbean Dollar','$','EX$','Cent',100,1,'$','.',',',1,100,0,'2022-08-02 18:57:41','2022-08-02 18:57:41'),
	(163,'XDR','960','Special Drawing Rights','SDR',NULL,'',1,0,'$','.',',',1,100,0,'2022-08-02 18:57:41','2022-08-02 18:57:41'),
	(164,'XOF','952','West African Cfa Franc','Fr','CFA','Centime',1,0,'','.',',',100,100,0,'2022-08-02 18:57:41','2022-08-02 18:57:41'),
	(165,'XPD','964','Palladium','oz t','XPD','oz',1,0,'','.',',',1,100,0,'2022-08-02 18:57:41','2022-08-02 18:57:41'),
	(166,'XPF','953','Cfp Franc','Fr',NULL,'Centime',1,0,'','.',',',100,100,0,'2022-08-02 18:57:41','2022-08-02 18:57:41'),
	(167,'XPT','962','Platinum','oz t',NULL,'',1,0,'','.',',',1,100,0,'2022-08-02 18:57:41','2022-08-02 18:57:41'),
	(168,'xts','963','Codes specifically reserved for testing purposes','',NULL,'',1,0,'','.',',',1,100,0,'2022-08-02 18:57:41','2022-08-02 18:57:41'),
	(169,'YER','886','Yemeni Rial','',NULL,'Fils',100,0,'&#xFDFC;','.',',',100,100,0,'2022-08-02 18:57:41','2022-08-02 18:57:41'),
	(170,'ZAR','710','South African Rand','R',NULL,'Cent',100,1,'&#x0052;','.',',',10,100,0,'2022-08-02 18:57:41','2022-08-02 18:57:41'),
	(171,'ZMK','894','Zambian Kwacha','ZK','ZMK','Ngwee',100,0,'','.',',',5,100,0,'2022-08-02 18:57:41','2022-08-02 18:57:41'),
	(172,'ZMW','967','Zambian Kwacha','ZK','ZMW','Ngwee',100,0,'','.',',',5,100,0,'2022-08-02 18:57:41','2022-08-02 18:57:41'),
	(173,'BTC','','Bitcoin','B',NULL,'Satoshi',100000000,1,'','.',',',1,100,0,'2022-08-02 18:57:41','2022-08-02 18:57:41'),
	(174,'JEP','','Jersey Pound','','JEP','Penny',100,1,'&#x00A3;','.',',',1,100,0,'2022-08-02 18:57:41','2022-08-02 18:57:41'),
	(175,'GGP','','Guernsey Pound','','GGP','Penny',100,1,'&#x00A3;','.',',',1,100,0,'2022-08-02 18:57:41','2022-08-02 18:57:41'),
	(176,'IMP','','Isle of Man Pound','','IMP','Penny',100,1,'&#x00A3;','.',',',1,100,0,'2022-08-02 18:57:41','2022-08-02 18:57:41'),
	(177,'XFU','','UIC Franc','','XFU','',100,1,'','.',',',1,100,0,'2022-08-02 18:57:41','2022-08-02 18:57:41');

/*!40000 ALTER TABLE `currencies` ENABLE KEYS */;


# Dump of table customer_event
# ------------------------------------------------------------

DROP TABLE IF EXISTS `customer_event`;

CREATE TABLE `customer_event` (
  `id` bigint(20) unsigned NOT NULL AUTO_INCREMENT,
  `event_id` bigint(20) unsigned NOT NULL,
  `customer_id` bigint(20) unsigned NOT NULL,
  `created_at` timestamp NULL DEFAULT NULL,
  `updated_at` timestamp NULL DEFAULT NULL,
  PRIMARY KEY (`id`)
) ENGINE=InnoDB DEFAULT CHARSET=utf8mb3 COLLATE=utf8mb3_unicode_ci;



# Dump of table customers
# ------------------------------------------------------------

DROP TABLE IF EXISTS `customers`;

CREATE TABLE `customers` (
  `id` bigint(20) unsigned NOT NULL AUTO_INCREMENT,
  `name` varchar(255) COLLATE utf8mb3_unicode_ci NOT NULL,
  `nice_name` varchar(255) COLLATE utf8mb3_unicode_ci DEFAULT NULL,
  `email` varchar(255) COLLATE utf8mb3_unicode_ci NOT NULL,
  `password` varchar(60) COLLATE utf8mb3_unicode_ci DEFAULT NULL,
  `dob` date DEFAULT NULL,
  `sex` varchar(255) COLLATE utf8mb3_unicode_ci DEFAULT NULL,
  `description` longtext COLLATE utf8mb3_unicode_ci DEFAULT NULL,
  `last_visited_at` timestamp NULL DEFAULT NULL,
  `last_visited_from` varchar(45) COLLATE utf8mb3_unicode_ci DEFAULT NULL,
  `stripe_id` varchar(255) COLLATE utf8mb3_unicode_ci DEFAULT NULL,
  `card_holder_name` text COLLATE utf8mb3_unicode_ci DEFAULT NULL,
  `pm_type` varchar(255) COLLATE utf8mb3_unicode_ci DEFAULT NULL,
  `pm_last_four` varchar(255) COLLATE utf8mb3_unicode_ci DEFAULT NULL,
  `active` tinyint(1) DEFAULT 1,
  `accepts_marketing` tinyint(1) DEFAULT 1,
  `verification_token` varchar(100) COLLATE utf8mb3_unicode_ci DEFAULT NULL,
  `api_token` varchar(80) COLLATE utf8mb3_unicode_ci DEFAULT NULL,
  `remember_token` varchar(100) COLLATE utf8mb3_unicode_ci DEFAULT NULL,
  `deleted_at` timestamp NULL DEFAULT NULL,
  `created_at` timestamp NULL DEFAULT NULL,
  `updated_at` timestamp NULL DEFAULT NULL,
  PRIMARY KEY (`id`),
  UNIQUE KEY `customers_email_unique` (`email`),
  UNIQUE KEY `customers_api_token_unique` (`api_token`)
) ENGINE=InnoDB DEFAULT CHARSET=utf8mb3 COLLATE=utf8mb3_unicode_ci;

/*!40000 ALTER TABLE `customers` DISABLE KEYS */;

INSERT INTO `customers` (`id`, `name`, `nice_name`, `email`, `password`, `dob`, `sex`, `description`, `last_visited_at`, `last_visited_from`, `stripe_id`, `card_holder_name`, `pm_type`, `pm_last_four`, `active`, `accepts_marketing`, `verification_token`, `api_token`, `remember_token`, `deleted_at`, `created_at`, `updated_at`)
VALUES
	(1,'Cornell Parker','McCullough','customer@demo.com','$2y$10$w2BBPvi7N55Y6KzkC/T6zuAdlDc2z3GCn6ulAVpo/31/u.EwIbOaq','1986-10-20','app.male','Quasi consequatur et impedit dignissimos facere maiores omnis sit. Soluta consectetur qui fuga nostrum ea ipsum sint. Asperiores sint aliquid reiciendis voluptates eligendi aliquid suscipit neque.',NULL,NULL,NULL,NULL,NULL,NULL,1,1,NULL,NULL,'tSpkpXPQqKFpwKbUPXcNvLRJgiULM48wBb01e2e0kFuHNKw9TnK3GmcUzg2k',NULL,'2020-09-02 18:57:44','2020-09-02 18:57:44'),
	(2,'Miss Daphnee Rau','Rodriguez','willa.feest@gmail.com','$2y$10$1fzlibYMs6VzjUMD6akHne3Hpk6CutlZqkmusJV3bc/KeyrQuH2xy','1977-04-25','app.male','Aut aliquid fugit consequuntur vel ratione. Consequatur ratione reiciendis aut itaque eum.',NULL,NULL,NULL,NULL,NULL,NULL,1,1,NULL,NULL,'5gXsOwou3F',NULL,'2021-08-02 18:57:44','2021-08-02 18:57:44'),
	(3,'Paris Braun','Gorczany','candida.ortiz@mitchell.com','$2y$10$ouFWl3UtQikuOsNvkwzYr.aRQAYHLkIu3pTBGN9gd5cpWHp88IkvK','1985-12-06','app.male','Et assumenda delectus doloremque aut asperiores. Quia quidem corporis aut non minima assumenda ut quod. Dolores quia excepturi nesciunt laudantium et.',NULL,NULL,NULL,NULL,NULL,NULL,1,1,NULL,NULL,'rIMZwX4cT6',NULL,'2020-09-02 18:57:44','2020-09-02 18:57:44'),
	(4,'Dr. Rosendo Heathcote MD','Grant','bradtke.astrid@cronin.net','$2y$10$lQgFZNccVO.XwXi1Ab97NO3u5UYtEarW/iNZNpudILVctbL3pC0kG','2012-12-05','app.female','Et iste odio distinctio. Et ducimus pariatur voluptas commodi excepturi nemo. Accusamus quis quaerat qui quaerat maiores modi. Occaecati voluptatem non ab facere molestiae qui.',NULL,NULL,NULL,NULL,NULL,NULL,1,1,NULL,NULL,'tLLcacMNcf',NULL,'2021-01-02 18:57:44','2021-01-02 18:57:44'),
	(5,'Kitty Mills','O\'Kon','jjenkins@gmail.com','$2y$10$8H0vANfo.kqtIn5BDcLhSO5gwv8tauer0c1LgOS6z2hVLOj6dCQZa','1977-09-20','app.male','Quod possimus non rerum rerum eum. Tenetur deleniti distinctio ad architecto et alias at et. Autem earum eveniet dolor quisquam ducimus.',NULL,NULL,NULL,NULL,NULL,NULL,1,1,NULL,NULL,'DHL24wl1a1',NULL,'2021-08-02 18:57:44','2021-08-02 18:57:44'),
	(6,'Trystan Jaskolski','Kiehn','hartmann.lizeth@metz.com','$2y$10$euL9..5M8FVwCMiWijOiA.bUeB.FM9xrqOj7QxwZuePJMsq4Y4aEK','2007-10-06','app.female','Reprehenderit id cumque vero et aut aperiam. Placeat maiores at optio. Non facilis asperiores molestiae dolorum perspiciatis. Doloribus sapiente tenetur dolores id et corporis.',NULL,NULL,NULL,NULL,NULL,NULL,1,1,NULL,NULL,'rUGKrh3WwK',NULL,'2020-07-02 18:57:44','2020-07-02 18:57:44'),
	(7,'Eileen Treutel','Schowalter','ywalter@rosenbaum.info','$2y$10$gsrx/5IgXY6BpE7zoC/Dzua8KBsVwHmYraPvhXDLYOz6Zdg2/o9Ru','1989-06-25','app.male','Repellendus voluptatem aspernatur odio omnis magnam commodi non. Aliquid sed voluptatibus soluta. Quos qui dolores voluptas est rerum.',NULL,NULL,NULL,NULL,NULL,NULL,1,1,NULL,NULL,'ClxK4UDkSg',NULL,'2021-02-02 18:57:44','2021-02-02 18:57:44'),
	(8,'Kelley Brown','Emmerich','beer.maybelle@kirlin.com','$2y$10$.DkPPFA3Wn1sbXQSB2XCT.KR0RixuxSFD8EeWZsHU4hB09f8aSBFe','1989-11-18','app.male','Suscipit eveniet temporibus libero perspiciatis quia. Deserunt quia dolor fugit quia et occaecati. Dolorem aut a non fuga. Nihil similique autem distinctio adipisci.',NULL,NULL,NULL,NULL,NULL,NULL,1,1,NULL,NULL,'hzRrT1Ve93',NULL,'2021-04-02 18:57:44','2021-04-02 18:57:44'),
	(9,'Kelley Herman','Paucek','laney.schimmel@kiehn.com','$2y$10$XAu/RRj.tKd0acsyzRMTg.Ge6OOGAbEAtmyVLQYyJkoXxLFhRQKTC','2022-04-29','app.male','Odit dolorum quos autem voluptas eius placeat. Est quidem quas sint corporis et fugiat et. Assumenda aut expedita aut molestias provident ut. Dolorum voluptatibus qui impedit exercitationem ut.',NULL,NULL,NULL,NULL,NULL,NULL,1,1,NULL,NULL,'nZOcuf8Alo',NULL,'2020-12-02 18:57:44','2020-12-02 18:57:44'),
	(10,'Sigrid Wintheiser Jr.','Abshire','amparo.harris@kertzmann.com','$2y$10$DEwSiJtppTExaK4aW5SWQOPM1/9XuNfXBKyWIIS9p.8ZNBR7jOv4G','2014-05-16','app.male','Nemo eum quod facere accusamus et eum tempora. Rem neque omnis et. Ut magnam quibusdam sint dolorum reiciendis possimus.',NULL,NULL,NULL,NULL,NULL,NULL,1,1,NULL,NULL,'daO5vYk8gN',NULL,'2020-09-02 18:57:44','2020-09-02 18:57:44'),
	(11,'Alfreda King III','Kuphal','libby.marvin@hotmail.com','$2y$10$CHzRAsZDCScw07irnHgUHeYY4th6ZNgb4ONjZk7Efg4hK3dXd4Vnu','2004-09-05','app.female','Rerum sed molestiae delectus. Eum molestiae sint ipsum quia consectetur ut rem. Quo rerum modi magnam quo saepe harum.',NULL,NULL,NULL,NULL,NULL,NULL,1,1,NULL,NULL,'JiDrKJF4t3',NULL,'2020-10-02 18:57:44','2020-10-02 18:57:44'),
	(12,'Ms. Bianka Pfannerstill DDS','Morar','crona.emie@jenkins.com','$2y$10$yJkxpdx7iNpNNdBv.Vwp0uT6qBJM2mSCqY/C/1PP1TMGsE5A/bOEq','2005-06-27','app.other','Ut praesentium quae officiis eos aliquid dolore. Laborum sit cupiditate dolore et. Est quia quia iste.',NULL,NULL,NULL,NULL,NULL,NULL,1,1,NULL,NULL,'da5dVP69vT',NULL,'2020-09-02 18:57:44','2020-09-02 18:57:44'),
	(13,'Mrs. Audrey Greenholt','Paucek','nitzsche.jo@hettinger.info','$2y$10$W8HOo8AVbu4NKOhvNfeMxOdQD2PqIHYRR8qus6PTZeTsv6MmR1Jxe','2018-09-18','app.male','Eius dolor velit fuga fugit. Est earum animi est alias. Sunt ullam amet est quis vero non fugit.',NULL,NULL,NULL,NULL,NULL,NULL,1,1,NULL,NULL,'8z43YbLXgE',NULL,'2021-05-02 18:57:44','2021-05-02 18:57:44'),
	(14,'Palma Gusikowski','Runolfsson','zreilly@hotmail.com','$2y$10$gGjMC3hGPMFrsCU9FrS/j.mE1/F3BSTcfXpGHtuI4ZEZU9b.tW1va','2021-11-30','app.other','Est consequatur illum excepturi et ab voluptatem sit. Autem earum non et quia voluptas praesentium.',NULL,NULL,NULL,NULL,NULL,NULL,1,1,NULL,NULL,'6PKLFsmpcz',NULL,'2021-05-02 18:57:45','2021-05-02 18:57:45'),
	(15,'Miss Keara Stroman','Stark','demond53@schamberger.biz','$2y$10$KqORTNgt1C07FC.6RGZkw.tY62UwSOQqZSSCr.mBUkE0halZXW9E.','1991-09-15','app.female','Et rerum enim perferendis eius pariatur. Error alias occaecati corrupti quia. Accusamus dicta ut aut ullam cum consequatur quas. Corrupti sequi nesciunt harum et.',NULL,NULL,NULL,NULL,NULL,NULL,1,1,NULL,NULL,'e0DiQIFiZA',NULL,'2020-11-02 18:57:45','2020-11-02 18:57:45'),
	(16,'Bridie Leffler','Lemke','alf34@hotmail.com','$2y$10$zVFURy1.pTjl70DRE/z6v.SWeX6WHOylwEWlukCWunknDt9s6Gika','1994-01-12','app.male','Tenetur nobis animi et minus exercitationem cum quia. Dolorem sed fuga nemo rerum quasi ut. Quibusdam quae commodi vel veritatis quas consequatur exercitationem.',NULL,NULL,NULL,NULL,NULL,NULL,1,1,NULL,NULL,'itlbzwX6FV',NULL,'2021-02-02 18:57:45','2021-02-02 18:57:45');

/*!40000 ALTER TABLE `customers` ENABLE KEYS */;


# Dump of table dashboard_configs
# ------------------------------------------------------------

DROP TABLE IF EXISTS `dashboard_configs`;

CREATE TABLE `dashboard_configs` (
  `user_id` bigint(20) NOT NULL,
  `upgrade_plan_notice` tinyint(1) DEFAULT 1,
  `created_at` timestamp NULL DEFAULT NULL,
  `updated_at` timestamp NULL DEFAULT NULL,
  PRIMARY KEY (`user_id`)
) ENGINE=InnoDB DEFAULT CHARSET=utf8mb3 COLLATE=utf8mb3_unicode_ci;

/*!40000 ALTER TABLE `dashboard_configs` DISABLE KEYS */;

INSERT INTO `dashboard_configs` (`user_id`, `upgrade_plan_notice`, `created_at`, `updated_at`)
VALUES
	(1,1,'2022-08-02 18:57:42','2022-08-02 18:57:42'),
	(2,1,'2022-08-02 18:57:43','2022-08-02 18:57:43'),
	(3,1,'2022-08-02 18:57:43','2022-08-02 18:57:43'),
	(4,1,'2022-08-02 18:57:43','2022-08-02 18:57:43'),
	(5,1,'2022-08-02 18:57:43','2022-08-02 18:57:43'),
	(6,1,'2022-08-02 18:57:43','2022-08-02 18:57:43'),
	(7,1,'2022-08-02 18:57:43','2022-08-02 18:57:43');

/*!40000 ALTER TABLE `dashboard_configs` ENABLE KEYS */;


# Dump of table delivery_boys
# ------------------------------------------------------------

DROP TABLE IF EXISTS `delivery_boys`;

CREATE TABLE `delivery_boys` (
  `id` bigint(20) unsigned NOT NULL AUTO_INCREMENT,
  `shop_id` int(10) unsigned DEFAULT NULL,
  `first_name` varchar(255) COLLATE utf8mb3_unicode_ci DEFAULT NULL,
  `last_name` varchar(255) COLLATE utf8mb3_unicode_ci DEFAULT NULL,
  `nice_name` varchar(255) COLLATE utf8mb3_unicode_ci DEFAULT NULL,
  `email` varchar(255) COLLATE utf8mb3_unicode_ci NOT NULL,
  `phone_number` varchar(255) COLLATE utf8mb3_unicode_ci DEFAULT NULL,
  `password` varchar(255) COLLATE utf8mb3_unicode_ci NOT NULL,
  `status` tinyint(1) NOT NULL DEFAULT 0,
  `dob` date DEFAULT NULL,
  `sex` varchar(255) COLLATE utf8mb3_unicode_ci DEFAULT NULL,
  `verification_token` varchar(100) COLLATE utf8mb3_unicode_ci DEFAULT NULL,
  `api_token` varchar(80) COLLATE utf8mb3_unicode_ci DEFAULT NULL,
  `remember_token` varchar(100) COLLATE utf8mb3_unicode_ci DEFAULT NULL,
  `deleted_at` timestamp NULL DEFAULT NULL,
  `created_at` timestamp NULL DEFAULT NULL,
  `updated_at` timestamp NULL DEFAULT NULL,
  PRIMARY KEY (`id`),
  UNIQUE KEY `delivery_boys_email_unique` (`email`),
  UNIQUE KEY `delivery_boys_api_token_unique` (`api_token`),
  KEY `delivery_boys_shop_id_foreign` (`shop_id`),
  CONSTRAINT `delivery_boys_shop_id_foreign` FOREIGN KEY (`shop_id`) REFERENCES `shops` (`id`) ON DELETE CASCADE
) ENGINE=InnoDB DEFAULT CHARSET=utf8mb3 COLLATE=utf8mb3_unicode_ci;

/*!40000 ALTER TABLE `delivery_boys` DISABLE KEYS */;

INSERT INTO `delivery_boys` (`id`, `shop_id`, `first_name`, `last_name`, `nice_name`, `email`, `phone_number`, `password`, `status`, `dob`, `sex`, `verification_token`, `api_token`, `remember_token`, `deleted_at`, `created_at`, `updated_at`)
VALUES
	(1,1,'Joan','Price','Streich','delivery1@demo.com','+1 (534) 283-8846','$2y$10$J/W40mlKR4B2AQSGy4ooMe6Tnf7ppEN.a9yB0SF5FsKo.gVE7fgn2',1,NULL,NULL,NULL,NULL,NULL,NULL,'2022-08-15 18:57:43','2022-08-15 18:57:43'),
	(2,2,'Shyanne','Bartell','Casper','delivery2@demo.com','+1-504-920-3144','$2y$10$Q2pj9EHar.HL9kvjHGR7.OVw4/Z9yn1Oz9BJs.tTEOdNlklGvbqay',1,NULL,NULL,NULL,NULL,NULL,NULL,'2022-08-15 18:57:43','2022-08-15 18:57:43'),
	(3,3,'Jameson','Weissnat','Hahn','delivery3@demo.com','(314) 337-5275','$2y$10$4R0FcxP0ArzOaFVyCoCf5uyDcxh0eCd63JOBKSm6L8A4d4/vX69zS',1,NULL,NULL,NULL,NULL,NULL,NULL,'2022-08-15 18:57:43','2022-08-15 18:57:43'),
	(4,4,'Everett','Hand','Ledner','delivery4@demo.com','(858) 719-2791','$2y$10$Y5s/Yn9Iyby5E/YbisH2Fu/swfvrThAdnW/4P2ry.5rf3HrOmtK6C',1,NULL,NULL,NULL,NULL,NULL,NULL,'2022-08-15 18:57:43','2022-08-15 18:57:43'),
	(5,5,'Layla','Boyer','Rutherford','delivery5@demo.com','1-972-452-5362','$2y$10$tHhfJx6CDQbZKondX3LjAuw.DKP57bRSVux94ObqKQuqda7qHCi1W',1,NULL,NULL,NULL,NULL,NULL,NULL,'2022-08-15 18:57:43','2022-08-15 18:57:43'),
	(6,1,'Tatum','Murazik','Johnson','delivery@demo.com','+1.520.382.0622','$2y$10$mebxA90WzD1e7COmK//1duo8ZIiSrqKz1htYCryG5GjDIWSwh3rPa',1,NULL,NULL,NULL,NULL,NULL,NULL,'2022-08-02 18:57:44','2022-08-02 18:57:44');

/*!40000 ALTER TABLE `delivery_boys` ENABLE KEYS */;


# Dump of table dispute_types
# ------------------------------------------------------------

DROP TABLE IF EXISTS `dispute_types`;

CREATE TABLE `dispute_types` (
  `id` int(10) unsigned NOT NULL AUTO_INCREMENT,
  `detail` varchar(255) COLLATE utf8mb3_unicode_ci NOT NULL,
  PRIMARY KEY (`id`),
  UNIQUE KEY `dispute_types_detail_unique` (`detail`)
) ENGINE=InnoDB DEFAULT CHARSET=utf8mb3 COLLATE=utf8mb3_unicode_ci;

/*!40000 ALTER TABLE `dispute_types` DISABLE KEYS */;

INSERT INTO `dispute_types` (`id`, `detail`)
VALUES
	(2,'Counterfeit goods'),
	(9,'Customs problem'),
	(4,'Damaged goods'),
	(1,'Did not receive goods'),
	(7,'Problems with the accessories'),
	(6,'Product not as described'),
	(5,'Quality not good'),
	(3,'Quantity shortage'),
	(10,'Shipping address not correct'),
	(8,'Shipping method');

/*!40000 ALTER TABLE `dispute_types` ENABLE KEYS */;


# Dump of table disputes
# ------------------------------------------------------------

DROP TABLE IF EXISTS `disputes`;

CREATE TABLE `disputes` (
  `id` bigint(20) unsigned NOT NULL AUTO_INCREMENT,
  `shop_id` int(10) unsigned DEFAULT NULL,
  `dispute_type_id` int(10) unsigned DEFAULT NULL,
  `customer_id` bigint(20) unsigned NOT NULL,
  `order_id` bigint(20) unsigned NOT NULL,
  `product_id` bigint(20) unsigned DEFAULT NULL,
  `description` longtext COLLATE utf8mb3_unicode_ci DEFAULT NULL,
  `order_received` tinyint(1) NOT NULL DEFAULT 1,
  `return_goods` tinyint(1) DEFAULT NULL,
  `refund_amount` decimal(20,6) DEFAULT NULL,
  `status` int(10) unsigned NOT NULL DEFAULT 1,
  `created_at` timestamp NULL DEFAULT NULL,
  `updated_at` timestamp NULL DEFAULT NULL,
  PRIMARY KEY (`id`),
  KEY `disputes_order_id_foreign` (`order_id`),
  KEY `disputes_customer_id_foreign` (`customer_id`),
  KEY `disputes_dispute_type_id_foreign` (`dispute_type_id`),
  CONSTRAINT `disputes_customer_id_foreign` FOREIGN KEY (`customer_id`) REFERENCES `customers` (`id`) ON DELETE CASCADE,
  CONSTRAINT `disputes_dispute_type_id_foreign` FOREIGN KEY (`dispute_type_id`) REFERENCES `dispute_types` (`id`) ON DELETE SET NULL,
  CONSTRAINT `disputes_order_id_foreign` FOREIGN KEY (`order_id`) REFERENCES `orders` (`id`) ON DELETE CASCADE
) ENGINE=InnoDB DEFAULT CHARSET=utf8mb3 COLLATE=utf8mb3_unicode_ci;

/*!40000 ALTER TABLE `disputes` DISABLE KEYS */;

INSERT INTO `disputes` (`id`, `shop_id`, `dispute_type_id`, `customer_id`, `order_id`, `product_id`, `description`, `order_received`, `return_goods`, `refund_amount`, `status`, `created_at`, `updated_at`)
VALUES
	(1,5,2,14,2,NULL,'Veritatis dolore animi non est voluptatem est. Sit fuga sunt ut cumque eaque doloribus.',0,1,NULL,2,'2022-05-02 18:57:50','2022-04-02 18:57:50'),
	(2,4,1,4,5,NULL,'Nostrum sint quos molestiae harum quas incidunt. Fuga rem quia a alias. Eos qui a itaque eum.',0,1,NULL,4,'2022-04-02 18:57:50','2022-05-02 18:57:50'),
	(3,2,2,7,8,NULL,'Iste omnis voluptas id sit iste. Recusandae labore ipsa in. Reiciendis delectus iste neque et.',1,1,NULL,5,'2022-08-02 18:57:50','2022-03-02 18:57:50'),
	(4,2,1,11,1,NULL,'Delectus quae neque harum ut maxime labore. Accusantium ut velit mollitia ea officiis ut repellat.',0,0,NULL,2,'2022-05-02 18:57:50','2022-08-02 18:57:50'),
	(5,1,7,14,11,NULL,'Et incidunt suscipit tempora dolorum dolor repellat dolor. Voluptas itaque quod facere minus in.',0,1,NULL,2,'2022-06-02 18:57:50','2022-08-02 18:57:50');

/*!40000 ALTER TABLE `disputes` ENABLE KEYS */;


# Dump of table email_templates
# ------------------------------------------------------------

DROP TABLE IF EXISTS `email_templates`;

CREATE TABLE `email_templates` (
  `id` int(10) unsigned NOT NULL AUTO_INCREMENT,
  `shop_id` int(10) unsigned DEFAULT NULL,
  `name` varchar(255) COLLATE utf8mb3_unicode_ci DEFAULT NULL,
  `sender_name` varchar(255) COLLATE utf8mb3_unicode_ci DEFAULT NULL,
  `sender_email` varchar(255) COLLATE utf8mb3_unicode_ci DEFAULT NULL,
  `subject` varchar(255) COLLATE utf8mb3_unicode_ci DEFAULT NULL,
  `body` longtext COLLATE utf8mb3_unicode_ci DEFAULT NULL,
  `type` enum('HTML','Text') COLLATE utf8mb3_unicode_ci NOT NULL DEFAULT 'HTML',
  `position` enum('Content','Header','Footer') COLLATE utf8mb3_unicode_ci NOT NULL DEFAULT 'Content',
  `template_for` enum('Platform','Merchant') COLLATE utf8mb3_unicode_ci NOT NULL DEFAULT 'Platform',
  `files` longtext COLLATE utf8mb3_unicode_ci DEFAULT NULL,
  `deleted_at` timestamp NULL DEFAULT NULL,
  `created_at` timestamp NULL DEFAULT NULL,
  `updated_at` timestamp NULL DEFAULT NULL,
  PRIMARY KEY (`id`)
) ENGINE=InnoDB DEFAULT CHARSET=utf8mb3 COLLATE=utf8mb3_unicode_ci;

/*!40000 ALTER TABLE `email_templates` DISABLE KEYS */;

INSERT INTO `email_templates` (`id`, `shop_id`, `name`, `sender_name`, `sender_email`, `subject`, `body`, `type`, `position`, `template_for`, `files`, `deleted_at`, `created_at`, `updated_at`)
VALUES
	(1,NULL,'Welcome Merchant',NULL,'support@domain.com','Welcome to {platform_name}','<table class=\"m_886163020439323843footer\" width=\"700\" height=\"165\" bgcolor=\"#efefef\" align=\"center\" border=\"0\" cellpadding=\"0\" cellspacing=\"0\"><tbody><tr><td valign=\"bottom\" style=\"color:#999;line-height:18px;font-size:11px;font-family:arial\">Site Access: <a href=\"http://d.incevio.com/http://www.incevio.com/?tracelog=rowan&amp;rowan_id1=sellerLeaveFeedbackToBuyer_en_US_2017-10-22&amp;rowan_msg_id=c063bc521feb4649a25121ff130ac482&amp;ck=in_edm_other\" style=\"color:#999;text-decoration:underline;font-size:11px;font-family:arial\" target=\"_blank\" data-saferedirecturl=\"https://www.google.com/url?hl=en&amp;q=http://d.incevio.com/http://www.incevio.com/?tracelog%3Drowan%26rowan_id1%3DsellerLeaveFeedbackToBuyer_en_US_2017-10-22%26rowan_msg_id%3Dc063bc521feb4649a25121ff130ac482%26ck%3Din_edm_other&amp;source=gmail&amp;ust=1508835770795000&amp;usg=AFQjCNFswRI--_oSylG_TCSI9jMZfEgJFw\">Homepage</a> <span style=\"color:#999\">|</span> <a href=\"http://d.incevio.com/http://trade.incevio.com?tracelog=rowan&amp;rowan_id1=sellerLeaveFeedbackToBuyer_en_US_2017-10-22&amp;rowan_msg_id=c063bc521feb4649a25121ff130ac482&amp;ck=in_edm_other\" style=\"color:#999;text-decoration:underline;font-size:11px;font-family:arial\" target=\"_blank\" data-saferedirecturl=\"https://www.google.com/url?hl=en&amp;q=http://d.incevio.com/http://trade.incevio.com?tracelog%3Drowan%26rowan_id1%3DsellerLeaveFeedbackToBuyer_en_US_2017-10-22%26rowan_msg_id%3Dc063bc521feb4649a25121ff130ac482%26ck%3Din_edm_other&amp;source=gmail&amp;ust=1508835770795000&amp;usg=AFQjCNHs5u0lVvXx_IxyFnkfBFEuVdacig\">My Orders</a> <span style=\"color:#999\">|</span> <a href=\"http://d.incevio.com/http://www.incevio.com/buyerprotection/index.html?tracelog=rowan&amp;rowan_id1=sellerLeaveFeedbackToBuyer_en_US_2017-10-22&amp;rowan_msg_id=c063bc521feb4649a25121ff130ac482&amp;ck=in_edm_other\" style=\"color:#999;text-decoration:underline;font-size:11px;font-family:arial\" target=\"_blank\" data-saferedirecturl=\"https://www.google.com/url?hl=en&amp;q=http://d.incevio.com/http://www.incevio.com/buyerprotection/index.html?tracelog%3Drowan%26rowan_id1%3DsellerLeaveFeedbackToBuyer_en_US_2017-10-22%26rowan_msg_id%3Dc063bc521feb4649a25121ff130ac482%26ck%3Din_edm_other&amp;source=gmail&amp;ust=1508835770795000&amp;usg=AFQjCNFgBGjO2cWQlMNn3ok1sdo9FEI0PQ\">Buyer Protection</a> <span style=\"color:#999\">|</span> <a href=\"http://help.incevio.com/?tracelog=rowan&amp;rowan_id1=sellerLeaveFeedbackToBuyer_en_US_2017-10-22&amp;rowan_msg_id=c063bc521feb4649a25121ff130ac482&amp;ck=in_edm_other\" style=\"color:#999;text-decoration:underline;font-size:11px;font-family:arial\" target=\"_blank\" data-saferedirecturl=\"https://www.google.com/url?hl=en&amp;q=http://help.incevio.com/?tracelog%3Drowan%26rowan_id1%3DsellerLeaveFeedbackToBuyer_en_US_2017-10-22%26rowan_msg_id%3Dc063bc521feb4649a25121ff130ac482%26ck%3Din_edm_other&amp;source=gmail&amp;ust=1508835770795000&amp;usg=AFQjCNEY6uWlpV61xJ2EWu_OnR1ImK1k8A\">Help Center</a> <span style=\"color:#999\">|</span> <a href=\"http://www.incevio.com/help/home.html#contact?tracelog=rowan&amp;rowan_id1=sellerLeaveFeedbackToBuyer_en_US_2017-10-22&amp;rowan_msg_id=c063bc521feb4649a25121ff130ac482&amp;ck=in_edm_other\" style=\"color:#999;text-decoration:underline;font-size:11px;font-family:arial\" target=\"_blank\" data-saferedirecturl=\"https://www.google.com/url?hl=en&amp;q=http://www.incevio.com/help/home.html%23contact?tracelog%3Drowan%26rowan_id1%3DsellerLeaveFeedbackToBuyer_en_US_2017-10-22%26rowan_msg_id%3Dc063bc521feb4649a25121ff130ac482%26ck%3Din_edm_other&amp;source=gmail&amp;ust=1508835770795000&amp;usg=AFQjCNFrHNdxDedZiwv6L-zLA4_5jthBKw\">Contact Us</a><br><a href=\"http://us.my.incevio.com/user/company/forget_password_input_email.htm?edm_src=wto&amp;edm_type=ifm&amp;edm_cta=footer&amp;tracelog=rowan&amp;rowan_id1=sellerLeaveFeedbackToBuyer_en_US_2017-10-22&amp;rowan_msg_id=c063bc521feb4649a25121ff130ac482&amp;ck=in_edm_other\" style=\"color:#999;text-decoration:underline\" target=\"_blank\" data-saferedirecturl=\"https://www.google.com/url?hl=en&amp;q=http://us.my.incevio.com/user/company/forget_password_input_email.htm?edm_src%3Dwto%26edm_type%3Difm%26edm_cta%3Dfooter%26tracelog%3Drowan%26rowan_id1%3DsellerLeaveFeedbackToBuyer_en_US_2017-10-22%26rowan_msg_id%3Dc063bc521feb4649a25121ff130ac482%26ck%3Din_edm_other&amp;source=gmail&amp;ust=1508835770795000&amp;usg=AFQjCNGl36Hq7gk2E4ZfaHgnp8lgblu0Hw\">Forgot your password?</a> <br>This email was sent to <a href=\"http://d.incevio.com/mailto:?tracelog=rowan&amp;rowan_id1=sellerLeaveFeedbackToBuyer_en_US_2017-10-22&amp;rowan_msg_id=c063bc521feb4649a25121ff130ac482&amp;ck=in_edm_other\" style=\"color:#999;text-decoration:underline\" target=\"_blank\" data-saferedirecturl=\"https://www.google.com/url?hl=en&amp;q=http://d.incevio.com/mailto:?tracelog%3Drowan%26rowan_id1%3DsellerLeaveFeedbackToBuyer_en_US_2017-10-22%26rowan_msg_id%3Dc063bc521feb4649a25121ff130ac482%26ck%3Din_edm_other&amp;source=gmail&amp;ust=1508835770795000&amp;usg=AFQjCNF57ZGzDDxPVbiErICMxd6_6wJH0Q\"></a>. <br>You are receiving this email because you are a registered member of <a href=\"http://d.incevio.com/http://www.incevio.com?tracelog=rowan&amp;rowan_id1=sellerLeaveFeedbackToBuyer_en_US_2017-10-22&amp;rowan_msg_id=c063bc521feb4649a25121ff130ac482&amp;ck=in_edm_other\" style=\"color:#999;text-decoration:underline\" target=\"_blank\" data-saferedirecturl=\"https://www.google.com/url?hl=en&amp;q=http://d.incevio.com/http://www.incevio.com?tracelog%3Drowan%26rowan_id1%3DsellerLeaveFeedbackToBuyer_en_US_2017-10-22%26rowan_msg_id%3Dc063bc521feb4649a25121ff130ac482%26ck%3Din_edm_other&amp;source=gmail&amp;ust=1508835770795000&amp;usg=AFQjCNEV-vw0uLnpfTBy2KjLmMrSWfquEA\">www.<span class=\"il\">incevio</span>.com</a>, powered by incevio.com. <br>Read our <a href=\"http://www.incevio.com/help/safety_security/policies_rules/others/001.html?tracelog=rowan&amp;rowan_id1=sellerLeaveFeedbackToBuyer_en_US_2017-10-22&amp;rowan_msg_id=c063bc521feb4649a25121ff130ac482&amp;ck=in_edm_other\" style=\"color:#999;text-decoration:underline\" target=\"_blank\" data-saferedirecturl=\"https://www.google.com/url?hl=en&amp;q=http://www.incevio.com/help/safety_security/policies_rules/others/001.html?tracelog%3Drowan%26rowan_id1%3DsellerLeaveFeedbackToBuyer_en_US_2017-10-22%26rowan_msg_id%3Dc063bc521feb4649a25121ff130ac482%26ck%3Din_edm_other&amp;source=gmail&amp;ust=1508835770795000&amp;usg=AFQjCNHhvncoIuRqRpPKKTgyRYpiV6Z5vg\">Privacy Policy</a> and <a href=\"http://www.incevio.com/help/safety_security/policies_rules/others/002.html?tracelog=rowan&amp;rowan_id1=sellerLeaveFeedbackToBuyer_en_US_2017-10-22&amp;rowan_msg_id=c063bc521feb4649a25121ff130ac482&amp;ck=in_edm_other\" style=\"color:#999;text-decoration:underline\" target=\"_blank\" data-saferedirecturl=\"https://www.google.com/url?hl=en&amp;q=http://www.incevio.com/help/safety_security/policies_rules/others/002.html?tracelog%3Drowan%26rowan_id1%3DsellerLeaveFeedbackToBuyer_en_US_2017-10-22%26rowan_msg_id%3Dc063bc521feb4649a25121ff130ac482%26ck%3Din_edm_other&amp;source=gmail&amp;ust=1508835770795000&amp;usg=AFQjCNGdCuw2_Z7MHkHP5eKVE0mPoK_ysA\">Terms of Use</a> if you have any questions. <br><span class=\"il\">incevio</span> Service Center: <a href=\"http://d.incevio.com/mailto:buyer@incevio.com?tracelog=rowan&amp;rowan_id1=sellerLeaveFeedbackToBuyer_en_US_2017-10-22&amp;rowan_msg_id=c063bc521feb4649a25121ff130ac482&amp;ck=in_edm_other\" style=\"color:#999;text-decoration:underline\" target=\"_blank\" data-saferedirecturl=\"https://www.google.com/url?hl=en&amp;q=http://d.incevio.com/mailto:buyer@incevio.com?tracelog%3Drowan%26rowan_id1%3DsellerLeaveFeedbackToBuyer_en_US_2017-10-22%26rowan_msg_id%3Dc063bc521feb4649a25121ff130ac482%26ck%3Din_edm_other&amp;source=gmail&amp;ust=1508835770795000&amp;usg=AFQjCNEZo5gjjdfsNWKIaeuOQoM6rxxuNQ\">buyer@<span class=\"il\">incevio</span>.com</a> <br>incevio.com Hong Kong Limited, 26/F Tower One, Times Square1 Matheson Street Causeway Bay, Hong Kong.</td></tr><tr><td height=\"20\">&nbsp;</td></tr></tbody></table>','HTML','Footer','Platform',NULL,NULL,'2022-08-02 18:57:52','2022-08-02 18:57:52'),
	(2,NULL,'Welcome Merchant',NULL,'support@domain.com','Welcome to {platform_name}','Welcome to {platform_name}','HTML','Content','Platform',NULL,NULL,'2022-08-02 18:57:52','2022-08-02 18:57:52'),
	(3,NULL,'Welcome User',NULL,'support@domain.com','Welcome to {shop_name}','<!DOCTYPE html PUBLIC \"-//W3C//DTD XHTML 1.0 Transitional//EN\" \"http://www.w3.org/TR/xhtml1/DTD/xhtml1-transitional.dtd\">\n                <html xmlns=\"http://www.w3.org/1999/xhtml\">\n                <head>\n                  <meta http-equiv=\"Content-Type\" content=\"text/html; charset=utf-8\" />\n                  <meta name=\"viewport\" content=\"width=device-width\" />\n                  <title>Airmail Welcome</title>\n                </head>\n                <body bgcolor=\"#ffffff\">\n                  <div align=\"center\">\n                    <table class=\"head-wrap w320 full-width-gmail-android\" bgcolor=\"#f9f8f8\" cellpadding=\"0\" cellspacing=\"0\" border=\"0\" width=\"100%\">\n                      <tr>\n                        <td background=\"https://www.filepicker.io/api/file/UOesoVZTFObSHCgUDygC\" bgcolor=\"#ffffff\" width=\"100%\" height=\"8\" valign=\"top\">\n                          <!--[if gte mso 9]>\n                          <v:rect xmlns:v=\"urn:schemas-microsoft-com:vml\" fill=\"true\" stroke=\"false\" style=\"mso-width-percent:1000;height:8px;\">\n                            <v:fill type=\"tile\" src=\"https://www.filepicker.io/api/file/UOesoVZTFObSHCgUDygC\" color=\"#ffffff\" />\n                            <v:textbox inset=\"0,0,0,0\">\n                          <![endif]-->\n                          <div height=\"8\">\n                          </div>\n                          <!--[if gte mso 9]>\n                            </v:textbox>\n                          </v:rect>\n                          <![endif]-->\n                        </td>\n                      </tr>\n                      <tr class=\"header-background\">\n                        <td class=\"header container\" align=\"center\">\n                          <div class=\"content\">\n                            <span class=\"brand\">\n                              <a href=\"#\">\n                                Company Name\n                              </a>\n                            </span>\n                          </div>\n                        </td>\n                      </tr>\n                    </table>\n\n                    <table class=\"body-wrap w320\">\n                      <tr>\n                        <td></td>\n                        <td class=\"container\">\n                          <div class=\"content\">\n                            <table cellspacing=\"0\">\n                              <tr>\n                                <td>\n                                  <table class=\"soapbox\">\n                                    <tr>\n                                      <td class=\"soapbox-title\">Welcome to {platform_name}</td>\n                                    </tr>\n                                  </table>\n                                  <table class=\"status-container single\">\n                                    <tr>\n                                      <td class=\"status-padding\"></td>\n                                      <td>\n                                        <table class=\"status\" bgcolor=\"#fffeea\" cellspacing=\"0\">\n                                          <tr>\n                                            <td class=\"status-cell\">\n                                              Coupon code: <b>13448278949</b>\n                                            </td>\n                                          </tr>\n                                        </table>\n                                      </td>\n                                      <td class=\"status-padding\"></td>\n                                    </tr>\n                                  </table>\n                                  <table class=\"body\">\n                                    <tr>\n                                      <td class=\"body-padding\"></td>\n                                      <td class=\"body-padded\">\n                                        <div class=\"body-title\">Hey {{ first_name }}, thanks for signing up</div>\n                                        <table class=\"body-text\">\n                                          <tr>\n                                            <td class=\"body-text-cell\">\n                                              We\'re really excited for you to join our community! You\'re just one click away from activate your account.\n                                            </td>\n                                          </tr>\n                                        </table>\n                                        <div style=\"text-align:left;\"><!--[if mso]>\n                                          <v:roundrect xmlns:v=\"urn:schemas-microsoft-com:vml\" xmlns:w=\"urn:schemas-microsoft-com:office:word\" href=\"#\" style=\"height:38px;v-text-anchor:middle;width:190px;\" arcsize=\"11%\" strokecolor=\"#407429\" fill=\"t\">\n                                            <v:fill type=\"tile\" src=\"https://www.filepicker.io/api/file/N8GiNGsmT6mK6ORk00S7\" color=\"#41CC00\" />\n                                            <w:anchorlock/>\n                                            <center style=\"color:#ffffff;font-family:sans-serif;font-size:17px;font-weight:bold;\">Come on back</center>\n                                          </v:roundrect>\n                                        <![endif]--><a href=\"#\"\n                                        style=\"background-color:#41CC00;background-image:url(https://www.filepicker.io/api/file/N8GiNGsmT6mK6ORk00S7);border:1px solid #407429;border-radius:4px;color:#ffffff;display:inline-block;font-family:sans-serif;font-size:17px;font-weight:bold;text-shadow: -1px -1px #47A54B;line-height:38px;text-align:center;text-decoration:none;width:190px;-webkit-text-size-adjust:none;mso-hide:all;\">Activate Account!</a></div>\n                                        <table class=\"body-signature-block\">\n                                          <tr>\n                                            <td class=\"body-signature-cell\">\n                                              <p>Thanks so much,</p>\n                                              <p class=\"body-signature\"><img src=\"https://www.filepicker.io/api/file/2R9HpqboTPaB4NyF35xt\" alt=\"Company Name\"></p>\n                                            </td>\n                                          </tr>\n                                        </table>\n                                      </td>\n                                      <td class=\"body-padding\"></td>\n                                    </tr>\n                                  </table>\n                                </td>\n                              </tr>\n                            </table>\n                          </div>\n                        </td>\n                        <td></td>\n                      </tr>\n                    </table>\n\n                    <table class=\"footer-wrap w320 full-width-gmail-android\" bgcolor=\"#e5e5e5\">\n                      <tr>\n                        <td class=\"container\">\n                          <div class=\"content footer-lead\">\n                            <a href=\"#\"><b>Get in touch</b></a> if you have any questions or feedback\n                          </div>\n                        </td>\n                      </tr>\n                    </table>\n                    <table class=\"footer-wrap w320 full-width-gmail-android\" bgcolor=\"#e5e5e5\">\n                      <tr>\n                        <td class=\"container\">\n                          <div class=\"content\">\n                            <a href=\"#\">Contact Us</a>&nbsp;&nbsp;|&nbsp;&nbsp;\n                            <span class=\"footer-group\">\n                              <a href=\"#\">Facebook</a>&nbsp;&nbsp;|&nbsp;&nbsp;\n                              <a href=\"#\">Twitter</a>&nbsp;&nbsp;|&nbsp;&nbsp;\n                              <a href=\"#\">Support</a>\n                            </span>\n                          </div>\n                        </td>\n                      </tr>\n                    </table>\n                  </div>\n\n                </body>\n                </html>\n                ','HTML','Content','Platform',NULL,NULL,'2022-08-02 18:57:52','2022-08-02 18:57:52'),
	(4,NULL,'Welcome Customer',NULL,'support@domain.com','Welcome to {platform_name}','<!DOCTYPE html PUBLIC \"-//W3C//DTD XHTML 1.0 Transitional//EN\" \"http://www.w3.org/TR/xhtml1/DTD/xhtml1-transitional.dtd\">\n<html xmlns=\"http://www.w3.org/1999/xhtml\">\n<head>\n  <meta http-equiv=\"Content-Type\" content=\"text/html; charset=utf-8\" />\n  <meta name=\"viewport\" content=\"width=device-width\" />\n  <title>Airmail Welcome</title>\n</head>\n<body bgcolor=\"#ffffff\">\n  <div align=\"center\">\n    <table class=\"head-wrap w320 full-width-gmail-android\" bgcolor=\"#f9f8f8\" cellpadding=\"0\" cellspacing=\"0\" border=\"0\" width=\"100%\">\n      <tr>\n        <td background=\"https://www.filepicker.io/api/file/UOesoVZTFObSHCgUDygC\" bgcolor=\"#ffffff\" width=\"100%\" height=\"8\" valign=\"top\">\n          <!--[if gte mso 9]>\n          <v:rect xmlns:v=\"urn:schemas-microsoft-com:vml\" fill=\"true\" stroke=\"false\" style=\"mso-width-percent:1000;height:8px;\">\n            <v:fill type=\"tile\" src=\"https://www.filepicker.io/api/file/UOesoVZTFObSHCgUDygC\" color=\"#ffffff\" />\n            <v:textbox inset=\"0,0,0,0\">\n          <![endif]-->\n          <div height=\"8\">\n          </div>\n          <!--[if gte mso 9]>\n            </v:textbox>\n          </v:rect>\n          <![endif]-->\n        </td>\n      </tr>\n      <tr class=\"header-background\">\n        <td class=\"header container\" align=\"center\">\n          <div class=\"content\">\n            <span class=\"brand\">\n              <a href=\"#\">\n                Company Name\n              </a>\n            </span>\n          </div>\n        </td>\n      </tr>\n    </table>\n\n    <table class=\"body-wrap w320\">\n      <tr>\n        <td></td>\n        <td class=\"container\">\n          <div class=\"content\">\n            <table cellspacing=\"0\">\n              <tr>\n                <td>\n                  <table class=\"soapbox\">\n                    <tr>\n                      <td class=\"soapbox-title\">Welcome to {platform_name}</td>\n                    </tr>\n                  </table>\n                  <table class=\"status-container single\">\n                    <tr>\n                      <td class=\"status-padding\"></td>\n                      <td>\n                        <table class=\"status\" bgcolor=\"#fffeea\" cellspacing=\"0\">\n                          <tr>\n                            <td class=\"status-cell\">\n                              Coupon code: <b>13448278949</b>\n                            </td>\n                          </tr>\n                        </table>\n                      </td>\n                      <td class=\"status-padding\"></td>\n                    </tr>\n                  </table>\n                  <table class=\"body\">\n                    <tr>\n                      <td class=\"body-padding\"></td>\n                      <td class=\"body-padded\">\n                        <div class=\"body-title\">Hey {{ first_name }}, thanks for signing up</div>\n                        <table class=\"body-text\">\n                          <tr>\n                            <td class=\"body-text-cell\">\n                              We\'re really excited for you to join our community! You\'re just one click away from activate your account.\n                            </td>\n                          </tr>\n                        </table>\n                        <div style=\"text-align:left;\"><!--[if mso]>\n                          <v:roundrect xmlns:v=\"urn:schemas-microsoft-com:vml\" xmlns:w=\"urn:schemas-microsoft-com:office:word\" href=\"#\" style=\"height:38px;v-text-anchor:middle;width:190px;\" arcsize=\"11%\" strokecolor=\"#407429\" fill=\"t\">\n                            <v:fill type=\"tile\" src=\"https://www.filepicker.io/api/file/N8GiNGsmT6mK6ORk00S7\" color=\"#41CC00\" />\n                            <w:anchorlock/>\n                            <center style=\"color:#ffffff;font-family:sans-serif;font-size:17px;font-weight:bold;\">Come on back</center>\n                          </v:roundrect>\n                        <![endif]--><a href=\"#\"\n                        style=\"background-color:#41CC00;background-image:url(https://www.filepicker.io/api/file/N8GiNGsmT6mK6ORk00S7);border:1px solid #407429;border-radius:4px;color:#ffffff;display:inline-block;font-family:sans-serif;font-size:17px;font-weight:bold;text-shadow: -1px -1px #47A54B;line-height:38px;text-align:center;text-decoration:none;width:190px;-webkit-text-size-adjust:none;mso-hide:all;\">Activate Account!</a></div>\n                        <table class=\"body-signature-block\">\n                          <tr>\n                            <td class=\"body-signature-cell\">\n                              <p>Thanks so much,</p>\n                              <p class=\"body-signature\"><img src=\"https://www.filepicker.io/api/file/2R9HpqboTPaB4NyF35xt\" alt=\"Company Name\"></p>\n                            </td>\n                          </tr>\n                        </table>\n                      </td>\n                      <td class=\"body-padding\"></td>\n                    </tr>\n                  </table>\n                </td>\n              </tr>\n            </table>\n          </div>\n        </td>\n        <td></td>\n      </tr>\n    </table>\n\n    <table class=\"footer-wrap w320 full-width-gmail-android\" bgcolor=\"#e5e5e5\">\n      <tr>\n        <td class=\"container\">\n          <div class=\"content footer-lead\">\n            <a href=\"#\"><b>Get in touch</b></a> if you have any questions or feedback\n          </div>\n        </td>\n      </tr>\n    </table>\n    <table class=\"footer-wrap w320 full-width-gmail-android\" bgcolor=\"#e5e5e5\">\n      <tr>\n        <td class=\"container\">\n          <div class=\"content\">\n            <a href=\"#\">Contact Us</a>&nbsp;&nbsp;|&nbsp;&nbsp;\n            <span class=\"footer-group\">\n              <a href=\"#\">Facebook</a>&nbsp;&nbsp;|&nbsp;&nbsp;\n              <a href=\"#\">Twitter</a>&nbsp;&nbsp;|&nbsp;&nbsp;\n              <a href=\"#\">Support</a>\n            </span>\n          </div>\n        </td>\n      </tr>\n    </table>\n  </div>\n\n</body>\n</html>\n','HTML','Content','Platform',NULL,NULL,'2022-08-02 18:57:52','2022-08-02 18:57:52'),
	(5,NULL,'User account updated',NULL,'support@domain.com','Your account settings have been updated','<!DOCTYPE html PUBLIC \"-//W3C//DTD XHTML 1.0 Transitional//EN\" \"http://www.w3.org/TR/xhtml1/DTD/xhtml1-transitional.dtd\">\n<html xmlns=\"http://www.w3.org/1999/xhtml\">\n<head>\n  <meta http-equiv=\"Content-Type\" content=\"text/html; charset=utf-8\" />\n  <meta name=\"viewport\" content=\"width=device-width\" />\n  <title>Airmail Ping</title>\n</head>\n\n<body bgcolor=\"#ffffff\">\n\n  <div align=\"center\">\n    <table class=\"head-wrap w320 full-width-gmail-android\" bgcolor=\"#f9f8f8\" cellpadding=\"0\" cellspacing=\"0\" border=\"0\">\n      <tr>\n        <td background=\"https://www.filepicker.io/api/file/UOesoVZTFObSHCgUDygC\" bgcolor=\"#ffffff\" width=\"100%\" height=\"8\" valign=\"top\">\n          <!--[if gte mso 9]>\n          <v:rect xmlns:v=\"urn:schemas-microsoft-com:vml\" fill=\"true\" stroke=\"false\" style=\"mso-width-percent:1000;height:8px;\">\n            <v:fill type=\"tile\" src=\"https://www.filepicker.io/api/file/UOesoVZTFObSHCgUDygC\" color=\"#ffffff\" />\n            <v:textbox inset=\"0,0,0,0\">\n          <![endif]-->\n          <div height=\"8\">\n          </div>\n          <!--[if gte mso 9]>\n            </v:textbox>\n          </v:rect>\n          <![endif]-->\n        </td>\n      </tr>\n      <tr class=\"header-background\">\n        <td class=\"header container\" align=\"center\">\n          <div class=\"content\">\n            <span class=\"brand\">\n              <a href=\"#\">\n                Company Name\n              </a>\n            </span>\n          </div>\n        </td>\n      </tr>\n    </table>\n\n    <table class=\"body-wrap w320\">\n      <tr>\n        <td></td>\n        <td class=\"container\">\n          <div class=\"content\">\n            <table cellspacing=\"0\">\n              <tr>\n                <td>\n                  <table class=\"soapbox\">\n                    <tr>\n                      <td class=\"soapbox-title\">Your account settings have been updated</td>\n                    </tr>\n                  </table>\n                  <table class=\"body\">\n                    <tr>\n                      <td class=\"body-padding\"></td>\n                      <td class=\"body-padded\">\n                        <div class=\"body-title\">Hi {{ first_name }},</div>\n                        <table class=\"body-text\">\n                          <tr>\n                            <td class=\"body-text-cell\">\n                              Your account settings have been updated. If you did not update your settings, please <a href=\"#\">contact support</a>.\n                            </td>\n                          </tr>\n                        </table>\n                        <div><!--[if mso]>\n                          <v:roundrect xmlns:v=\"urn:schemas-microsoft-com:vml\" xmlns:w=\"urn:schemas-microsoft-com:office:word\" href=\"#\" style=\"height:38px;v-text-anchor:middle;width:230px;\" arcsize=\"11%\" strokecolor=\"#407429\" fill=\"t\">\n                            <v:fill type=\"tile\" src=\"https://www.filepicker.io/api/file/N8GiNGsmT6mK6ORk00S7\" color=\"#41CC00\" />\n                            <w:anchorlock/>\n                            <center style=\"color:#ffffff;font-family:sans-serif;font-size:17px;font-weight:bold;\">Review Account Settings</center>\n                          </v:roundrect>\n                        <![endif]--><a href=\"#\"\n                        style=\"background-color:#41CC00;background-image:url(https://www.filepicker.io/api/file/N8GiNGsmT6mK6ORk00S7);border:1px solid #407429;border-radius:4px;color:#ffffff;display:inline-block;font-family:sans-serif;font-size:17px;font-weight:bold;text-shadow: -1px -1px #47A54B;line-height:38px;text-align:center;text-decoration:none;width:230px;-webkit-text-size-adjust:none;mso-hide:all;\">Review Account Settings</a></div>\n                        <table class=\"body-signature-block\">\n                          <tr>\n                            <td class=\"body-signature-cell\">\n                              <p>Thanks for being a customer!</p>\n                              <p class=\"body-signature\"><img src=\"https://www.filepicker.io/api/file/2R9HpqboTPaB4NyF35xt\" alt=\"Company Name\"></p>\n                            </td>\n                          </tr>\n                        </table>\n                      </td>\n                      <td class=\"body-padding\"></td>\n                    </tr>\n                  </table>\n                </td>\n              </tr>\n            </table>\n          </div>\n        </td>\n        <td></td>\n      </tr>\n    </table>\n\n    <table class=\"footer-wrap w320 full-width-gmail-android\" bgcolor=\"#e5e5e5\">\n      <tr>\n        <td></td>\n        <td class=\"container\">\n          <div class=\"content footer-lead\">\n            <a href=\"#\"><b>Get in touch</b></a> if you have any questions or feedback\n          </div>\n        </td>\n        <td></td>\n      </tr>\n    </table>\n    <table class=\"footer-wrap w320 full-width-gmail-android\" bgcolor=\"#e5e5e5\">\n      <tr>\n        <td></td>\n        <td class=\"container\">\n          <div class=\"content\">\n            <a href=\"#\">Contact Us</a>&nbsp;&nbsp;|&nbsp;&nbsp;\n            <span class=\"footer-group\">\n              <a href=\"#\">Facebook</a>&nbsp;&nbsp;|&nbsp;&nbsp;\n              <a href=\"#\">Twitter</a>&nbsp;&nbsp;|&nbsp;&nbsp;\n              <a href=\"#\">Support</a>\n            </span>\n          </div>\n        </td>\n        <td></td>\n      </tr>\n    </table>\n  </div>\n\n</body>\n</html>\n','HTML','Content','Platform',NULL,NULL,'2022-08-02 18:57:52','2022-08-02 18:57:52');

/*!40000 ALTER TABLE `email_templates` ENABLE KEYS */;


# Dump of table events
# ------------------------------------------------------------

DROP TABLE IF EXISTS `events`;

CREATE TABLE `events` (
  `id` bigint(20) unsigned NOT NULL AUTO_INCREMENT,
  `title` varchar(255) COLLATE utf8mb3_unicode_ci NOT NULL,
  `slug` varchar(200) COLLATE utf8mb3_unicode_ci NOT NULL,
  `description` text COLLATE utf8mb3_unicode_ci DEFAULT NULL,
  `venue` varchar(255) COLLATE utf8mb3_unicode_ci DEFAULT NULL,
  `map_link` varchar(255) COLLATE utf8mb3_unicode_ci DEFAULT NULL,
  `shop_id` int(10) unsigned DEFAULT NULL,
  `starts` timestamp NULL DEFAULT NULL,
  `ends` timestamp NULL DEFAULT NULL,
  `status` tinyint(4) NOT NULL DEFAULT 1,
  `public` tinyint(1) DEFAULT 1,
  `created_at` timestamp NULL DEFAULT NULL,
  `updated_at` timestamp NULL DEFAULT NULL,
  PRIMARY KEY (`id`),
  UNIQUE KEY `events_slug_unique` (`slug`)
) ENGINE=InnoDB DEFAULT CHARSET=utf8mb3 COLLATE=utf8mb3_unicode_ci;

/*!40000 ALTER TABLE `events` DISABLE KEYS */;

INSERT INTO `events` (`id`, `title`, `slug`, `description`, `venue`, `map_link`, `shop_id`, `starts`, `ends`, `status`, `public`, `created_at`, `updated_at`)
VALUES
	(1,'New Events','new-events','<p>Lorem imsum Lorem imsum Lorem imsum Lorem imsum Lorem imsum Lorem imsum Lorem imsum Lorem imsum Lorem imsum&nbsp;<br></p>','Dhaka',NULL,NULL,'2022-08-25 00:19:00','2022-09-07 00:19:00',1,1,'2022-08-03 19:19:48','2022-08-03 19:19:48');

/*!40000 ALTER TABLE `events` ENABLE KEYS */;


# Dump of table failed_jobs
# ------------------------------------------------------------

DROP TABLE IF EXISTS `failed_jobs`;

CREATE TABLE `failed_jobs` (
  `id` bigint(20) unsigned NOT NULL AUTO_INCREMENT,
  `uuid` varchar(255) COLLATE utf8mb3_unicode_ci DEFAULT NULL,
  `connection` text COLLATE utf8mb3_unicode_ci NOT NULL,
  `queue` text COLLATE utf8mb3_unicode_ci NOT NULL,
  `payload` longtext COLLATE utf8mb3_unicode_ci NOT NULL,
  `exception` longtext COLLATE utf8mb3_unicode_ci NOT NULL,
  `failed_at` timestamp NOT NULL DEFAULT current_timestamp(),
  PRIMARY KEY (`id`),
  UNIQUE KEY `failed_jobs_uuid_unique` (`uuid`)
) ENGINE=InnoDB DEFAULT CHARSET=utf8mb3 COLLATE=utf8mb3_unicode_ci;



# Dump of table faq_topics
# ------------------------------------------------------------

DROP TABLE IF EXISTS `faq_topics`;

CREATE TABLE `faq_topics` (
  `id` int(10) unsigned NOT NULL AUTO_INCREMENT,
  `name` text COLLATE utf8mb3_unicode_ci NOT NULL,
  `for` enum('Merchant','Customer') COLLATE utf8mb3_unicode_ci NOT NULL DEFAULT 'Merchant',
  `created_at` timestamp NULL DEFAULT NULL,
  `updated_at` timestamp NULL DEFAULT NULL,
  PRIMARY KEY (`id`)
) ENGINE=InnoDB DEFAULT CHARSET=utf8mb3 COLLATE=utf8mb3_unicode_ci;

/*!40000 ALTER TABLE `faq_topics` DISABLE KEYS */;

INSERT INTO `faq_topics` (`id`, `name`, `for`, `created_at`, `updated_at`)
VALUES
	(1,'Overview','Merchant','2022-08-02 18:57:43','2022-08-02 18:57:43'),
	(2,'Sell your items','Merchant','2022-08-02 18:57:43','2022-08-02 18:57:43'),
	(3,'Pricing','Merchant','2022-08-02 18:57:43','2022-08-02 18:57:43');

/*!40000 ALTER TABLE `faq_topics` ENABLE KEYS */;


# Dump of table faqs
# ------------------------------------------------------------

DROP TABLE IF EXISTS `faqs`;

CREATE TABLE `faqs` (
  `id` int(10) unsigned NOT NULL AUTO_INCREMENT,
  `faq_topic_id` int(10) unsigned DEFAULT NULL,
  `question` text COLLATE utf8mb3_unicode_ci DEFAULT NULL,
  `answer` longtext COLLATE utf8mb3_unicode_ci DEFAULT NULL,
  `created_at` timestamp NULL DEFAULT NULL,
  `updated_at` timestamp NULL DEFAULT NULL,
  PRIMARY KEY (`id`),
  KEY `faqs_faq_topic_id_foreign` (`faq_topic_id`),
  CONSTRAINT `faqs_faq_topic_id_foreign` FOREIGN KEY (`faq_topic_id`) REFERENCES `faq_topics` (`id`) ON DELETE SET NULL
) ENGINE=InnoDB DEFAULT CHARSET=utf8mb3 COLLATE=utf8mb3_unicode_ci;

/*!40000 ALTER TABLE `faqs` DISABLE KEYS */;

INSERT INTO `faqs` (`id`, `faq_topic_id`, `question`, `answer`, `created_at`, `updated_at`)
VALUES
	(1,1,'Why should I sell on :marketplace?','There are many reasons to sell on :marketplace. We have our customers who can see your products to the ability to start selling fast without the need to create a new standalone website. You spend no time and money to do marekting, We do it for you!','2022-08-02 18:57:43','2022-08-02 18:57:43'),
	(2,1,'Where else can I learn about how selling on :marketplace works?','We have videos, web docs, and blogs to help you find what you need.<ul><li>Getting Started page</li><li>Training and tutorials</li><li>Blog</li></ul>','2022-08-02 18:57:43','2022-08-02 18:57:43'),
	(3,1,'Can I close my account?','If you want to close your account permanently, Seller Support can assist you. Keep in mind that you can use the Maintenance mode feature that will hide all your listings, or you can deactivate or remove your listings entirely but hold on to your account for future use. Before you close your account permanently, please cancel and remove your listings and resolve all transactions.','2022-08-02 18:57:43','2022-08-02 18:57:43'),
	(4,2,'How do I manage my merchant account?','Use will get access to a full featured Merchant Dashboard to manage all aspects of selling on :marketplace, like manage your selling account, add product information, make inventory updates, manage orders, and manage users.','2022-08-02 18:57:43','2022-08-02 18:57:43'),
	(5,2,'How many items i can add on my inventory?','It depends on which sbscription you choose. Please visit the pricing section for detail.','2022-08-02 18:57:43','2022-08-02 18:57:43'),
	(6,2,'How will I know when I have a sale?',':marketplace notifies you by email when you receive an order. You can change the notification settings in your account settings.','2022-08-02 18:57:43','2022-08-02 18:57:43'),
	(7,2,'Can I offer gift-wrap and packaging services to my customers?','Yes. Our packaging service allows customers to choose when they check out, you can make the options available for any individual item on your listing page.','2022-08-02 18:57:43','2022-08-02 18:57:43'),
	(8,3,'How much does it cost to sell on :marketplace?',':marketplace offers different selling plans for a monthly subscription fee plus per-item selling fees, which vary by subscriptions. Please visit the pricing section for detail.','2022-08-02 18:57:43','2022-08-02 18:57:43'),
	(9,3,'Is there any hidden cost?','No','2022-08-02 18:57:43','2022-08-02 18:57:43');

/*!40000 ALTER TABLE `faqs` ENABLE KEYS */;


# Dump of table feedbacks
# ------------------------------------------------------------

DROP TABLE IF EXISTS `feedbacks`;

CREATE TABLE `feedbacks` (
  `id` bigint(20) unsigned NOT NULL AUTO_INCREMENT,
  `customer_id` bigint(20) unsigned NOT NULL,
  `rating` tinyint(4) DEFAULT NULL,
  `comment` longtext COLLATE utf8mb3_unicode_ci DEFAULT NULL,
  `feedbackable_id` bigint(20) unsigned NOT NULL,
  `feedbackable_type` varchar(255) COLLATE utf8mb3_unicode_ci NOT NULL,
  `approved` tinyint(1) NOT NULL DEFAULT 1,
  `spam` tinyint(1) NOT NULL DEFAULT 0,
  `created_at` timestamp NULL DEFAULT NULL,
  `updated_at` timestamp NULL DEFAULT NULL,
  PRIMARY KEY (`id`),
  KEY `feedbacks_customer_id_foreign` (`customer_id`),
  CONSTRAINT `feedbacks_customer_id_foreign` FOREIGN KEY (`customer_id`) REFERENCES `customers` (`id`) ON DELETE CASCADE
) ENGINE=InnoDB DEFAULT CHARSET=utf8mb3 COLLATE=utf8mb3_unicode_ci;

/*!40000 ALTER TABLE `feedbacks` DISABLE KEYS */;

INSERT INTO `feedbacks` (`id`, `customer_id`, `rating`, `comment`, `feedbackable_id`, `feedbackable_type`, `approved`, `spam`, `created_at`, `updated_at`)
VALUES
	(1,16,5,'Voluptatem sit delectus omnis possimus iure odit aliquam. Nobis vel quaerat qui quod eligendi et. Asperiores animi beatae ea tempore.',65,'App\\Models\\Inventory',1,0,'2022-07-22 18:57:51','2022-07-18 18:57:51'),
	(2,13,3,'Quos modi recusandae omnis cumque qui omnis commodi aut. Voluptatibus reiciendis eum omnis sed maiores praesentium deserunt enim. Itaque veritatis qui quibusdam doloribus laudantium dolor. Quas alias dolorem est sit ipsam quos magni. Ab vel consequatur eum ea illum debitis.',30,'App\\Models\\Inventory',1,0,'2022-08-02 18:57:51','2022-07-31 18:57:51'),
	(3,9,3,'Voluptate fugiat minima iste nihil omnis molestias. Rerum ut corrupti incidunt repellendus. Et autem soluta atque. Sit ea est et inventore architecto aspernatur odio laudantium.',48,'App\\Models\\Inventory',1,0,'2022-07-30 18:57:51','2022-07-27 18:57:51'),
	(4,8,5,'Aut pariatur voluptatem iusto deserunt ipsum rem. Tempora modi nihil quis est. Accusantium laborum voluptas perspiciatis ipsa. Ut et earum in qui occaecati ut.',2,'App\\Models\\Shop',1,0,'2022-07-20 18:57:51','2022-08-01 18:57:51'),
	(5,15,3,'Fugit sit magni sed quasi. Cumque sunt quia qui et dolor. Accusantium mollitia consequatur non nostrum officiis id fugit et. At voluptatem quo sequi pariatur necessitatibus voluptates non optio.',3,'App\\Models\\Shop',1,0,'2022-07-23 18:57:51','2022-07-30 18:57:51'),
	(6,12,5,'In ut eligendi aperiam expedita quia sit reprehenderit et. Nam sequi asperiores neque eveniet. Autem quas sapiente esse corporis laboriosam.',4,'App\\Models\\Shop',1,0,'2022-07-29 18:57:51','2022-07-27 18:57:51'),
	(7,7,1,'Aut voluptas similique minus quia. Omnis exercitationem perspiciatis quae doloribus sint praesentium natus. Quia rerum possimus tempore laborum animi.',84,'App\\Models\\Inventory',1,0,'2022-07-24 18:57:51','2022-07-26 18:57:51'),
	(8,12,1,'Et aspernatur non maxime odio. Velit qui in aut rerum exercitationem numquam. Suscipit ut nostrum et labore. Explicabo qui saepe sit excepturi corporis error impedit.',5,'App\\Models\\Shop',1,0,'2022-07-26 18:57:51','2022-07-27 18:57:51'),
	(9,11,1,'Aliquid quidem quia dolorem at fuga recusandae. Praesentium atque alias saepe ut porro laboriosam. Adipisci explicabo nam aliquam animi et qui amet. Ab debitis facere ratione a id vel aliquam.',47,'App\\Models\\Inventory',1,0,'2022-07-31 18:57:51','2022-07-31 18:57:51'),
	(10,13,4,'Praesentium qui aliquam consequuntur autem sed aut. Harum quis quia error exercitationem. Totam quia consequuntur odit ipsam dolore at.',1,'App\\Models\\Shop',1,0,'2022-08-02 18:57:51','2022-07-21 18:57:51'),
	(11,3,1,'Quo a quod facilis omnis sit. Odit architecto totam minus laboriosam velit sequi vel. Quia sed animi laborum minus quae. Et quis et velit expedita error pariatur.',55,'App\\Models\\Inventory',1,0,'2022-07-28 18:57:51','2022-07-24 18:57:51'),
	(12,12,4,'Culpa deleniti qui aut harum. Assumenda beatae autem reprehenderit animi vitae voluptatem eveniet. Nesciunt debitis a aperiam. Explicabo quam quibusdam natus facere.',19,'App\\Models\\Inventory',1,0,'2022-07-21 18:57:51','2022-07-24 18:57:51'),
	(13,1,1,'Sit fuga quod excepturi labore consequatur. Eligendi dolorem magnam excepturi sint voluptatum animi. Illo corporis est occaecati alias. Nesciunt laborum eveniet ut voluptatem.',2,'App\\Models\\Shop',1,0,'2022-07-24 18:57:51','2022-07-29 18:57:51'),
	(14,10,4,'Autem tempora assumenda odit soluta in commodi. Voluptatum a ex et velit. Et asperiores accusantium ex non a quo iusto. Omnis exercitationem voluptas sit aperiam deserunt.',45,'App\\Models\\Inventory',1,0,'2022-07-24 18:57:51','2022-07-26 18:57:51'),
	(15,1,2,'Possimus hic voluptatem nesciunt hic consequatur magni vero. Sit et culpa dolores voluptatum laboriosam hic. Maxime ducimus porro fugiat assumenda velit perferendis sit.',3,'App\\Models\\Shop',1,0,'2022-07-18 18:57:51','2022-07-21 18:57:51'),
	(16,11,1,'Sit iste voluptas facilis quia et laboriosam. Ipsum autem laudantium temporibus eveniet ut pariatur voluptate nulla.',4,'App\\Models\\Shop',1,0,'2022-07-27 18:57:51','2022-07-21 18:57:51'),
	(17,5,4,'Atque ut expedita qui veniam neque sunt commodi. Voluptates et qui sit perspiciatis similique iure. Deleniti non consequuntur itaque voluptatem totam veniam quia ab. Omnis quam inventore deleniti non occaecati.',4,'App\\Models\\Shop',1,0,'2022-07-26 18:57:51','2022-08-02 18:57:51'),
	(18,14,5,'Rerum vero sapiente beatae soluta ratione est possimus quis. Voluptatibus molestiae hic corrupti quia. Velit voluptas magnam laborum fuga et voluptatibus. Pariatur tenetur doloribus quia eveniet dolor.',17,'App\\Models\\Inventory',1,0,'2022-07-28 18:57:51','2022-07-19 18:57:51'),
	(19,7,2,'Modi dicta quam magni est. Modi numquam accusamus deserunt incidunt sit et. Officiis ut corrupti eveniet nemo.',71,'App\\Models\\Inventory',1,0,'2022-07-28 18:57:51','2022-07-28 18:57:51'),
	(20,10,1,'Nisi quas nam doloribus asperiores dolorem pariatur distinctio quis. Et eius maiores provident accusantium repudiandae vel.',2,'App\\Models\\Shop',1,0,'2022-07-30 18:57:51','2022-07-19 18:57:51'),
	(21,16,2,'Et eos consequuntur reiciendis voluptas esse modi aliquid. Adipisci repellendus non omnis omnis aut aspernatur est quos.',32,'App\\Models\\Inventory',1,0,'2022-07-28 18:57:51','2022-07-24 18:57:51'),
	(22,11,5,'Qui rerum maiores accusamus repellendus saepe quas minima tempora. Aliquid est dolorum sunt dolorem. Doloremque voluptatem eos neque odit labore repellat vel.',2,'App\\Models\\Shop',1,0,'2022-07-21 18:57:51','2022-08-01 18:57:51'),
	(23,10,3,'Tenetur nam similique id. Quidem veniam laudantium inventore dolor accusantium. Eum ullam voluptatem laborum enim suscipit non.',2,'App\\Models\\Shop',1,0,'2022-07-29 18:57:51','2022-07-24 18:57:51'),
	(24,13,4,'Iure libero et dolorem aliquid at nam. Quia fugiat quia quidem dolorem.',55,'App\\Models\\Inventory',1,0,'2022-07-20 18:57:51','2022-07-19 18:57:51'),
	(25,10,3,'Modi labore id quos quam. Cupiditate odit et sapiente aperiam. Dignissimos nulla amet ut sit voluptatem velit. Sed ducimus minima qui.',86,'App\\Models\\Inventory',1,0,'2022-07-22 18:57:51','2022-07-30 18:57:51'),
	(26,5,2,'Aut laboriosam expedita recusandae dolorem est. Voluptatem quisquam dolorum sunt impedit deserunt voluptas qui. Ducimus et iste qui voluptatem est. Alias corporis harum et velit cupiditate aut molestiae.',104,'App\\Models\\Inventory',1,0,'2022-07-31 18:57:51','2022-07-21 18:57:51'),
	(27,15,2,'Voluptates amet dolor voluptatem voluptas magnam aut et. Numquam labore corporis ea nobis aut.',5,'App\\Models\\Shop',1,0,'2022-08-01 18:57:51','2022-07-18 18:57:51'),
	(28,7,3,'Explicabo non iste quae cupiditate. Assumenda atque voluptas esse fugiat qui. Nisi quas voluptas nemo totam alias voluptas earum. Dignissimos veniam eum repudiandae. Aliquam in ipsum eaque corrupti qui ut.',70,'App\\Models\\Inventory',1,0,'2022-07-20 18:57:51','2022-07-27 18:57:51'),
	(29,6,3,'Repellendus id repellendus reiciendis voluptate. Alias nihil nihil laboriosam itaque. Eligendi ut quis quam hic aut.',16,'App\\Models\\Inventory',1,0,'2022-07-19 18:57:51','2022-07-20 18:57:51'),
	(30,2,3,'Et aut eveniet omnis aut veritatis aut. Sapiente ullam enim tempore culpa et dignissimos velit expedita. Velit rerum ea sint voluptatem ipsum ex.',51,'App\\Models\\Inventory',1,0,'2022-07-26 18:57:51','2022-07-23 18:57:51'),
	(31,12,2,'Beatae maxime ipsum maiores ut suscipit atque consequatur. Sed iste repellat ex ut dignissimos et. Officia et expedita mollitia. Inventore voluptas qui illo aut.',3,'App\\Models\\Shop',1,0,'2022-07-28 18:57:51','2022-07-29 18:57:51'),
	(32,5,3,'Minus repudiandae voluptas praesentium reiciendis tenetur commodi optio illo. Iusto amet autem quam cumque quibusdam. Ea recusandae sequi qui aperiam corporis saepe. Iste dolores voluptas distinctio asperiores rerum est. Perferendis velit et sunt nihil quia sed.',3,'App\\Models\\Shop',1,0,'2022-07-31 18:57:51','2022-08-02 18:57:51'),
	(33,11,2,'Nostrum quia distinctio ut at. Officiis reprehenderit voluptatibus laudantium laborum ducimus laudantium accusamus.',1,'App\\Models\\Shop',1,0,'2022-08-02 18:57:51','2022-07-18 18:57:51'),
	(34,7,2,'Dolor est minus dolores officia nemo. In rerum incidunt adipisci quia quos ipsa.',1,'App\\Models\\Inventory',1,0,'2022-07-30 18:57:51','2022-07-27 18:57:51'),
	(35,10,4,'Est vel atque rerum consequatur. Reiciendis consequatur nihil nihil qui. Praesentium aut repellendus pariatur minima eum vel. Vitae consequatur dignissimos perferendis ex soluta tempora.',33,'App\\Models\\Inventory',1,0,'2022-07-18 18:57:51','2022-07-28 18:57:51'),
	(36,11,5,'Dolores atque rem rem nostrum et a. In autem et aut omnis. Rem ullam corporis maiores molestiae aut qui nostrum. Amet consequatur ea quo cum vel.',89,'App\\Models\\Inventory',1,0,'2022-07-20 18:57:51','2022-07-25 18:57:51'),
	(37,16,5,'Sunt ea soluta nihil possimus. Quis et deserunt eum quaerat repellat. Vero laudantium neque amet a.',1,'App\\Models\\Shop',1,0,'2022-07-19 18:57:51','2022-07-24 18:57:51'),
	(38,10,1,'Nihil alias sed delectus ab. Maiores consequatur odio quia tempore. Amet tenetur nisi aut dolorum aliquid aut vel.',90,'App\\Models\\Inventory',1,0,'2022-07-31 18:57:51','2022-07-28 18:57:51'),
	(39,2,5,'Culpa nostrum reiciendis dolore facilis laborum iusto laborum. Ipsam praesentium animi accusamus quo sed et consequatur. Laudantium magni quaerat quam mollitia. Aut aut quidem deserunt cumque.',39,'App\\Models\\Inventory',1,0,'2022-07-30 18:57:51','2022-07-28 18:57:51'),
	(40,3,4,'Distinctio minus expedita corporis quae dolores corporis. Molestias cumque occaecati velit voluptas in. Exercitationem tempora nemo consequatur. Ea repellendus iste eos vero et quaerat esse.',2,'App\\Models\\Shop',1,0,'2022-08-02 18:57:51','2022-07-23 18:57:51'),
	(41,6,1,'Fugiat laborum eum est. Voluptatem rem rerum inventore rem. Facere dolorem cupiditate nobis laudantium.',7,'App\\Models\\Inventory',1,0,'2022-08-01 18:57:51','2022-07-26 18:57:51'),
	(42,8,3,'Adipisci enim eos voluptatibus distinctio. Dignissimos id reprehenderit veritatis quia architecto. Qui corrupti eveniet sed et.',90,'App\\Models\\Inventory',1,0,'2022-07-21 18:57:51','2022-07-29 18:57:51'),
	(43,16,2,'Corrupti sed rerum dolorem quaerat illo ut. Rerum in et quia rerum. Magni neque dignissimos error vitae non eius expedita deleniti. Eum quasi deserunt dolore aut eos nostrum et magnam.',3,'App\\Models\\Shop',1,0,'2022-07-18 18:57:51','2022-07-18 18:57:51'),
	(44,4,2,'Qui eum laboriosam praesentium tenetur molestias architecto consequatur. Voluptate quia officia vitae dolor est voluptatum optio. Voluptatibus modi ut quia tempora. Libero et asperiores soluta deserunt enim odit.',1,'App\\Models\\Shop',1,0,'2022-07-19 18:57:51','2022-07-30 18:57:51'),
	(45,13,3,'Cupiditate voluptas temporibus a excepturi quo illum ea assumenda. Et ducimus enim doloribus corrupti cupiditate dolores. Non tenetur ea ex et recusandae eligendi laudantium.',5,'App\\Models\\Shop',1,0,'2022-07-31 18:57:51','2022-08-02 18:57:51'),
	(46,8,2,'Voluptatem velit non optio aut dolores inventore. Voluptatem autem aut cupiditate iusto esse dolores minima id. Ex fugit unde quas culpa architecto blanditiis non mollitia.',51,'App\\Models\\Inventory',1,0,'2022-07-28 18:57:51','2022-07-23 18:57:51'),
	(47,11,4,'Nostrum quibusdam dolorem ipsa eum ut eum corporis. Molestiae explicabo dolores non aut. Explicabo necessitatibus cumque est quibusdam dolor dolor.',94,'App\\Models\\Inventory',1,0,'2022-07-19 18:57:51','2022-07-31 18:57:51'),
	(48,3,4,'Consequatur soluta natus illo expedita inventore esse. Impedit odio dolorum qui vitae fuga.',4,'App\\Models\\Shop',1,0,'2022-07-23 18:57:51','2022-07-19 18:57:51'),
	(49,14,2,'Sit aperiam dolores autem earum amet a impedit. Quibusdam sint aut dolor.',73,'App\\Models\\Inventory',1,0,'2022-07-27 18:57:51','2022-07-29 18:57:51'),
	(50,14,5,'Nostrum quod eum officia. Dolore possimus et fugit consectetur ad. Consectetur ipsum in sequi iste. Asperiores beatae quasi aut et quas.',1,'App\\Models\\Shop',1,0,'2022-07-30 18:57:51','2022-07-22 18:57:51'),
	(51,11,1,'At ut et ut occaecati est. Reiciendis rem sint qui quia quas laudantium dolorem laudantium. Perferendis maiores voluptas reiciendis quia.',56,'App\\Models\\Inventory',1,0,'2022-07-27 18:57:51','2022-07-29 18:57:51'),
	(52,8,4,'Voluptatum et est a atque neque. Consequatur qui numquam in libero omnis. Vel excepturi architecto consequuntur.',106,'App\\Models\\Inventory',1,0,'2022-08-02 18:57:51','2022-07-28 18:57:51'),
	(53,6,5,'Velit molestiae animi eos tempora eum. Est officia qui odio autem eos. Temporibus est eligendi eum eaque doloremque.',4,'App\\Models\\Shop',1,0,'2022-07-30 18:57:51','2022-07-22 18:57:51'),
	(54,7,1,'Error commodi et et velit voluptatum. Veritatis quas et nemo at non in. Doloribus aut sit cumque repellat dolor commodi ut. Debitis asperiores consequuntur rem expedita consequuntur quis.',91,'App\\Models\\Inventory',1,0,'2022-07-20 18:57:51','2022-07-26 18:57:51'),
	(55,15,5,'Error deserunt blanditiis omnis labore magni. Quia reiciendis omnis eum nihil. Qui unde architecto quaerat assumenda at accusantium occaecati.',105,'App\\Models\\Inventory',1,0,'2022-07-28 18:57:51','2022-07-19 18:57:51'),
	(56,7,1,'Aliquid tempora amet tempora laboriosam voluptate sed illum aut. Sit doloribus reprehenderit facilis expedita aliquid possimus. Quia accusantium est consequatur reprehenderit nisi autem ex. Sunt molestiae quaerat quis nulla.',3,'App\\Models\\Shop',1,0,'2022-07-21 18:57:51','2022-07-19 18:57:51'),
	(57,6,1,'Consequatur sapiente aut vel voluptatem quia quisquam consequatur. Tempora unde quod laboriosam rerum modi rem molestiae.',47,'App\\Models\\Inventory',1,0,'2022-08-01 18:57:51','2022-08-01 18:57:51'),
	(58,10,3,'Fugit exercitationem impedit sed. Nesciunt omnis dolores incidunt. Reprehenderit est voluptas quae corrupti amet quas. Suscipit numquam maxime ullam non.',2,'App\\Models\\Shop',1,0,'2022-07-30 18:57:51','2022-07-21 18:57:51'),
	(59,10,5,'Fugiat voluptas earum in. Sed repudiandae sed praesentium aspernatur doloribus sint. Veritatis et alias veritatis. Aliquid ea sit quis et quo laboriosam. Sed qui laboriosam dolore.',4,'App\\Models\\Shop',1,0,'2022-08-02 18:57:51','2022-07-18 18:57:51'),
	(60,4,1,'Totam consectetur quos aut non non iure. Rerum quo nam illo excepturi dolores in aliquid quae. Saepe nemo libero cumque facilis.',5,'App\\Models\\Shop',1,0,'2022-07-31 18:57:51','2022-07-21 18:57:51'),
	(61,4,1,'Voluptatem voluptatum et tenetur rerum placeat explicabo nisi. Esse earum quos excepturi rerum et est. Excepturi saepe et tempora voluptas.',55,'App\\Models\\Inventory',1,0,'2022-08-01 18:57:51','2022-08-01 18:57:51'),
	(62,3,1,'Sint dolorem aut est est dolorum nesciunt non. Ab omnis quis et. Et est unde expedita autem qui labore ut. Aut eveniet quod voluptatibus ad dolorum.',53,'App\\Models\\Inventory',1,0,'2022-08-01 18:57:51','2022-08-01 18:57:51'),
	(63,14,5,'Sapiente sequi unde non est ea a. Ut consequatur ea est sunt nostrum qui. Dicta qui sapiente veniam veritatis incidunt.',81,'App\\Models\\Inventory',1,0,'2022-07-21 18:57:51','2022-07-28 18:57:51'),
	(64,2,5,'Voluptatem vitae ut sunt ea facilis. Fugiat beatae ullam nesciunt blanditiis non. Veritatis non repellat voluptas nisi veritatis qui. Dolorum consequatur quibusdam quisquam sunt commodi.',26,'App\\Models\\Inventory',1,0,'2022-07-28 18:57:51','2022-07-19 18:57:51'),
	(65,6,4,'Dolorem laudantium voluptas omnis itaque fugit dolorum officiis. Nam voluptate est voluptatibus in aut aut. Eligendi qui eum veniam cumque ea occaecati. Quae voluptatem alias dolores et. Reprehenderit magni cumque saepe impedit cum.',3,'App\\Models\\Shop',1,0,'2022-07-26 18:57:51','2022-07-20 18:57:51'),
	(66,8,5,'Ut quasi eum quia enim exercitationem. Est voluptas vel magnam vel distinctio. Beatae quae veniam ea facilis.',75,'App\\Models\\Inventory',1,0,'2022-07-19 18:57:51','2022-07-31 18:57:51'),
	(67,12,5,'A corrupti neque velit harum illo ipsum explicabo. Soluta enim sed totam aut laborum. Laborum omnis consequatur consequatur aut quis voluptatibus excepturi. Magnam earum numquam at ad perspiciatis.',5,'App\\Models\\Shop',1,0,'2022-07-20 18:57:51','2022-07-22 18:57:51'),
	(68,4,2,'Eum voluptatem enim officiis nisi. Et aliquam reprehenderit placeat tempora deserunt qui excepturi. Harum eius quo odio ullam rerum molestiae. Temporibus voluptates aut quia temporibus quia qui omnis.',3,'App\\Models\\Shop',1,0,'2022-07-31 18:57:51','2022-07-23 18:57:51'),
	(69,1,2,'Officiis facilis corporis ad ratione sit est. Perferendis neque unde harum ipsum sapiente quia aliquid distinctio. Veniam totam iure velit autem tempora eos. Deleniti tempore odio ut culpa sequi tempora ex.',22,'App\\Models\\Inventory',1,0,'2022-07-31 18:57:51','2022-08-02 18:57:51'),
	(70,2,2,'Qui dignissimos suscipit doloribus hic. Aut voluptatem corrupti molestiae necessitatibus consequatur occaecati aperiam. Exercitationem sit praesentium unde unde possimus unde sequi. Omnis eligendi rerum quis cum.',5,'App\\Models\\Shop',1,0,'2022-07-22 18:57:51','2022-07-20 18:57:51'),
	(71,16,4,'Quaerat et optio enim quia iure. Magni sit rerum est autem cupiditate. Beatae harum sequi qui cum.',1,'App\\Models\\Shop',1,0,'2022-07-20 18:57:51','2022-07-23 18:57:51'),
	(72,8,1,'Quasi fugiat dolor odio dolores asperiores unde. Laudantium saepe et suscipit aut consequuntur nam. Qui quibusdam amet quam qui aliquid beatae. Voluptatem eveniet nostrum qui.',11,'App\\Models\\Inventory',1,0,'2022-07-27 18:57:51','2022-08-01 18:57:51'),
	(73,16,1,'Iure cupiditate accusamus ratione quo nulla. Molestiae possimus doloribus corporis nisi at doloremque dicta.',2,'App\\Models\\Shop',1,0,'2022-08-01 18:57:51','2022-07-20 18:57:51'),
	(74,9,2,'Id sed aliquid eos deleniti. Dicta sequi explicabo eos veniam. Doloribus perspiciatis omnis in omnis quos incidunt dolorum. Aut nostrum autem excepturi quasi sunt quis.',4,'App\\Models\\Shop',1,0,'2022-08-01 18:57:51','2022-07-25 18:57:51'),
	(75,9,3,'Nisi accusamus excepturi voluptatum temporibus. Earum necessitatibus temporibus minima unde eum explicabo. Officia quis quis laboriosam molestiae molestias. Ad aut ea ut harum molestias reprehenderit nesciunt.',3,'App\\Models\\Shop',1,0,'2022-07-27 18:57:51','2022-07-26 18:57:51'),
	(76,3,5,'Repudiandae cum ipsa fuga eum et nam. Vitae odit veritatis magni quaerat mollitia voluptates. Sit placeat quia et placeat eligendi. Recusandae at fugiat ut magni aut velit.',2,'App\\Models\\Shop',1,0,'2022-07-22 18:57:51','2022-07-22 18:57:51'),
	(77,13,5,'Assumenda officia repellendus reprehenderit enim omnis sequi. Fuga non iure sed sed sequi. Tempore doloribus magnam officiis voluptatem iure.',2,'App\\Models\\Shop',1,0,'2022-07-22 18:57:51','2022-07-29 18:57:51'),
	(78,2,1,'Cum in fugiat est. Id voluptatem vel magnam corrupti similique. In voluptatibus rerum voluptatum nihil qui accusantium.',61,'App\\Models\\Inventory',1,0,'2022-07-22 18:57:51','2022-07-27 18:57:51'),
	(79,15,2,'Hic placeat nobis quia non. Voluptas cum illo minus tempora voluptatem est et. Fugiat iusto quis sapiente et sapiente fugit. Totam id et ipsa aliquam possimus est omnis. Rem at nemo assumenda laboriosam.',2,'App\\Models\\Inventory',1,0,'2022-07-21 18:57:51','2022-08-02 18:57:51'),
	(80,16,2,'Ipsam voluptatem tenetur quisquam nihil. Molestiae labore eius quod eligendi placeat sunt. Ratione et pariatur voluptas dolor.',17,'App\\Models\\Inventory',1,0,'2022-07-18 18:57:51','2022-07-22 18:57:51'),
	(81,1,2,'Molestias consequatur in error illum perspiciatis. Corrupti ut doloribus excepturi et. Dolorem est omnis fugiat dolore aspernatur omnis iure odit.',17,'App\\Models\\Inventory',1,0,'2022-07-26 18:57:51','2022-07-24 18:57:51'),
	(82,1,5,'Sunt rerum explicabo voluptatem doloribus. Ut iure et necessitatibus incidunt quidem minima rerum occaecati. Et officia hic aspernatur praesentium rerum voluptatibus. Eius nihil ut dolorum ullam autem pariatur.',99,'App\\Models\\Inventory',1,0,'2022-07-20 18:57:51','2022-07-27 18:57:51'),
	(83,1,2,'Quas enim dolor facilis minus nesciunt voluptatem delectus. Cumque delectus ipsum aut facilis veritatis. Harum ipsum fugit culpa facere. Impedit quis eius omnis et sit enim.',86,'App\\Models\\Inventory',1,0,'2022-07-22 18:57:51','2022-08-02 18:57:51'),
	(84,10,5,'Quam repudiandae ipsam reiciendis est reprehenderit distinctio ullam. Dolore odio necessitatibus nisi sunt a distinctio sit molestiae. Laborum saepe omnis expedita consectetur quia. Laborum vel et et.',104,'App\\Models\\Inventory',1,0,'2022-07-21 18:57:51','2022-07-23 18:57:51'),
	(85,16,5,'Libero et ipsum soluta iure repellendus minus deserunt. Consequuntur incidunt dolore excepturi eveniet. Facere quam sunt veritatis. Consequatur eum rerum occaecati commodi nisi qui tempora nihil.',1,'App\\Models\\Shop',1,0,'2022-07-24 18:57:51','2022-08-02 18:57:51'),
	(86,11,1,'Sed quia molestiae iste quis. Voluptas et harum et enim laboriosam. Sit sunt et alias vel aut labore incidunt. Sit et eveniet suscipit dolorem.',2,'App\\Models\\Shop',1,0,'2022-07-27 18:57:51','2022-07-26 18:57:51'),
	(87,10,3,'Dignissimos sed explicabo laboriosam dolores cum. Non velit delectus ab sint. Ipsam maiores non quisquam voluptas. Quaerat quae accusamus in atque quo illo id.',35,'App\\Models\\Inventory',1,0,'2022-07-20 18:57:51','2022-07-20 18:57:51'),
	(88,13,2,'Voluptate ut quia nihil voluptate dolorum voluptatem rerum. In tenetur rerum labore sunt et. Illum dolor ad accusamus mollitia eum doloremque. Optio veritatis iure dolor sed porro.',91,'App\\Models\\Inventory',1,0,'2022-08-01 18:57:51','2022-07-23 18:57:51'),
	(89,5,5,'Quo magni non voluptatum facilis voluptatum ut culpa. Aut accusamus repellat mollitia ea blanditiis. Quisquam earum debitis et qui accusantium illo nam. Assumenda dolores ut tempora rem dignissimos ea consectetur autem.',77,'App\\Models\\Inventory',1,0,'2022-07-19 18:57:51','2022-07-18 18:57:51'),
	(90,16,1,'Et nihil delectus consequatur atque. Magni molestias maxime est aut corporis. Eos quod nesciunt qui aut labore. Qui magnam maiores praesentium asperiores animi officiis quis.',3,'App\\Models\\Shop',1,0,'2022-07-29 18:57:51','2022-07-19 18:57:51'),
	(91,14,3,'Eos et et numquam omnis velit ut. Qui consectetur perferendis dolorem ut architecto eveniet molestias. Non enim nihil consequatur aspernatur dicta eaque eaque. Voluptatem voluptatibus ea esse deleniti et dolor molestiae inventore. Est accusamus tempora praesentium pariatur ullam.',3,'App\\Models\\Shop',1,0,'2022-07-25 18:57:51','2022-07-25 18:57:51'),
	(92,8,5,'Voluptatum autem aliquam fuga ratione quis sunt. Molestias et quisquam qui. Sunt inventore quia sint aut omnis aliquam.',13,'App\\Models\\Inventory',1,0,'2022-07-24 18:57:51','2022-07-25 18:57:51'),
	(93,10,4,'Recusandae quas quis in at. Ex qui et consequatur odit. Et expedita sunt eaque sint inventore quas. Dolores tempore amet temporibus quas et corporis cumque.',105,'App\\Models\\Inventory',1,0,'2022-07-21 18:57:51','2022-07-25 18:57:51'),
	(94,10,5,'Dolores enim ipsa quasi cum deleniti laudantium provident. Aliquid neque et ut sunt necessitatibus quia illum. Neque beatae ad accusantium voluptas. Quis aliquid nihil velit consequuntur ad.',4,'App\\Models\\Shop',1,0,'2022-07-18 18:57:51','2022-07-25 18:57:51'),
	(95,4,5,'Rerum odio cumque inventore in ipsam pariatur non. Qui similique corporis esse ex itaque. Consequatur odio qui similique commodi. Ratione repudiandae dolores est beatae rem.',5,'App\\Models\\Shop',1,0,'2022-07-20 18:57:51','2022-07-26 18:57:51'),
	(96,15,4,'Beatae aut necessitatibus occaecati nihil voluptate. Quod dolor distinctio numquam consectetur aspernatur. Exercitationem corporis id nemo rem accusantium vel.',4,'App\\Models\\Shop',1,0,'2022-07-27 18:57:51','2022-07-31 18:57:51'),
	(97,10,1,'Et sunt fugit beatae inventore doloribus dolor at. Eum quibusdam blanditiis et et fugiat. Eius et iste culpa enim nam.',1,'App\\Models\\Shop',1,0,'2022-07-18 18:57:51','2022-07-25 18:57:51'),
	(98,13,5,'Doloribus voluptas laborum voluptas voluptatem autem consequatur dolorum molestias. Voluptatem in nostrum rem cumque non. Commodi id qui qui ut ad rerum quia.',87,'App\\Models\\Inventory',1,0,'2022-07-28 18:57:51','2022-08-01 18:57:51'),
	(99,5,1,'Et nam deserunt atque molestiae sed. Dolor quia pariatur dolor. Praesentium quisquam maxime natus et.',13,'App\\Models\\Inventory',1,0,'2022-07-31 18:57:51','2022-07-28 18:57:51'),
	(100,8,1,'Ratione tempore et ipsum illum voluptatem rem. Non error ut distinctio consectetur aliquid. Aut et deserunt ut nulla molestiae est maiores sed. Sed odio corrupti molestias rerum dolorem consequatur consequuntur.',74,'App\\Models\\Inventory',1,0,'2022-08-01 18:57:51','2022-07-26 18:57:51'),
	(101,5,3,'Enim et quae explicabo sed. Aliquid accusantium aliquid totam rerum aut maxime et. Optio illum commodi aut quia minus.',41,'App\\Models\\Inventory',1,0,'2022-07-29 18:57:51','2022-07-29 18:57:51'),
	(102,14,1,'Dolores dolores sit sit. Quos ut aut et necessitatibus. Voluptas adipisci explicabo non velit minus cupiditate.',30,'App\\Models\\Inventory',1,0,'2022-07-28 18:57:51','2022-07-18 18:57:51'),
	(103,13,4,'Ea et aut magni qui non. Id optio ducimus repudiandae quia minus. Excepturi eius sint voluptatibus temporibus voluptate. Distinctio velit voluptatum sint et consectetur.',63,'App\\Models\\Inventory',1,0,'2022-08-01 18:57:51','2022-07-28 18:57:51'),
	(104,12,5,'Dolores rerum non incidunt ullam sed et. Doloribus qui eius consequatur error. Optio laudantium ea voluptas perspiciatis consequatur.',2,'App\\Models\\Shop',1,0,'2022-08-02 18:57:51','2022-07-25 18:57:51'),
	(105,14,4,'Ut enim sed quibusdam quaerat doloribus ducimus natus. Ut et enim rerum aut. Natus ratione illum fuga distinctio et.',104,'App\\Models\\Inventory',1,0,'2022-07-30 18:57:51','2022-07-25 18:57:51'),
	(106,14,5,'Nobis vel enim non deleniti. Inventore eos itaque aliquam. Dolor officia quaerat quam voluptatem earum ipsum ipsum veniam. Quos nisi velit totam veniam ea cupiditate quis.',2,'App\\Models\\Inventory',1,0,'2022-07-22 18:57:51','2022-07-24 18:57:51'),
	(107,4,3,'Eveniet aut aut porro vitae reprehenderit neque. Eos exercitationem unde laboriosam qui nam quia voluptatem modi. Atque omnis aut et excepturi enim aut natus dolorem.',4,'App\\Models\\Shop',1,0,'2022-07-21 18:57:51','2022-07-28 18:57:51'),
	(108,16,1,'Quia non iusto dolores exercitationem autem iusto non. Hic placeat laborum voluptates cumque perferendis mollitia numquam.',14,'App\\Models\\Inventory',1,0,'2022-07-28 18:57:51','2022-07-25 18:57:51'),
	(109,12,5,'Sed ipsam est vero et. Voluptatem cum qui aspernatur illum consequatur molestiae. Eum recusandae ut earum velit consequatur.',53,'App\\Models\\Inventory',1,0,'2022-07-19 18:57:51','2022-07-31 18:57:51'),
	(110,13,4,'Voluptatem voluptatem perferendis laborum corrupti ut sunt. Et doloremque sunt eveniet repudiandae aut mollitia perspiciatis. Soluta omnis fuga illum iusto non sit ipsam. Quia ea distinctio delectus numquam qui qui.',81,'App\\Models\\Inventory',1,0,'2022-07-21 18:57:51','2022-07-29 18:57:51'),
	(111,7,2,'Rerum sed unde laudantium est quas. Consequatur veritatis veniam ratione quis ipsa iure. Sed ea aut magni sed fugiat inventore. Laborum fugiat vel fuga quasi. Nemo et aut eius veritatis earum sint.',5,'App\\Models\\Shop',1,0,'2022-07-19 18:57:51','2022-07-29 18:57:51'),
	(112,1,1,'Deleniti reprehenderit enim sit laudantium. Nisi architecto deserunt cumque eos. Ut asperiores sit ut omnis temporibus harum. Eum officiis et eum omnis repellat ducimus eos.',72,'App\\Models\\Inventory',1,0,'2022-08-01 18:57:51','2022-07-22 18:57:51'),
	(113,10,1,'Earum et est quis et sed quasi officia deleniti. Nihil sed itaque iure occaecati autem. Dicta quaerat ut consectetur recusandae veniam quis voluptate exercitationem.',21,'App\\Models\\Inventory',1,0,'2022-07-22 18:57:51','2022-08-02 18:57:51'),
	(114,4,1,'Magni dolores cum magnam dicta sunt numquam autem fuga. Rerum iste rerum assumenda et qui. Nisi voluptatibus reprehenderit illo dolore omnis cupiditate molestias. Error doloremque quibusdam eligendi itaque consequatur consectetur explicabo.',4,'App\\Models\\Shop',1,0,'2022-08-02 18:57:51','2022-07-31 18:57:51'),
	(115,1,1,'Illum nulla deserunt debitis dolor quidem est ad. Quod mollitia nihil velit.',2,'App\\Models\\Shop',1,0,'2022-07-22 18:57:51','2022-07-20 18:57:51'),
	(116,7,3,'Quod est excepturi maiores illum. Et assumenda nam et eius doloribus assumenda deleniti dolor. Mollitia illum delectus explicabo autem sunt voluptates ipsum omnis.',48,'App\\Models\\Inventory',1,0,'2022-07-26 18:57:51','2022-07-26 18:57:51'),
	(117,5,3,'A aut possimus quo voluptas ut animi tempora. Et et laudantium est repudiandae totam nihil. Porro quasi optio ut est ducimus debitis ut.',2,'App\\Models\\Shop',1,0,'2022-07-25 18:57:51','2022-07-28 18:57:51'),
	(118,10,4,'Dolorum repudiandae exercitationem sit expedita tempora saepe deserunt. Quo impedit soluta totam consequatur consequatur doloribus. Sed sit est vel enim id.',3,'App\\Models\\Shop',1,0,'2022-07-21 18:57:51','2022-07-23 18:57:51'),
	(119,7,2,'Et accusamus id quaerat omnis. Et ea possimus laborum placeat eos. Porro dolorem et aspernatur a sed cum temporibus.',92,'App\\Models\\Inventory',1,0,'2022-07-27 18:57:51','2022-07-18 18:57:51'),
	(120,15,5,'Quidem eius enim et voluptate aut natus velit. Vitae dolorem qui quos ab. Aut ipsum reiciendis dolor vitae sint quibusdam.',2,'App\\Models\\Shop',1,0,'2022-08-02 18:57:51','2022-07-20 18:57:51'),
	(121,7,1,'Vero quibusdam aut nostrum ut. Doloremque dolorem aut rerum distinctio quas quo. Minima optio odio ipsum. Aut non eum quae eaque sed accusamus.',35,'App\\Models\\Inventory',1,0,'2022-07-23 18:57:51','2022-07-28 18:57:51'),
	(122,12,4,'Voluptatem reiciendis laudantium ut et. Quod maiores cumque quia cumque neque rerum. Consequuntur natus enim atque doloremque. Est rem ratione repellendus omnis provident ab.',2,'App\\Models\\Shop',1,0,'2022-07-28 18:57:51','2022-08-02 18:57:51'),
	(123,11,5,'Blanditiis quaerat expedita minima ex sit et esse. Voluptatem ab occaecati mollitia rerum animi quis mollitia.',4,'App\\Models\\Shop',1,0,'2022-07-24 18:57:51','2022-07-29 18:57:51'),
	(124,1,2,'Qui sit tempora at ullam odit sunt nobis animi. Maiores rerum molestias ullam inventore iste. Qui ipsum accusamus quos ut provident. Vero fugiat vel et vel repellendus quia cumque.',4,'App\\Models\\Shop',1,0,'2022-07-20 18:57:51','2022-07-31 18:57:51'),
	(125,7,3,'Vel aut delectus quibusdam at. Culpa eum eaque optio et a id. Ea animi voluptatem numquam aut sed neque. Exercitationem in quod rerum quo non.',48,'App\\Models\\Inventory',1,0,'2022-07-22 18:57:51','2022-08-01 18:57:51'),
	(126,9,1,'Sed exercitationem sequi ea sit. Id tenetur eius consequatur ea. Voluptas harum quo dolores assumenda qui voluptate. Quo deleniti ab eveniet voluptatibus quo. Dolores earum ab magnam est repellat eligendi sint.',5,'App\\Models\\Shop',1,0,'2022-07-21 18:57:51','2022-07-21 18:57:51'),
	(127,7,5,'Modi porro iure voluptas minima. Incidunt aliquam consequatur nesciunt aut eius distinctio rerum. Dolorem praesentium nam voluptatibus id. Molestiae rerum sit voluptas nulla hic magnam.',17,'App\\Models\\Inventory',1,0,'2022-07-20 18:57:51','2022-07-19 18:57:51'),
	(128,6,2,'Sunt deleniti qui qui adipisci. Doloremque debitis nulla enim soluta. Sint vel iste corporis hic. Modi dolores sunt quas laborum perspiciatis saepe.',5,'App\\Models\\Shop',1,0,'2022-07-30 18:57:51','2022-08-02 18:57:51'),
	(129,2,5,'Ipsa voluptate aliquam quia eveniet quos fugit pariatur ad. Mollitia aperiam quia eligendi officia non. Non sit expedita hic omnis rerum sed sit. Enim a vero laudantium vero velit harum voluptatem. Deleniti et praesentium officia et eum.',73,'App\\Models\\Inventory',1,0,'2022-07-27 18:57:51','2022-07-26 18:57:51'),
	(130,1,4,'Est perferendis sed qui deleniti. Consequuntur id cupiditate molestiae ducimus. Et voluptas vel nulla quibusdam id qui.',40,'App\\Models\\Inventory',1,0,'2022-07-27 18:57:51','2022-07-18 18:57:51'),
	(131,6,5,'Mollitia dignissimos occaecati minima voluptas totam qui non quia. Dolorem debitis doloribus voluptates vel voluptas quisquam tenetur cumque. Rerum veniam eos ut velit cum maiores. Error fugiat quidem numquam in.',4,'App\\Models\\Shop',1,0,'2022-08-01 18:57:51','2022-07-21 18:57:51'),
	(132,3,2,'Dolorem voluptatem quas aut saepe et. Dolore maiores pariatur est. Aut saepe quod est. Dolores maiores provident quo totam et et.',2,'App\\Models\\Shop',1,0,'2022-08-02 18:57:51','2022-07-30 18:57:51'),
	(133,15,4,'Officia sunt odit consequatur explicabo doloribus. Id sit vel aperiam praesentium vel ducimus eum. Repellendus mollitia voluptatum ut rerum. Quia quasi est corrupti culpa omnis ut. Velit fuga minus cupiditate.',75,'App\\Models\\Inventory',1,0,'2022-07-29 18:57:51','2022-07-31 18:57:51'),
	(134,4,3,'Commodi exercitationem velit laudantium repellat cum ab. Et sit quia dignissimos libero molestiae. Perferendis hic aperiam ratione rerum nostrum porro et. Expedita possimus molestiae est vitae.',2,'App\\Models\\Shop',1,0,'2022-08-02 18:57:51','2022-07-23 18:57:51'),
	(135,2,4,'Quaerat molestias debitis a quas totam quia et. Voluptatem dolor et laudantium unde. Dicta dolorum aspernatur beatae iure illo esse.',1,'App\\Models\\Shop',1,0,'2022-07-24 18:57:51','2022-07-23 18:57:51'),
	(136,8,5,'Quam eius hic corrupti. Rerum est aliquid dicta blanditiis aut sed iusto. Ut in aut esse fugit quaerat ratione. Ullam omnis amet recusandae quia. Doloremque suscipit corporis et et voluptatem voluptas.',93,'App\\Models\\Inventory',1,0,'2022-07-27 18:57:51','2022-07-24 18:57:51'),
	(137,7,4,'Mollitia nisi ullam repudiandae enim eligendi aut. Repudiandae sit commodi aut sequi impedit omnis at. Quo ex qui illum. Consequatur optio culpa ipsa enim autem quis harum.',4,'App\\Models\\Inventory',1,0,'2022-07-20 18:57:51','2022-07-23 18:57:51'),
	(138,12,2,'Sit expedita sunt fuga minus molestiae reiciendis. Ut aut porro magni consequatur molestiae aut ducimus. Et voluptatem aut commodi sint quo. Dolores pariatur itaque harum. Dolor aliquid perferendis corrupti voluptatum hic qui minima qui.',5,'App\\Models\\Shop',1,0,'2022-07-19 18:57:51','2022-07-28 18:57:51'),
	(139,4,1,'Molestiae consectetur dolorem cupiditate consectetur eaque aut ut est. Qui distinctio odit aut qui reprehenderit modi. Est rerum molestiae quis ut dolore. Quia repellendus hic nihil dolores dolorem ratione.',14,'App\\Models\\Inventory',1,0,'2022-07-18 18:57:51','2022-07-24 18:57:51'),
	(140,4,5,'Et qui minima et eaque recusandae reiciendis omnis. Inventore amet et exercitationem voluptatem at aut sint. Quisquam ducimus harum quo. Qui ipsum maiores ab beatae quam quae enim.',1,'App\\Models\\Shop',1,0,'2022-07-29 18:57:51','2022-07-21 18:57:51'),
	(141,5,2,'Molestiae ad qui deleniti est eos. Ipsam et repellat aut et. Autem voluptatem et distinctio voluptatem atque sunt veritatis. Soluta repellat optio dolores totam dolorem molestiae.',2,'App\\Models\\Shop',1,0,'2022-07-27 18:57:51','2022-07-28 18:57:51'),
	(142,7,3,'Optio vitae consequuntur pariatur nam qui et ullam. Aspernatur quia adipisci officia ea magnam illum. Odio qui accusamus aspernatur maiores. Ipsa dolorem ea nihil et vitae autem.',105,'App\\Models\\Inventory',1,0,'2022-07-29 18:57:51','2022-07-23 18:57:51'),
	(143,6,5,'Qui omnis assumenda sed ut odio fugit. Voluptatum ipsum molestias odit amet quia. Voluptatum laborum velit amet placeat aut aut aut. Et nihil quia tenetur mollitia.',67,'App\\Models\\Inventory',1,0,'2022-07-28 18:57:51','2022-07-26 18:57:51'),
	(144,5,3,'Delectus fugit quia nostrum culpa ex modi dolorem. Velit sed et porro voluptatibus aliquid veniam. Quaerat et et nam ex.',34,'App\\Models\\Inventory',1,0,'2022-07-22 18:57:51','2022-07-27 18:57:51'),
	(145,8,2,'Expedita cum laborum dignissimos quisquam ullam labore sunt blanditiis. Suscipit odio ea fugit dignissimos aliquid incidunt harum ut. Aut exercitationem sint voluptatem odit et labore fugiat.',5,'App\\Models\\Shop',1,0,'2022-07-18 18:57:51','2022-07-29 18:57:51'),
	(146,5,3,'Voluptatum aut ea eveniet qui quam. Distinctio eum quis velit quis autem aspernatur. Quasi minima explicabo et et nam. Dignissimos sed amet quae ut consequatur quisquam alias.',3,'App\\Models\\Shop',1,0,'2022-07-25 18:57:51','2022-07-19 18:57:51'),
	(147,15,4,'Ipsum mollitia et qui qui id. Est ad magnam est. Iste voluptatem facere culpa voluptatibus voluptatem ducimus.',83,'App\\Models\\Inventory',1,0,'2022-07-25 18:57:51','2022-07-26 18:57:51'),
	(148,12,2,'Libero qui quia autem et et quam. Aut pariatur neque doloremque magnam vel. Qui occaecati repellendus sunt. Vel dignissimos iusto mollitia ducimus.',47,'App\\Models\\Inventory',1,0,'2022-07-21 18:57:51','2022-08-01 18:57:51'),
	(149,3,2,'Sunt consequatur voluptates veniam perferendis veritatis animi. Neque sint sint saepe quod necessitatibus laboriosam. Necessitatibus incidunt blanditiis sed voluptates. Reiciendis et voluptate aut optio a aut id vero.',5,'App\\Models\\Shop',1,0,'2022-07-19 18:57:51','2022-07-18 18:57:51'),
	(150,3,5,'Repudiandae eveniet dignissimos perferendis quisquam ut. Ut aut cumque ut. Quae quia quidem qui velit molestiae sunt corrupti. Accusantium atque suscipit exercitationem amet minima est nihil. Et quo veritatis optio qui.',3,'App\\Models\\Shop',1,0,'2022-08-01 18:57:51','2022-07-26 18:57:51');

/*!40000 ALTER TABLE `feedbacks` ENABLE KEYS */;


# Dump of table gift_cards
# ------------------------------------------------------------

DROP TABLE IF EXISTS `gift_cards`;

CREATE TABLE `gift_cards` (
  `id` bigint(20) unsigned NOT NULL AUTO_INCREMENT,
  `customer_id` bigint(20) unsigned DEFAULT NULL,
  `name` text COLLATE utf8mb3_unicode_ci DEFAULT NULL,
  `description` text COLLATE utf8mb3_unicode_ci DEFAULT NULL,
  `serial_number` varchar(255) COLLATE utf8mb3_unicode_ci DEFAULT NULL,
  `pin_code` varchar(255) COLLATE utf8mb3_unicode_ci DEFAULT NULL,
  `value` decimal(20,6) DEFAULT NULL,
  `remaining_value` decimal(20,6) DEFAULT NULL,
  `partial_use` tinyint(1) DEFAULT NULL,
  `activation_time` timestamp NULL DEFAULT NULL,
  `expiry_time` timestamp NULL DEFAULT NULL,
  `exclude_offer_items` tinyint(1) DEFAULT NULL,
  `exclude_tax_n_shipping` tinyint(1) DEFAULT NULL,
  `deleted_at` timestamp NULL DEFAULT NULL,
  `created_at` timestamp NULL DEFAULT NULL,
  `updated_at` timestamp NULL DEFAULT NULL,
  PRIMARY KEY (`id`)
) ENGINE=InnoDB DEFAULT CHARSET=utf8mb3 COLLATE=utf8mb3_unicode_ci;



# Dump of table gtin_types
# ------------------------------------------------------------

DROP TABLE IF EXISTS `gtin_types`;

CREATE TABLE `gtin_types` (
  `id` int(10) unsigned NOT NULL AUTO_INCREMENT,
  `name` varchar(100) COLLATE utf8mb3_unicode_ci NOT NULL,
  `description` text COLLATE utf8mb3_unicode_ci NOT NULL,
  PRIMARY KEY (`id`),
  UNIQUE KEY `gtin_types_name_unique` (`name`)
) ENGINE=InnoDB DEFAULT CHARSET=utf8mb3 COLLATE=utf8mb3_unicode_ci;

/*!40000 ALTER TABLE `gtin_types` DISABLE KEYS */;

INSERT INTO `gtin_types` (`id`, `name`, `description`)
VALUES
	(1,'UPC','Universal Product Code (UPC), also called GTIN-12 and UPC-A'),
	(2,'EAN','European Article Number (EAN), also called GTIN-13'),
	(3,'JAN','Japanese Article Number (JAN), also called GTIN-13'),
	(4,'ISBN','International Standard Book Number (ISBN)'),
	(5,'ITF','ITF barcodes, also known as Interleaved 2 of 5 barcodes, encode 14 numeric digits and are generally used for the packaging level of products. Since they can deal with high printing tolerances, ITF is a good choice when barcodes need to be printed on corrugated cardboard.');

/*!40000 ALTER TABLE `gtin_types` ENABLE KEYS */;


# Dump of table images
# ------------------------------------------------------------

DROP TABLE IF EXISTS `images`;

CREATE TABLE `images` (
  `id` bigint(20) unsigned NOT NULL AUTO_INCREMENT,
  `path` text COLLATE utf8mb3_unicode_ci NOT NULL,
  `name` text COLLATE utf8mb3_unicode_ci DEFAULT NULL,
  `type` varchar(100) COLLATE utf8mb3_unicode_ci DEFAULT NULL,
  `extension` varchar(255) COLLATE utf8mb3_unicode_ci DEFAULT NULL,
  `size` varchar(255) COLLATE utf8mb3_unicode_ci DEFAULT '0',
  `order` int(11) NOT NULL DEFAULT 0,
  `featured` tinyint(4) DEFAULT NULL,
  `imageable_id` int(10) unsigned NOT NULL,
  `imageable_type` varchar(255) COLLATE utf8mb3_unicode_ci NOT NULL,
  `created_at` timestamp NULL DEFAULT NULL,
  `updated_at` timestamp NULL DEFAULT NULL,
  PRIMARY KEY (`id`)
) ENGINE=InnoDB DEFAULT CHARSET=utf8mb3 COLLATE=utf8mb3_unicode_ci;

/*!40000 ALTER TABLE `images` DISABLE KEYS */;

INSERT INTO `images` (`id`, `path`, `name`, `type`, `extension`, `size`, `order`, `featured`, `imageable_id`, `imageable_type`, `created_at`, `updated_at`)
VALUES
	(1,'images/3rTAdM0MAi.png','3rTAdM0MAi.png','logo','png','0',0,0,1,'App\\Models\\Shop','2022-08-15 18:57:43','2022-08-15 18:57:43'),
	(2,'images/wnEGXFucqJ.png','wnEGXFucqJ.png','logo','png','0',0,0,2,'App\\Models\\Shop','2022-08-15 18:57:43','2022-08-15 18:57:43'),
	(3,'images/df91bmxUpj.png','df91bmxUpj.png','logo','png','0',0,0,3,'App\\Models\\Shop','2022-08-15 18:57:43','2022-08-15 18:57:43'),
	(4,'images/6wPuQHvSho.png','6wPuQHvSho.png','logo','png','0',0,0,4,'App\\Models\\Shop','2022-08-15 18:57:43','2022-08-15 18:57:43'),
	(5,'images/0oDdTCXJX5.png','0oDdTCXJX5.png','logo','png','0',0,0,5,'App\\Models\\Shop','2022-08-15 18:57:43','2022-08-15 18:57:43'),
	(6,'images/category_5.png','category_5.png','background','png','0',0,0,5,'App\\Models\\CategoryGroup','2022-08-02 18:57:45','2022-08-02 18:57:45'),
	(7,'images/category_4.png','category_4.png','background','png','0',0,0,4,'App\\Models\\CategoryGroup','2022-08-02 18:57:45','2022-08-02 18:57:45'),
	(8,'images/category_2.png','category_2.png','background','png','0',0,0,2,'App\\Models\\CategoryGroup','2022-08-02 18:57:45','2022-08-02 18:57:45'),
	(9,'images/category_9.png','category_9.png','background','png','0',0,0,9,'App\\Models\\CategoryGroup','2022-08-02 18:57:45','2022-08-02 18:57:45'),
	(10,'images/category_1.png','category_1.png','background','png','0',0,0,1,'App\\Models\\CategoryGroup','2022-08-02 18:57:45','2022-08-02 18:57:45'),
	(11,'images/category_7.png','category_7.png','background','png','0',0,0,7,'App\\Models\\CategoryGroup','2022-08-02 18:57:45','2022-08-02 18:57:45'),
	(12,'images/category_3.png','category_3.png','background','png','0',0,0,3,'App\\Models\\CategoryGroup','2022-08-02 18:57:45','2022-08-02 18:57:45'),
	(13,'images/category_8.png','category_8.png','background','png','0',0,0,8,'App\\Models\\CategoryGroup','2022-08-02 18:57:45','2022-08-02 18:57:45'),
	(14,'images/category_6.png','category_6.png','background','png','0',0,0,6,'App\\Models\\CategoryGroup','2022-08-02 18:57:45','2022-08-02 18:57:45'),
	(15,'images/YsYTGgqU8N.jpg','YsYTGgqU8N.jpg',NULL,'jpg','85299',0,1,1,'App\\Models\\Product','2022-08-02 18:57:46','2022-08-02 18:57:46'),
	(16,'images/reu22Of9vr.jpg','reu22Of9vr.jpg',NULL,'jpg','21899',0,0,1,'App\\Models\\Product','2022-08-02 18:57:46','2022-08-02 18:57:46'),
	(17,'images/G2xfhOag9L.jpg','G2xfhOag9L.jpg',NULL,'jpg','145810',0,1,4,'App\\Models\\Product','2022-08-02 18:57:46','2022-08-02 18:57:46'),
	(18,'images/P5mY1wcGqy.jpg','P5mY1wcGqy.jpg',NULL,'jpg','44668',0,0,4,'App\\Models\\Product','2022-08-02 18:57:46','2022-08-02 18:57:46'),
	(19,'images/p0KA7zPxzL.jpg','p0KA7zPxzL.jpg',NULL,'jpg','40482',0,0,4,'App\\Models\\Product','2022-08-02 18:57:46','2022-08-02 18:57:46'),
	(20,'images/bhPnOsikq0.jpg','bhPnOsikq0.jpg',NULL,'jpg','32457',0,0,4,'App\\Models\\Product','2022-08-02 18:57:46','2022-08-02 18:57:46'),
	(21,'images/eX97HmLxLs.jpg','eX97HmLxLs.jpg',NULL,'jpg','367888',0,1,47,'App\\Models\\Product','2022-08-02 18:57:46','2022-08-02 18:57:46'),
	(22,'images/wJJl89Ccvd.jpg','wJJl89Ccvd.jpg',NULL,'jpg','248919',0,0,47,'App\\Models\\Product','2022-08-02 18:57:46','2022-08-02 18:57:46'),
	(23,'images/x0iV27CC6j.jpg','x0iV27CC6j.jpg',NULL,'jpg','511252',0,0,47,'App\\Models\\Product','2022-08-02 18:57:46','2022-08-02 18:57:46'),
	(24,'images/ZvdS8qjmRv.jpg','ZvdS8qjmRv.jpg',NULL,'jpg','277953',0,1,6,'App\\Models\\Product','2022-08-02 18:57:46','2022-08-02 18:57:46'),
	(25,'images/UmIrlcTIRX.jpg','UmIrlcTIRX.jpg',NULL,'jpg','876612',0,0,6,'App\\Models\\Product','2022-08-02 18:57:46','2022-08-02 18:57:46'),
	(26,'images/A6mN2UfTmQ.jpg','A6mN2UfTmQ.jpg',NULL,'jpg','342102',0,0,6,'App\\Models\\Product','2022-08-02 18:57:46','2022-08-02 18:57:46'),
	(27,'images/46ljMmqDfN.jpg','46ljMmqDfN.jpg',NULL,'jpg','142420',0,1,32,'App\\Models\\Product','2022-08-02 18:57:46','2022-08-02 18:57:46'),
	(28,'images/dBfg6mo1sP.jpg','dBfg6mo1sP.jpg',NULL,'jpg','83815',0,0,32,'App\\Models\\Product','2022-08-02 18:57:46','2022-08-02 18:57:46'),
	(29,'images/tx4cfPuwYI.jpg','tx4cfPuwYI.jpg',NULL,'jpg','21357',0,0,32,'App\\Models\\Product','2022-08-02 18:57:46','2022-08-02 18:57:46'),
	(30,'images/VJA8UfJDLq.jpg','VJA8UfJDLq.jpg',NULL,'jpg','171460',0,1,43,'App\\Models\\Product','2022-08-02 18:57:46','2022-08-02 18:57:46'),
	(31,'images/DVRF8kGyo8.jpg','DVRF8kGyo8.jpg',NULL,'jpg','58348',0,0,43,'App\\Models\\Product','2022-08-02 18:57:46','2022-08-02 18:57:46'),
	(32,'images/b74Wcm5YKl.jpg','b74Wcm5YKl.jpg',NULL,'jpg','105641',0,1,3,'App\\Models\\Product','2022-08-02 18:57:46','2022-08-02 18:57:46'),
	(33,'images/NgtwWM5Rc4.jpg','NgtwWM5Rc4.jpg',NULL,'jpg','248951',0,0,3,'App\\Models\\Product','2022-08-02 18:57:46','2022-08-02 18:57:46'),
	(34,'images/ybQEvLUll6.jpg','ybQEvLUll6.jpg',NULL,'jpg','151281',0,1,17,'App\\Models\\Product','2022-08-02 18:57:46','2022-08-02 18:57:46'),
	(35,'images/iZDHzTJcSh.jpg','iZDHzTJcSh.jpg',NULL,'jpg','282307',0,0,17,'App\\Models\\Product','2022-08-02 18:57:46','2022-08-02 18:57:46'),
	(36,'images/glrDvlQtQc.jpg','glrDvlQtQc.jpg',NULL,'jpg','198579',0,0,17,'App\\Models\\Product','2022-08-02 18:57:46','2022-08-02 18:57:46'),
	(37,'images/futKKNr1Zo.jpg','futKKNr1Zo.jpg',NULL,'jpg','462235',0,0,17,'App\\Models\\Product','2022-08-02 18:57:46','2022-08-02 18:57:46'),
	(38,'images/5JL9SZPRjB.jpg','5JL9SZPRjB.jpg',NULL,'jpg','160529',0,1,44,'App\\Models\\Product','2022-08-02 18:57:46','2022-08-02 18:57:46'),
	(39,'images/MjmN0QU8lF.png','MjmN0QU8lF.png',NULL,'png','194838',0,0,44,'App\\Models\\Product','2022-08-02 18:57:46','2022-08-02 18:57:46'),
	(40,'images/U2Z7ULR5Pg.png','U2Z7ULR5Pg.png',NULL,'png','146865',0,0,44,'App\\Models\\Product','2022-08-02 18:57:46','2022-08-02 18:57:46'),
	(41,'images/0RWsh2grh2.jpg','0RWsh2grh2.jpg',NULL,'jpg','416558',0,1,15,'App\\Models\\Product','2022-08-02 18:57:46','2022-08-02 18:57:46'),
	(42,'images/onIgQ3GIte.jpg','onIgQ3GIte.jpg',NULL,'jpg','569367',0,0,15,'App\\Models\\Product','2022-08-02 18:57:46','2022-08-02 18:57:46'),
	(43,'images/kqHKSh7GIK.jpg','kqHKSh7GIK.jpg',NULL,'jpg','794095',0,0,15,'App\\Models\\Product','2022-08-02 18:57:46','2022-08-02 18:57:46'),
	(44,'images/CdVdKxlP1i.jpg','CdVdKxlP1i.jpg',NULL,'jpg','246030',0,1,10,'App\\Models\\Product','2022-08-02 18:57:46','2022-08-02 18:57:46'),
	(45,'images/VMQCgOmjAP.jpg','VMQCgOmjAP.jpg',NULL,'jpg','113320',0,0,10,'App\\Models\\Product','2022-08-02 18:57:46','2022-08-02 18:57:46'),
	(46,'images/cheWCs5bHq.jpg','cheWCs5bHq.jpg',NULL,'jpg','354959',0,0,10,'App\\Models\\Product','2022-08-02 18:57:46','2022-08-02 18:57:46'),
	(47,'images/P9TrzHDrz1.jpg','P9TrzHDrz1.jpg',NULL,'jpg','202167',0,1,22,'App\\Models\\Product','2022-08-02 18:57:46','2022-08-02 18:57:46'),
	(48,'images/nfoofG7lcT.jpg','nfoofG7lcT.jpg',NULL,'jpg','185189',0,1,2,'App\\Models\\Product','2022-08-02 18:57:46','2022-08-02 18:57:46'),
	(49,'images/YkrmnEjGr7.jpg','YkrmnEjGr7.jpg',NULL,'jpg','756937',0,0,2,'App\\Models\\Product','2022-08-02 18:57:46','2022-08-02 18:57:46'),
	(50,'images/pZjvzEhnxd.jpg','pZjvzEhnxd.jpg',NULL,'jpg','202167',0,1,30,'App\\Models\\Product','2022-08-02 18:57:46','2022-08-02 18:57:46'),
	(51,'images/6ZRkWM3dZE.jpg','6ZRkWM3dZE.jpg',NULL,'jpg','118247',0,0,30,'App\\Models\\Product','2022-08-02 18:57:46','2022-08-02 18:57:46'),
	(52,'images/pVBAddfBSw.jpg','pVBAddfBSw.jpg',NULL,'jpg','219962',0,0,30,'App\\Models\\Product','2022-08-02 18:57:46','2022-08-02 18:57:46'),
	(53,'images/GuCNkKpzxI.jpg','GuCNkKpzxI.jpg',NULL,'jpg','145490',0,1,42,'App\\Models\\Product','2022-08-02 18:57:46','2022-08-02 18:57:46'),
	(54,'images/vCINLUYQaN.jpg','vCINLUYQaN.jpg',NULL,'jpg','463973',0,0,42,'App\\Models\\Product','2022-08-02 18:57:46','2022-08-02 18:57:46'),
	(55,'images/COTsb1xdBI.jpeg','COTsb1xdBI.jpeg',NULL,'jpeg','51467',0,0,42,'App\\Models\\Product','2022-08-02 18:57:46','2022-08-02 18:57:46'),
	(56,'images/IWfBuZndkL.jpg','IWfBuZndkL.jpg',NULL,'jpg','485590',0,1,21,'App\\Models\\Product','2022-08-02 18:57:46','2022-08-02 18:57:46'),
	(57,'images/0OiaKzWNLF.jpg','0OiaKzWNLF.jpg',NULL,'jpg','450759',0,0,21,'App\\Models\\Product','2022-08-02 18:57:46','2022-08-02 18:57:46'),
	(58,'images/BAaHMzq8Hp.jpg','BAaHMzq8Hp.jpg',NULL,'jpg','382586',0,0,21,'App\\Models\\Product','2022-08-02 18:57:46','2022-08-02 18:57:46'),
	(59,'images/HGwVHLHh4d.jpg','HGwVHLHh4d.jpg',NULL,'jpg','145490',0,1,25,'App\\Models\\Product','2022-08-02 18:57:46','2022-08-02 18:57:46'),
	(60,'images/7NTbiYbAoS.jpg','7NTbiYbAoS.jpg',NULL,'jpg','463973',0,0,25,'App\\Models\\Product','2022-08-02 18:57:46','2022-08-02 18:57:46'),
	(61,'images/PAVwYbInzq.jpeg','PAVwYbInzq.jpeg',NULL,'jpeg','51467',0,0,25,'App\\Models\\Product','2022-08-02 18:57:46','2022-08-02 18:57:46'),
	(62,'images/PiE4142n4z.jpg','PiE4142n4z.jpg',NULL,'jpg','71204',0,1,8,'App\\Models\\Product','2022-08-02 18:57:46','2022-08-02 18:57:46'),
	(63,'images/iiQoRRhDik.jpg','iiQoRRhDik.jpg',NULL,'jpg','12787',0,0,8,'App\\Models\\Product','2022-08-02 18:57:46','2022-08-02 18:57:46'),
	(64,'images/mvpJAXWvU3.jpg','mvpJAXWvU3.jpg',NULL,'jpg','19339',0,0,8,'App\\Models\\Product','2022-08-02 18:57:46','2022-08-02 18:57:46'),
	(65,'images/hswIEICb1m.jpg','hswIEICb1m.jpg',NULL,'jpg','474967',0,1,24,'App\\Models\\Product','2022-08-02 18:57:46','2022-08-02 18:57:46'),
	(66,'images/rCloKFfdjC.jpg','rCloKFfdjC.jpg',NULL,'jpg','320629',0,0,24,'App\\Models\\Product','2022-08-02 18:57:46','2022-08-02 18:57:46'),
	(67,'images/5FyeWJPMnA.jpg','5FyeWJPMnA.jpg',NULL,'jpg','396205',0,0,24,'App\\Models\\Product','2022-08-02 18:57:46','2022-08-02 18:57:46'),
	(68,'images/3xJK4M49hU.jpg','3xJK4M49hU.jpg',NULL,'jpg','415302',0,0,24,'App\\Models\\Product','2022-08-02 18:57:46','2022-08-02 18:57:46'),
	(69,'images/Tg2EGbhykl.jpg','Tg2EGbhykl.jpg',NULL,'jpg','202167',0,1,14,'App\\Models\\Product','2022-08-02 18:57:46','2022-08-02 18:57:46'),
	(70,'images/H3OdXSJfUI.jpg','H3OdXSJfUI.jpg',NULL,'jpg','118247',0,0,14,'App\\Models\\Product','2022-08-02 18:57:46','2022-08-02 18:57:46'),
	(71,'images/b8oMsC57g5.jpg','b8oMsC57g5.jpg',NULL,'jpg','219962',0,0,14,'App\\Models\\Product','2022-08-02 18:57:46','2022-08-02 18:57:46'),
	(72,'images/wJrQsVwnK5.jpg','wJrQsVwnK5.jpg',NULL,'jpg','150367',0,1,9,'App\\Models\\Product','2022-08-02 18:57:46','2022-08-02 18:57:46'),
	(73,'images/6hFqDVjuji.jpg','6hFqDVjuji.jpg',NULL,'jpg','344533',0,0,9,'App\\Models\\Product','2022-08-02 18:57:46','2022-08-02 18:57:46'),
	(74,'images/xj6ZCYz8bu.jpg','xj6ZCYz8bu.jpg',NULL,'jpg','110646',0,0,9,'App\\Models\\Product','2022-08-02 18:57:46','2022-08-02 18:57:46'),
	(75,'images/UA4SGN6zZh.jpg','UA4SGN6zZh.jpg',NULL,'jpg','154752',0,1,50,'App\\Models\\Product','2022-08-02 18:57:46','2022-08-02 18:57:46'),
	(76,'images/gIR83X18dV.jpg','gIR83X18dV.jpg',NULL,'jpg','49365',0,0,50,'App\\Models\\Product','2022-08-02 18:57:46','2022-08-02 18:57:46'),
	(77,'images/rggcI59HEf.jpg','rggcI59HEf.jpg',NULL,'jpg','12887',0,0,50,'App\\Models\\Product','2022-08-02 18:57:46','2022-08-02 18:57:46'),
	(78,'images/NSP15U4RlM.jpg','NSP15U4RlM.jpg',NULL,'jpg','194770',0,1,7,'App\\Models\\Product','2022-08-02 18:57:46','2022-08-02 18:57:46'),
	(79,'images/lDzKO76wiw.jpg','lDzKO76wiw.jpg',NULL,'jpg','22030',0,0,7,'App\\Models\\Product','2022-08-02 18:57:46','2022-08-02 18:57:46'),
	(80,'images/Qu2WjMNSVV.jpeg','Qu2WjMNSVV.jpeg',NULL,'jpeg','6878',0,0,7,'App\\Models\\Product','2022-08-02 18:57:46','2022-08-02 18:57:46'),
	(81,'images/Q6iaMq4icx.jpg','Q6iaMq4icx.jpg',NULL,'jpg','44992',0,0,7,'App\\Models\\Product','2022-08-02 18:57:46','2022-08-02 18:57:46'),
	(82,'images/KsaleaJZVd.jpg','KsaleaJZVd.jpg',NULL,'jpg','14210',0,0,7,'App\\Models\\Product','2022-08-02 18:57:46','2022-08-02 18:57:46'),
	(83,'images/IVdKyCoMDz.jpg','IVdKyCoMDz.jpg',NULL,'jpg','122447',0,1,41,'App\\Models\\Product','2022-08-02 18:57:46','2022-08-02 18:57:46'),
	(84,'images/aSBuqL8mr5.jpg','aSBuqL8mr5.jpg',NULL,'jpg','41639',0,0,41,'App\\Models\\Product','2022-08-02 18:57:46','2022-08-02 18:57:46'),
	(85,'images/VXzwGGXAtT.jpg','VXzwGGXAtT.jpg',NULL,'jpg','61874',0,0,41,'App\\Models\\Product','2022-08-02 18:57:46','2022-08-02 18:57:46'),
	(86,'images/mJxHenwl5l.jpg','mJxHenwl5l.jpg',NULL,'jpg','474967',0,1,31,'App\\Models\\Product','2022-08-02 18:57:46','2022-08-02 18:57:46'),
	(87,'images/5FPN9DWjhG.jpg','5FPN9DWjhG.jpg',NULL,'jpg','320629',0,0,31,'App\\Models\\Product','2022-08-02 18:57:46','2022-08-02 18:57:46'),
	(88,'images/ncQDzBCbQR.jpg','ncQDzBCbQR.jpg',NULL,'jpg','396205',0,0,31,'App\\Models\\Product','2022-08-02 18:57:46','2022-08-02 18:57:46'),
	(89,'images/6MO6D4ez8x.jpg','6MO6D4ez8x.jpg',NULL,'jpg','415302',0,0,31,'App\\Models\\Product','2022-08-02 18:57:46','2022-08-02 18:57:46'),
	(90,'images/YMfIiKGix1.jpg','YMfIiKGix1.jpg',NULL,'jpg','150734',0,1,18,'App\\Models\\Product','2022-08-02 18:57:46','2022-08-02 18:57:46'),
	(91,'images/8agNmScaun.jpg','8agNmScaun.jpg',NULL,'jpg','52301',0,0,18,'App\\Models\\Product','2022-08-02 18:57:46','2022-08-02 18:57:46'),
	(92,'images/nE5APH5eRT.jpg','nE5APH5eRT.jpg',NULL,'jpg','109255',0,1,51,'App\\Models\\Product','2022-08-02 18:57:46','2022-08-02 18:57:46'),
	(93,'images/ltl4ENhk8M.jpg','ltl4ENhk8M.jpg',NULL,'jpg','523497',0,0,51,'App\\Models\\Product','2022-08-02 18:57:46','2022-08-02 18:57:46'),
	(94,'images/ItkiXlEMRn.jpg','ItkiXlEMRn.jpg',NULL,'jpg','288333',0,0,51,'App\\Models\\Product','2022-08-02 18:57:46','2022-08-02 18:57:46'),
	(95,'images/T5YFXvo07H.jpg','T5YFXvo07H.jpg',NULL,'jpg','181830',0,0,51,'App\\Models\\Product','2022-08-02 18:57:46','2022-08-02 18:57:46'),
	(96,'images/PSkAZgEM2C.jpg','PSkAZgEM2C.jpg',NULL,'jpg','432508',0,0,51,'App\\Models\\Product','2022-08-02 18:57:46','2022-08-02 18:57:46'),
	(97,'images/RgJPjc0pVU.jpg','RgJPjc0pVU.jpg',NULL,'jpg','202845',0,0,51,'App\\Models\\Product','2022-08-02 18:57:46','2022-08-02 18:57:46'),
	(98,'images/k6mxQhYF48.jpg','k6mxQhYF48.jpg',NULL,'jpg','150734',0,1,37,'App\\Models\\Product','2022-08-02 18:57:46','2022-08-02 18:57:46'),
	(99,'images/0z7oXOEsE2.jpg','0z7oXOEsE2.jpg',NULL,'jpg','52301',0,0,37,'App\\Models\\Product','2022-08-02 18:57:46','2022-08-02 18:57:46'),
	(100,'images/Z8MIS9eAAP.jpg','Z8MIS9eAAP.jpg',NULL,'jpg','366988',0,1,49,'App\\Models\\Product','2022-08-02 18:57:46','2022-08-02 18:57:46'),
	(101,'images/vuVW9j7dPh.jpg','vuVW9j7dPh.jpg',NULL,'jpg','430417',0,0,49,'App\\Models\\Product','2022-08-02 18:57:46','2022-08-02 18:57:46'),
	(102,'images/8GkBgRnhZi.jpg','8GkBgRnhZi.jpg',NULL,'jpg','105641',0,1,27,'App\\Models\\Product','2022-08-02 18:57:46','2022-08-02 18:57:46'),
	(103,'images/uFrN9kiy8P.jpg','uFrN9kiy8P.jpg',NULL,'jpg','248951',0,0,27,'App\\Models\\Product','2022-08-02 18:57:46','2022-08-02 18:57:46'),
	(104,'images/kzV3ZiSAM9.jpg','kzV3ZiSAM9.jpg',NULL,'jpg','109255',0,1,34,'App\\Models\\Product','2022-08-02 18:57:46','2022-08-02 18:57:46'),
	(105,'images/zbIPPT5gNh.jpg','zbIPPT5gNh.jpg',NULL,'jpg','523497',0,0,34,'App\\Models\\Product','2022-08-02 18:57:46','2022-08-02 18:57:46'),
	(106,'images/DU1XdHsQ2W.jpg','DU1XdHsQ2W.jpg',NULL,'jpg','288333',0,0,34,'App\\Models\\Product','2022-08-02 18:57:46','2022-08-02 18:57:46'),
	(107,'images/jK4fP5tHgT.jpg','jK4fP5tHgT.jpg',NULL,'jpg','181830',0,0,34,'App\\Models\\Product','2022-08-02 18:57:46','2022-08-02 18:57:46'),
	(108,'images/idMJMKDZ8Z.jpg','idMJMKDZ8Z.jpg',NULL,'jpg','432508',0,0,34,'App\\Models\\Product','2022-08-02 18:57:46','2022-08-02 18:57:46'),
	(109,'images/spZloCgvxM.jpg','spZloCgvxM.jpg',NULL,'jpg','202845',0,0,34,'App\\Models\\Product','2022-08-02 18:57:46','2022-08-02 18:57:46'),
	(110,'images/wVdqOHA28E.jpg','wVdqOHA28E.jpg',NULL,'jpg','122447',0,1,26,'App\\Models\\Product','2022-08-02 18:57:46','2022-08-02 18:57:46'),
	(111,'images/Hgt4URZlTC.jpg','Hgt4URZlTC.jpg',NULL,'jpg','41639',0,0,26,'App\\Models\\Product','2022-08-02 18:57:46','2022-08-02 18:57:46'),
	(112,'images/VubSYkj9ht.jpg','VubSYkj9ht.jpg',NULL,'jpg','61874',0,0,26,'App\\Models\\Product','2022-08-02 18:57:46','2022-08-02 18:57:46'),
	(113,'images/1r1f7RtVa1.jpg','1r1f7RtVa1.jpg',NULL,'jpg','488363',0,1,19,'App\\Models\\Product','2022-08-02 18:57:46','2022-08-02 18:57:46'),
	(114,'images/dxrQ2Resy2.jpg','dxrQ2Resy2.jpg',NULL,'jpg','410379',0,0,19,'App\\Models\\Product','2022-08-02 18:57:46','2022-08-02 18:57:46'),
	(115,'images/x5Ucz6VGEE.jpg','x5Ucz6VGEE.jpg',NULL,'jpg','370985',0,0,19,'App\\Models\\Product','2022-08-02 18:57:46','2022-08-02 18:57:46'),
	(116,'images/nDg1Eyjp14.jpg','nDg1Eyjp14.jpg',NULL,'jpg','279970',0,0,19,'App\\Models\\Product','2022-08-02 18:57:46','2022-08-02 18:57:46'),
	(117,'images/NzVPIhr7nK.jpg','NzVPIhr7nK.jpg',NULL,'jpg','279672',0,1,45,'App\\Models\\Product','2022-08-02 18:57:46','2022-08-02 18:57:46'),
	(118,'images/BNlMQDrAsa.jpg','BNlMQDrAsa.jpg',NULL,'jpg','481848',0,0,45,'App\\Models\\Product','2022-08-02 18:57:46','2022-08-02 18:57:46'),
	(119,'images/dvqXRW8zvR.jpg','dvqXRW8zvR.jpg',NULL,'jpg','229615',0,0,45,'App\\Models\\Product','2022-08-02 18:57:46','2022-08-02 18:57:46'),
	(120,'images/imB5WYbbaS.jpg','imB5WYbbaS.jpg',NULL,'jpg','694491',0,1,38,'App\\Models\\Product','2022-08-02 18:57:46','2022-08-02 18:57:46'),
	(121,'images/kGKpW1j9Iz.jpg','kGKpW1j9Iz.jpg',NULL,'jpg','585317',0,0,38,'App\\Models\\Product','2022-08-02 18:57:46','2022-08-02 18:57:46'),
	(122,'images/U1lXDbpSku.jpg','U1lXDbpSku.jpg',NULL,'jpg','255847',0,0,38,'App\\Models\\Product','2022-08-02 18:57:46','2022-08-02 18:57:46'),
	(123,'images/kE4rGBGAyk.jpg','kE4rGBGAyk.jpg',NULL,'jpg','349716',0,1,20,'App\\Models\\Product','2022-08-02 18:57:46','2022-08-02 18:57:46'),
	(124,'images/nFH3FQ1mow.jpg','nFH3FQ1mow.jpg',NULL,'jpg','515075',0,0,20,'App\\Models\\Product','2022-08-02 18:57:46','2022-08-02 18:57:46'),
	(125,'images/eL0y2QmB9l.jpg','eL0y2QmB9l.jpg',NULL,'jpg','225459',0,1,13,'App\\Models\\Product','2022-08-02 18:57:46','2022-08-02 18:57:46'),
	(126,'images/4G6PXMT8bF.jpg','4G6PXMT8bF.jpg',NULL,'jpg','244762',0,0,13,'App\\Models\\Product','2022-08-02 18:57:46','2022-08-02 18:57:46'),
	(127,'images/VrXkS3hWsO.jpg','VrXkS3hWsO.jpg',NULL,'jpg','345128',0,0,13,'App\\Models\\Product','2022-08-02 18:57:46','2022-08-02 18:57:46'),
	(128,'images/6glRsfv5gM.jpg','6glRsfv5gM.jpg',NULL,'jpg','349716',0,1,40,'App\\Models\\Product','2022-08-02 18:57:46','2022-08-02 18:57:46'),
	(129,'images/tPeeNaLwJW.jpg','tPeeNaLwJW.jpg',NULL,'jpg','515075',0,0,40,'App\\Models\\Product','2022-08-02 18:57:46','2022-08-02 18:57:46'),
	(130,'images/B7MyxKNrJN.jpg','B7MyxKNrJN.jpg',NULL,'jpg','216880',0,1,23,'App\\Models\\Product','2022-08-02 18:57:46','2022-08-02 18:57:46'),
	(131,'images/EgUSz5Yn2T.jpg','EgUSz5Yn2T.jpg',NULL,'jpg','173268',0,0,23,'App\\Models\\Product','2022-08-02 18:57:46','2022-08-02 18:57:46'),
	(132,'images/LQyOkT42aQ.jpg','LQyOkT42aQ.jpg',NULL,'jpg','158435',0,0,23,'App\\Models\\Product','2022-08-02 18:57:46','2022-08-02 18:57:46'),
	(133,'images/J4E3jY3YSx.jpg','J4E3jY3YSx.jpg',NULL,'jpg','202167',0,1,16,'App\\Models\\Product','2022-08-02 18:57:46','2022-08-02 18:57:46'),
	(134,'images/BCpCNR3mv5.jpg','BCpCNR3mv5.jpg',NULL,'jpg','118247',0,0,16,'App\\Models\\Product','2022-08-02 18:57:46','2022-08-02 18:57:46'),
	(135,'images/tmskkRrpJh.jpg','tmskkRrpJh.jpg',NULL,'jpg','219962',0,0,16,'App\\Models\\Product','2022-08-02 18:57:46','2022-08-02 18:57:46'),
	(136,'images/vQzLLIJVMY.jpg','vQzLLIJVMY.jpg',NULL,'jpg','498648',0,1,29,'App\\Models\\Product','2022-08-02 18:57:46','2022-08-02 18:57:46'),
	(137,'images/jfgKYGHLvi.jpg','jfgKYGHLvi.jpg',NULL,'jpg','478752',0,0,29,'App\\Models\\Product','2022-08-02 18:57:46','2022-08-02 18:57:46'),
	(138,'images/HUufWaoRoV.jpg','HUufWaoRoV.jpg',NULL,'jpg','488363',0,1,28,'App\\Models\\Product','2022-08-02 18:57:46','2022-08-02 18:57:46'),
	(139,'images/5xXeliG02y.jpg','5xXeliG02y.jpg',NULL,'jpg','410379',0,0,28,'App\\Models\\Product','2022-08-02 18:57:46','2022-08-02 18:57:46'),
	(140,'images/fBT0RX96zn.jpg','fBT0RX96zn.jpg',NULL,'jpg','370985',0,0,28,'App\\Models\\Product','2022-08-02 18:57:46','2022-08-02 18:57:46'),
	(141,'images/swnxotBu6X.jpg','swnxotBu6X.jpg',NULL,'jpg','279970',0,0,28,'App\\Models\\Product','2022-08-02 18:57:46','2022-08-02 18:57:46'),
	(142,'images/ssdZ9KTRTy.jpg','ssdZ9KTRTy.jpg',NULL,'jpg','214433',0,1,5,'App\\Models\\Product','2022-08-02 18:57:46','2022-08-02 18:57:46'),
	(143,'images/TOSiktZRUg.jpg','TOSiktZRUg.jpg',NULL,'jpg','140388',0,0,5,'App\\Models\\Product','2022-08-02 18:57:46','2022-08-02 18:57:46'),
	(144,'images/fo5kY9jgGe.jpg','fo5kY9jgGe.jpg',NULL,'jpg','123509',0,0,5,'App\\Models\\Product','2022-08-02 18:57:46','2022-08-02 18:57:46'),
	(145,'images/gHipDwwG1t.jpg','gHipDwwG1t.jpg',NULL,'jpg','202167',0,1,39,'App\\Models\\Product','2022-08-02 18:57:46','2022-08-02 18:57:46'),
	(146,'images/pJhuxg8J31.jpg','pJhuxg8J31.jpg',NULL,'jpg','142420',0,1,33,'App\\Models\\Product','2022-08-02 18:57:46','2022-08-02 18:57:46'),
	(147,'images/0UbwMdhqYO.jpg','0UbwMdhqYO.jpg',NULL,'jpg','83815',0,0,33,'App\\Models\\Product','2022-08-02 18:57:46','2022-08-02 18:57:46'),
	(148,'images/jH0i4uZLSX.jpg','jH0i4uZLSX.jpg',NULL,'jpg','21357',0,0,33,'App\\Models\\Product','2022-08-02 18:57:46','2022-08-02 18:57:46'),
	(149,'images/K4FIEhNaxD.jpg','K4FIEhNaxD.jpg',NULL,'jpg','105039',0,1,48,'App\\Models\\Product','2022-08-02 18:57:46','2022-08-02 18:57:46'),
	(150,'images/PogrrHfo2c.jpg','PogrrHfo2c.jpg',NULL,'jpg','29912',0,0,48,'App\\Models\\Product','2022-08-02 18:57:46','2022-08-02 18:57:46'),
	(151,'images/3irBMMum06.jpg','3irBMMum06.jpg',NULL,'jpg','278534',0,1,12,'App\\Models\\Product','2022-08-02 18:57:46','2022-08-02 18:57:46'),
	(152,'images/KW5yTdxraQ.jpg','KW5yTdxraQ.jpg',NULL,'jpg','104910',0,0,12,'App\\Models\\Product','2022-08-02 18:57:46','2022-08-02 18:57:46'),
	(153,'images/IednRtq9dh.jpg','IednRtq9dh.jpg',NULL,'jpg','74096',0,0,12,'App\\Models\\Product','2022-08-02 18:57:46','2022-08-02 18:57:46'),
	(154,'images/TCSFrDwUOF.jpg','TCSFrDwUOF.jpg',NULL,'jpg','82897',0,0,12,'App\\Models\\Product','2022-08-02 18:57:46','2022-08-02 18:57:46'),
	(155,'images/4dRjEEoQth.jpg','4dRjEEoQth.jpg',NULL,'jpg','214433',0,1,11,'App\\Models\\Product','2022-08-02 18:57:46','2022-08-02 18:57:46'),
	(156,'images/1y1fJh4nhw.jpg','1y1fJh4nhw.jpg',NULL,'jpg','140388',0,0,11,'App\\Models\\Product','2022-08-02 18:57:46','2022-08-02 18:57:46'),
	(157,'images/QTTbRW7HYL.jpg','QTTbRW7HYL.jpg',NULL,'jpg','123509',0,0,11,'App\\Models\\Product','2022-08-02 18:57:46','2022-08-02 18:57:46'),
	(158,'images/g6JPsqTIuF.jpg','g6JPsqTIuF.jpg',NULL,'jpg','194770',0,1,46,'App\\Models\\Product','2022-08-02 18:57:46','2022-08-02 18:57:46'),
	(159,'images/Vp9rji1R1x.jpg','Vp9rji1R1x.jpg',NULL,'jpg','22030',0,0,46,'App\\Models\\Product','2022-08-02 18:57:46','2022-08-02 18:57:46'),
	(160,'images/MMZeHDfmIK.jpeg','MMZeHDfmIK.jpeg',NULL,'jpeg','6878',0,0,46,'App\\Models\\Product','2022-08-02 18:57:46','2022-08-02 18:57:46'),
	(161,'images/L13qNJJRiu.jpg','L13qNJJRiu.jpg',NULL,'jpg','44992',0,0,46,'App\\Models\\Product','2022-08-02 18:57:46','2022-08-02 18:57:46'),
	(162,'images/KeyNgsTuLz.jpg','KeyNgsTuLz.jpg',NULL,'jpg','14210',0,0,46,'App\\Models\\Product','2022-08-02 18:57:46','2022-08-02 18:57:46'),
	(163,'images/SNM5gdAICt.jpg','SNM5gdAICt.jpg',NULL,'jpg','179703',0,1,36,'App\\Models\\Product','2022-08-02 18:57:46','2022-08-02 18:57:46'),
	(164,'images/0dexfeKjQh.jpg','0dexfeKjQh.jpg',NULL,'jpg','194943',0,0,36,'App\\Models\\Product','2022-08-02 18:57:46','2022-08-02 18:57:46'),
	(165,'images/w4nJJam512.jpg','w4nJJam512.jpg',NULL,'jpg','166868',0,0,36,'App\\Models\\Product','2022-08-02 18:57:46','2022-08-02 18:57:46'),
	(166,'images/9bS1J28rOE.jpg','9bS1J28rOE.jpg',NULL,'jpg','277953',0,1,35,'App\\Models\\Product','2022-08-02 18:57:46','2022-08-02 18:57:46'),
	(167,'images/3CsKfViq26.jpg','3CsKfViq26.jpg',NULL,'jpg','876612',0,0,35,'App\\Models\\Product','2022-08-02 18:57:46','2022-08-02 18:57:46'),
	(168,'images/nfYLaNgDmH.jpg','nfYLaNgDmH.jpg',NULL,'jpg','342102',0,0,35,'App\\Models\\Product','2022-08-02 18:57:46','2022-08-02 18:57:46'),
	(169,'images/z8mfkOFzGK.jpg','z8mfkOFzGK.jpg',NULL,'jpg','416558',0,NULL,1,'App\\Models\\Inventory','2022-08-02 18:57:50','2022-08-02 18:57:50'),
	(170,'images/kO6wweHolh.jpg','kO6wweHolh.jpg',NULL,'jpg','569367',0,NULL,1,'App\\Models\\Inventory','2022-08-02 18:57:50','2022-08-02 18:57:50'),
	(171,'images/FGFW6IhaJF.jpg','FGFW6IhaJF.jpg',NULL,'jpg','794095',0,NULL,1,'App\\Models\\Inventory','2022-08-02 18:57:50','2022-08-02 18:57:50'),
	(172,'images/3QY5HXgE49.jpg','3QY5HXgE49.jpg',NULL,'jpg','228193',0,NULL,21,'App\\Models\\Inventory','2022-08-02 18:57:50','2022-08-02 18:57:50'),
	(173,'images/UaETs8Ipdy.jpg','UaETs8Ipdy.jpg',NULL,'jpg','236010',0,NULL,21,'App\\Models\\Inventory','2022-08-02 18:57:50','2022-08-02 18:57:50'),
	(174,'images/DwCBtG816j.jpg','DwCBtG816j.jpg',NULL,'jpg','184246',0,NULL,25,'App\\Models\\Inventory','2022-08-02 18:57:50','2022-08-02 18:57:50'),
	(175,'images/Euu7rGY4ak.jpg','Euu7rGY4ak.jpg',NULL,'jpg','47245',0,NULL,25,'App\\Models\\Inventory','2022-08-02 18:57:50','2022-08-02 18:57:50'),
	(176,'images/9Vx7U1TUrI.jpg','9Vx7U1TUrI.jpg',NULL,'jpg','6681',0,NULL,25,'App\\Models\\Inventory','2022-08-02 18:57:50','2022-08-02 18:57:50'),
	(177,'images/KnMAnFIZ59.jpg','KnMAnFIZ59.jpg',NULL,'jpg','228193',0,NULL,33,'App\\Models\\Inventory','2022-08-02 18:57:50','2022-08-02 18:57:50'),
	(178,'images/gsR9jkXhH2.jpg','gsR9jkXhH2.jpg',NULL,'jpg','236010',0,NULL,33,'App\\Models\\Inventory','2022-08-02 18:57:50','2022-08-02 18:57:50'),
	(179,'images/NHOJdNiRmT.jpg','NHOJdNiRmT.jpg',NULL,'jpg','159247',0,NULL,70,'App\\Models\\Inventory','2022-08-02 18:57:50','2022-08-02 18:57:50'),
	(180,'images/cXUA6NOU6v.jpg','cXUA6NOU6v.jpg',NULL,'jpg','9260',0,NULL,70,'App\\Models\\Inventory','2022-08-02 18:57:50','2022-08-02 18:57:50'),
	(181,'images/x5bxK6lTdt.jpg','x5bxK6lTdt.jpg',NULL,'jpg','12653',0,NULL,70,'App\\Models\\Inventory','2022-08-02 18:57:50','2022-08-02 18:57:50'),
	(182,'images/hYvBnrn0xz.jpg','hYvBnrn0xz.jpg',NULL,'jpg','159247',0,NULL,97,'App\\Models\\Inventory','2022-08-02 18:57:50','2022-08-02 18:57:50'),
	(183,'images/RckXQaLU9x.jpg','RckXQaLU9x.jpg',NULL,'jpg','9260',0,NULL,97,'App\\Models\\Inventory','2022-08-02 18:57:50','2022-08-02 18:57:50'),
	(184,'images/u5qKJUSJe9.jpg','u5qKJUSJe9.jpg',NULL,'jpg','12653',0,NULL,97,'App\\Models\\Inventory','2022-08-02 18:57:50','2022-08-02 18:57:50'),
	(185,'images/W3X1CrGniX.jpg','W3X1CrGniX.jpg',NULL,'jpg','488363',0,NULL,28,'App\\Models\\Inventory','2022-08-02 18:57:50','2022-08-02 18:57:50'),
	(186,'images/6K55cHS3mV.jpg','6K55cHS3mV.jpg',NULL,'jpg','410379',0,NULL,28,'App\\Models\\Inventory','2022-08-02 18:57:50','2022-08-02 18:57:50'),
	(187,'images/Wd9jQhrvNv.jpg','Wd9jQhrvNv.jpg',NULL,'jpg','370985',0,NULL,28,'App\\Models\\Inventory','2022-08-02 18:57:50','2022-08-02 18:57:50'),
	(188,'images/jOrRoPOwO0.jpg','jOrRoPOwO0.jpg',NULL,'jpg','279970',0,NULL,28,'App\\Models\\Inventory','2022-08-02 18:57:50','2022-08-02 18:57:50'),
	(189,'images/Zkp2D4fWW0.jpg','Zkp2D4fWW0.jpg',NULL,'jpg','488363',0,NULL,65,'App\\Models\\Inventory','2022-08-02 18:57:50','2022-08-02 18:57:50'),
	(190,'images/aCkYqlNipy.jpg','aCkYqlNipy.jpg',NULL,'jpg','410379',0,NULL,65,'App\\Models\\Inventory','2022-08-02 18:57:50','2022-08-02 18:57:50'),
	(191,'images/xXLM3LllWv.jpg','xXLM3LllWv.jpg',NULL,'jpg','370985',0,NULL,65,'App\\Models\\Inventory','2022-08-02 18:57:50','2022-08-02 18:57:50'),
	(192,'images/9l7SgnOrnp.jpg','9l7SgnOrnp.jpg',NULL,'jpg','279970',0,NULL,65,'App\\Models\\Inventory','2022-08-02 18:57:50','2022-08-02 18:57:50'),
	(193,'images/yjemYooKU3.jpg','yjemYooKU3.jpg',NULL,'jpg','179703',0,NULL,83,'App\\Models\\Inventory','2022-08-02 18:57:50','2022-08-02 18:57:50'),
	(194,'images/KiZFcc2xci.jpg','KiZFcc2xci.jpg',NULL,'jpg','194943',0,NULL,83,'App\\Models\\Inventory','2022-08-02 18:57:50','2022-08-02 18:57:50'),
	(195,'images/4bqvlLmrL3.jpg','4bqvlLmrL3.jpg',NULL,'jpg','166868',0,NULL,83,'App\\Models\\Inventory','2022-08-02 18:57:50','2022-08-02 18:57:50'),
	(196,'images/eL9BY1IXLc.jpg','eL9BY1IXLc.jpg',NULL,'jpg','366988',0,NULL,96,'App\\Models\\Inventory','2022-08-02 18:57:50','2022-08-02 18:57:50'),
	(197,'images/OfX9nonxo6.jpg','OfX9nonxo6.jpg',NULL,'jpg','430417',0,NULL,96,'App\\Models\\Inventory','2022-08-02 18:57:50','2022-08-02 18:57:50'),
	(198,'images/AewTvwRPNl.jpg','AewTvwRPNl.jpg',NULL,'jpg','150546',0,NULL,17,'App\\Models\\Inventory','2022-08-02 18:57:50','2022-08-02 18:57:50'),
	(199,'images/7vYAjR4O2n.jpg','7vYAjR4O2n.jpg',NULL,'jpg','23875',0,NULL,17,'App\\Models\\Inventory','2022-08-02 18:57:50','2022-08-02 18:57:50'),
	(200,'images/BfmoL3g6Wi.jpg','BfmoL3g6Wi.jpg',NULL,'jpg','63923',0,NULL,17,'App\\Models\\Inventory','2022-08-02 18:57:50','2022-08-02 18:57:50'),
	(201,'images/fP7tKuqnkd.jpg','fP7tKuqnkd.jpg',NULL,'jpg','142420',0,NULL,90,'App\\Models\\Inventory','2022-08-02 18:57:50','2022-08-02 18:57:50'),
	(202,'images/Qa6mzHI7jc.jpg','Qa6mzHI7jc.jpg',NULL,'jpg','83815',0,NULL,90,'App\\Models\\Inventory','2022-08-02 18:57:50','2022-08-02 18:57:50'),
	(203,'images/fiHziJDkPk.jpg','fiHziJDkPk.jpg',NULL,'jpg','21357',0,NULL,90,'App\\Models\\Inventory','2022-08-02 18:57:50','2022-08-02 18:57:50'),
	(204,'images/BgkOrSAyIL.jpg','BgkOrSAyIL.jpg',NULL,'jpg','128590',0,NULL,26,'App\\Models\\Inventory','2022-08-02 18:57:50','2022-08-02 18:57:50'),
	(205,'images/lnpk6xvgyo.jpeg','lnpk6xvgyo.jpeg',NULL,'jpeg','37291',0,NULL,26,'App\\Models\\Inventory','2022-08-02 18:57:50','2022-08-02 18:57:50'),
	(206,'images/NYgVlEiVij.jpeg','NYgVlEiVij.jpeg',NULL,'jpeg','107989',0,NULL,26,'App\\Models\\Inventory','2022-08-02 18:57:50','2022-08-02 18:57:50'),
	(207,'images/iWoHey04fX.png','iWoHey04fX.png',NULL,'png','451649',0,NULL,26,'App\\Models\\Inventory','2022-08-02 18:57:50','2022-08-02 18:57:50'),
	(208,'images/1BEBXJjLgA.jpg','1BEBXJjLgA.jpg',NULL,'jpg','179703',0,NULL,53,'App\\Models\\Inventory','2022-08-02 18:57:50','2022-08-02 18:57:50'),
	(209,'images/hxTL9TL9pl.jpg','hxTL9TL9pl.jpg',NULL,'jpg','194943',0,NULL,53,'App\\Models\\Inventory','2022-08-02 18:57:50','2022-08-02 18:57:50'),
	(210,'images/ytG9vDzXhJ.jpg','ytG9vDzXhJ.jpg',NULL,'jpg','166868',0,NULL,53,'App\\Models\\Inventory','2022-08-02 18:57:50','2022-08-02 18:57:50'),
	(211,'images/QgDi2jrQvn.jpg','QgDi2jrQvn.jpg',NULL,'jpg','100496',0,NULL,69,'App\\Models\\Inventory','2022-08-02 18:57:50','2022-08-02 18:57:50'),
	(212,'images/4P0YPfA3f7.jpg','4P0YPfA3f7.jpg',NULL,'jpg','32765',0,NULL,69,'App\\Models\\Inventory','2022-08-02 18:57:50','2022-08-02 18:57:50'),
	(213,'images/pVrum2dU8x.jpg','pVrum2dU8x.jpg',NULL,'jpg','77067',0,NULL,69,'App\\Models\\Inventory','2022-08-02 18:57:50','2022-08-02 18:57:50'),
	(214,'images/WRAwxf2ioI.jpg','WRAwxf2ioI.jpg',NULL,'jpg','61229',0,NULL,69,'App\\Models\\Inventory','2022-08-02 18:57:50','2022-08-02 18:57:50'),
	(215,'images/oxNxwMfH0q.jpg','oxNxwMfH0q.jpg',NULL,'jpg','105039',0,NULL,107,'App\\Models\\Inventory','2022-08-02 18:57:50','2022-08-02 18:57:50'),
	(216,'images/dFumKwhoGz.jpg','dFumKwhoGz.jpg',NULL,'jpg','29912',0,NULL,107,'App\\Models\\Inventory','2022-08-02 18:57:50','2022-08-02 18:57:50'),
	(217,'images/mY1yRu3V6V.jpg','mY1yRu3V6V.jpg',NULL,'jpg','160529',0,NULL,46,'App\\Models\\Inventory','2022-08-02 18:57:50','2022-08-02 18:57:50'),
	(218,'images/t1jhr5RTNN.png','t1jhr5RTNN.png',NULL,'png','194838',0,NULL,46,'App\\Models\\Inventory','2022-08-02 18:57:50','2022-08-02 18:57:50'),
	(219,'images/RcCqJhZA3X.png','RcCqJhZA3X.png',NULL,'png','146865',0,NULL,46,'App\\Models\\Inventory','2022-08-02 18:57:50','2022-08-02 18:57:50'),
	(220,'images/TkKsUzLrnd.jpg','TkKsUzLrnd.jpg',NULL,'jpg','122447',0,NULL,47,'App\\Models\\Inventory','2022-08-02 18:57:50','2022-08-02 18:57:50'),
	(221,'images/EKq9jHrE95.jpg','EKq9jHrE95.jpg',NULL,'jpg','41639',0,NULL,47,'App\\Models\\Inventory','2022-08-02 18:57:50','2022-08-02 18:57:50'),
	(222,'images/JZr8DlPXbk.jpg','JZr8DlPXbk.jpg',NULL,'jpg','61874',0,NULL,47,'App\\Models\\Inventory','2022-08-02 18:57:50','2022-08-02 18:57:50'),
	(223,'images/0nsjh2b6nB.jpg','0nsjh2b6nB.jpg',NULL,'jpg','135881',0,NULL,86,'App\\Models\\Inventory','2022-08-02 18:57:50','2022-08-02 18:57:50'),
	(224,'images/zBcCDlkos0.jpg','zBcCDlkos0.jpg',NULL,'jpg','224145',0,NULL,86,'App\\Models\\Inventory','2022-08-02 18:57:50','2022-08-02 18:57:50'),
	(225,'images/gcngR6h883.jpg','gcngR6h883.jpg',NULL,'jpg','435031',0,NULL,86,'App\\Models\\Inventory','2022-08-02 18:57:50','2022-08-02 18:57:50'),
	(226,'images/XJhC3QNSf1.jpg','XJhC3QNSf1.jpg',NULL,'jpg','367888',0,NULL,50,'App\\Models\\Inventory','2022-08-02 18:57:50','2022-08-02 18:57:50'),
	(227,'images/OR0x0LAYq9.jpg','OR0x0LAYq9.jpg',NULL,'jpg','248919',0,NULL,50,'App\\Models\\Inventory','2022-08-02 18:57:50','2022-08-02 18:57:50'),
	(228,'images/rxSSRTnKNE.jpg','rxSSRTnKNE.jpg',NULL,'jpg','511252',0,NULL,50,'App\\Models\\Inventory','2022-08-02 18:57:50','2022-08-02 18:57:50'),
	(229,'images/kcHxLt8Nvb.jpg','kcHxLt8Nvb.jpg',NULL,'jpg','159247',0,NULL,64,'App\\Models\\Inventory','2022-08-02 18:57:50','2022-08-02 18:57:50'),
	(230,'images/uJ7fpWthsJ.jpg','uJ7fpWthsJ.jpg',NULL,'jpg','9260',0,NULL,64,'App\\Models\\Inventory','2022-08-02 18:57:50','2022-08-02 18:57:50'),
	(231,'images/VhTE51mOm3.jpg','VhTE51mOm3.jpg',NULL,'jpg','12653',0,NULL,64,'App\\Models\\Inventory','2022-08-02 18:57:50','2022-08-02 18:57:50'),
	(232,'images/TTSVq30f0w.jpg','TTSVq30f0w.jpg',NULL,'jpg','202167',0,NULL,60,'App\\Models\\Inventory','2022-08-02 18:57:50','2022-08-02 18:57:50'),
	(233,'images/eZIavCKec8.jpg','eZIavCKec8.jpg',NULL,'jpg','366988',0,NULL,74,'App\\Models\\Inventory','2022-08-02 18:57:50','2022-08-02 18:57:50'),
	(234,'images/Moo0Pba4aR.jpg','Moo0Pba4aR.jpg',NULL,'jpg','430417',0,NULL,74,'App\\Models\\Inventory','2022-08-02 18:57:50','2022-08-02 18:57:50'),
	(235,'images/xXy5GquGeE.jpg','xXy5GquGeE.jpg',NULL,'jpg','135881',0,NULL,29,'App\\Models\\Inventory','2022-08-02 18:57:50','2022-08-02 18:57:50'),
	(236,'images/wlXlAGkJXz.jpg','wlXlAGkJXz.jpg',NULL,'jpg','224145',0,NULL,29,'App\\Models\\Inventory','2022-08-02 18:57:50','2022-08-02 18:57:50'),
	(237,'images/CLUOJBXzRj.jpg','CLUOJBXzRj.jpg',NULL,'jpg','435031',0,NULL,29,'App\\Models\\Inventory','2022-08-02 18:57:50','2022-08-02 18:57:50'),
	(238,'images/kAxoBC5aNx.jpg','kAxoBC5aNx.jpg',NULL,'jpg','150717',0,NULL,88,'App\\Models\\Inventory','2022-08-02 18:57:50','2022-08-02 18:57:50'),
	(239,'images/naFAGVRanJ.jpg','naFAGVRanJ.jpg',NULL,'jpg','169722',0,NULL,88,'App\\Models\\Inventory','2022-08-02 18:57:50','2022-08-02 18:57:50'),
	(240,'images/ptiqbLk9YS.jpg','ptiqbLk9YS.jpg',NULL,'jpg','152635',0,NULL,88,'App\\Models\\Inventory','2022-08-02 18:57:50','2022-08-02 18:57:50'),
	(241,'images/NJdNVv11Sb.jpg','NJdNVv11Sb.jpg',NULL,'jpg','145810',0,NULL,37,'App\\Models\\Inventory','2022-08-02 18:57:50','2022-08-02 18:57:50'),
	(242,'images/Lo9wF92K0o.jpg','Lo9wF92K0o.jpg',NULL,'jpg','44668',0,NULL,37,'App\\Models\\Inventory','2022-08-02 18:57:50','2022-08-02 18:57:50'),
	(243,'images/GRU6Gfd2OC.jpg','GRU6Gfd2OC.jpg',NULL,'jpg','40482',0,NULL,37,'App\\Models\\Inventory','2022-08-02 18:57:50','2022-08-02 18:57:50'),
	(244,'images/LmEbcDxOT4.jpg','LmEbcDxOT4.jpg',NULL,'jpg','32457',0,NULL,37,'App\\Models\\Inventory','2022-08-02 18:57:50','2022-08-02 18:57:50'),
	(245,'images/AKX31sqnYg.jpg','AKX31sqnYg.jpg',NULL,'jpg','85299',0,NULL,39,'App\\Models\\Inventory','2022-08-02 18:57:50','2022-08-02 18:57:50'),
	(246,'images/8is5WY2Yjt.jpg','8is5WY2Yjt.jpg',NULL,'jpg','21899',0,NULL,39,'App\\Models\\Inventory','2022-08-02 18:57:50','2022-08-02 18:57:50'),
	(247,'images/oHes01sl7b.jpg','oHes01sl7b.jpg',NULL,'jpg','85299',0,NULL,11,'App\\Models\\Inventory','2022-08-02 18:57:50','2022-08-02 18:57:50'),
	(248,'images/SxpETCjAgM.jpg','SxpETCjAgM.jpg',NULL,'jpg','21899',0,NULL,11,'App\\Models\\Inventory','2022-08-02 18:57:50','2022-08-02 18:57:50'),
	(249,'images/SgzmvIUWQe.jpg','SgzmvIUWQe.jpg',NULL,'jpg','194770',0,NULL,34,'App\\Models\\Inventory','2022-08-02 18:57:50','2022-08-02 18:57:50'),
	(250,'images/SsXBG7Zz89.jpg','SsXBG7Zz89.jpg',NULL,'jpg','22030',0,NULL,34,'App\\Models\\Inventory','2022-08-02 18:57:50','2022-08-02 18:57:50'),
	(251,'images/joxWJDAfj4.jpeg','joxWJDAfj4.jpeg',NULL,'jpeg','6878',0,NULL,34,'App\\Models\\Inventory','2022-08-02 18:57:50','2022-08-02 18:57:50'),
	(252,'images/KERipKn3C0.jpg','KERipKn3C0.jpg',NULL,'jpg','44992',0,NULL,34,'App\\Models\\Inventory','2022-08-02 18:57:50','2022-08-02 18:57:50'),
	(253,'images/M3RFBZlq2L.jpg','M3RFBZlq2L.jpg',NULL,'jpg','14210',0,NULL,34,'App\\Models\\Inventory','2022-08-02 18:57:50','2022-08-02 18:57:50'),
	(254,'images/7fA0IWbf01.jpg','7fA0IWbf01.jpg',NULL,'jpg','105641',0,NULL,36,'App\\Models\\Inventory','2022-08-02 18:57:50','2022-08-02 18:57:50'),
	(255,'images/Wb7PMNUhtE.jpg','Wb7PMNUhtE.jpg',NULL,'jpg','248951',0,NULL,36,'App\\Models\\Inventory','2022-08-02 18:57:50','2022-08-02 18:57:50'),
	(256,'images/NbwbvNhKR7.jpg','NbwbvNhKR7.jpg',NULL,'jpg','143272',0,NULL,101,'App\\Models\\Inventory','2022-08-02 18:57:50','2022-08-02 18:57:50'),
	(257,'images/rtvsYzXM4L.jpg','rtvsYzXM4L.jpg',NULL,'jpg','290073',0,NULL,101,'App\\Models\\Inventory','2022-08-02 18:57:50','2022-08-02 18:57:50'),
	(258,'images/Eur3HaZOid.jpg','Eur3HaZOid.jpg',NULL,'jpg','339333',0,NULL,101,'App\\Models\\Inventory','2022-08-02 18:57:50','2022-08-02 18:57:50'),
	(259,'images/1FdyWetHuU.jpg','1FdyWetHuU.jpg',NULL,'jpg','150367',0,NULL,2,'App\\Models\\Inventory','2022-08-02 18:57:50','2022-08-02 18:57:50'),
	(260,'images/lX3GxUC7aA.jpg','lX3GxUC7aA.jpg',NULL,'jpg','344533',0,NULL,2,'App\\Models\\Inventory','2022-08-02 18:57:50','2022-08-02 18:57:50'),
	(261,'images/hAmjgiUaWP.jpg','hAmjgiUaWP.jpg',NULL,'jpg','110646',0,NULL,2,'App\\Models\\Inventory','2022-08-02 18:57:50','2022-08-02 18:57:50'),
	(262,'images/aKnJCi24B4.jpg','aKnJCi24B4.jpg',NULL,'jpg','315426',0,NULL,48,'App\\Models\\Inventory','2022-08-02 18:57:50','2022-08-02 18:57:50'),
	(263,'images/4P85G90EvY.jpg','4P85G90EvY.jpg',NULL,'jpg','229382',0,NULL,48,'App\\Models\\Inventory','2022-08-02 18:57:50','2022-08-02 18:57:50'),
	(264,'images/cFJ4fSUkAn.jpg','cFJ4fSUkAn.jpg',NULL,'jpg','254367',0,NULL,48,'App\\Models\\Inventory','2022-08-02 18:57:50','2022-08-02 18:57:50'),
	(265,'images/fGNATjv5DB.jpg','fGNATjv5DB.jpg',NULL,'jpg','273044',0,NULL,48,'App\\Models\\Inventory','2022-08-02 18:57:50','2022-08-02 18:57:50'),
	(266,'images/5KHhAUB0cr.jpg','5KHhAUB0cr.jpg',NULL,'jpg','225459',0,NULL,51,'App\\Models\\Inventory','2022-08-02 18:57:50','2022-08-02 18:57:50'),
	(267,'images/HUjbeoe8LD.jpg','HUjbeoe8LD.jpg',NULL,'jpg','244762',0,NULL,51,'App\\Models\\Inventory','2022-08-02 18:57:50','2022-08-02 18:57:50'),
	(268,'images/R58B3Vqccp.jpg','R58B3Vqccp.jpg',NULL,'jpg','345128',0,NULL,51,'App\\Models\\Inventory','2022-08-02 18:57:50','2022-08-02 18:57:50'),
	(269,'images/3wgeHCaOdE.jpg','3wgeHCaOdE.jpg',NULL,'jpg','171460',0,NULL,98,'App\\Models\\Inventory','2022-08-02 18:57:50','2022-08-02 18:57:50'),
	(270,'images/B8DQtNoWxs.jpg','B8DQtNoWxs.jpg',NULL,'jpg','58348',0,NULL,98,'App\\Models\\Inventory','2022-08-02 18:57:50','2022-08-02 18:57:50'),
	(271,'images/dzUlEkdDnO.jpg','dzUlEkdDnO.jpg',NULL,'jpg','150367',0,NULL,27,'App\\Models\\Inventory','2022-08-02 18:57:50','2022-08-02 18:57:50'),
	(272,'images/PukbdzMtrL.jpg','PukbdzMtrL.jpg',NULL,'jpg','344533',0,NULL,27,'App\\Models\\Inventory','2022-08-02 18:57:50','2022-08-02 18:57:50'),
	(273,'images/uomPB3ciID.jpg','uomPB3ciID.jpg',NULL,'jpg','110646',0,NULL,27,'App\\Models\\Inventory','2022-08-02 18:57:50','2022-08-02 18:57:50'),
	(274,'images/lE4Hsk6eKE.jpg','lE4Hsk6eKE.jpg',NULL,'jpg','184246',0,NULL,49,'App\\Models\\Inventory','2022-08-02 18:57:50','2022-08-02 18:57:50'),
	(275,'images/95YS1NgTwO.jpg','95YS1NgTwO.jpg',NULL,'jpg','47245',0,NULL,49,'App\\Models\\Inventory','2022-08-02 18:57:50','2022-08-02 18:57:50'),
	(276,'images/9gbqFNVjUa.jpg','9gbqFNVjUa.jpg',NULL,'jpg','6681',0,NULL,49,'App\\Models\\Inventory','2022-08-02 18:57:50','2022-08-02 18:57:50'),
	(277,'images/dIR2XUrN2a.jpg','dIR2XUrN2a.jpg',NULL,'jpg','100496',0,NULL,6,'App\\Models\\Inventory','2022-08-02 18:57:50','2022-08-02 18:57:50'),
	(278,'images/1B7Py2OfBp.jpg','1B7Py2OfBp.jpg',NULL,'jpg','32765',0,NULL,6,'App\\Models\\Inventory','2022-08-02 18:57:50','2022-08-02 18:57:50'),
	(279,'images/o316hTfszg.jpg','o316hTfszg.jpg',NULL,'jpg','77067',0,NULL,6,'App\\Models\\Inventory','2022-08-02 18:57:50','2022-08-02 18:57:50'),
	(280,'images/lXDzL8jipM.jpg','lXDzL8jipM.jpg',NULL,'jpg','61229',0,NULL,6,'App\\Models\\Inventory','2022-08-02 18:57:50','2022-08-02 18:57:50'),
	(281,'images/3zygWTbB7N.jpg','3zygWTbB7N.jpg',NULL,'jpg','159247',0,NULL,7,'App\\Models\\Inventory','2022-08-02 18:57:50','2022-08-02 18:57:50'),
	(282,'images/SFuSCKBCvV.jpg','SFuSCKBCvV.jpg',NULL,'jpg','9260',0,NULL,7,'App\\Models\\Inventory','2022-08-02 18:57:50','2022-08-02 18:57:50'),
	(283,'images/GKrpcuMNv0.jpg','GKrpcuMNv0.jpg',NULL,'jpg','12653',0,NULL,7,'App\\Models\\Inventory','2022-08-02 18:57:50','2022-08-02 18:57:50'),
	(284,'images/EGrRb5PDil.jpg','EGrRb5PDil.jpg',NULL,'jpg','474967',0,NULL,9,'App\\Models\\Inventory','2022-08-02 18:57:50','2022-08-02 18:57:50'),
	(285,'images/7ivIDXvo4n.jpg','7ivIDXvo4n.jpg',NULL,'jpg','320629',0,NULL,9,'App\\Models\\Inventory','2022-08-02 18:57:50','2022-08-02 18:57:50'),
	(286,'images/l5P477YRaH.jpg','l5P477YRaH.jpg',NULL,'jpg','396205',0,NULL,9,'App\\Models\\Inventory','2022-08-02 18:57:50','2022-08-02 18:57:50'),
	(287,'images/qFKQnJMNIm.jpg','qFKQnJMNIm.jpg',NULL,'jpg','415302',0,NULL,9,'App\\Models\\Inventory','2022-08-02 18:57:50','2022-08-02 18:57:50'),
	(288,'images/eoj7Jkuw1x.jpg','eoj7Jkuw1x.jpg',NULL,'jpg','128590',0,NULL,23,'App\\Models\\Inventory','2022-08-02 18:57:50','2022-08-02 18:57:50'),
	(289,'images/aVF3NFWaeF.jpeg','aVF3NFWaeF.jpeg',NULL,'jpeg','37291',0,NULL,23,'App\\Models\\Inventory','2022-08-02 18:57:50','2022-08-02 18:57:50'),
	(290,'images/2wCVsjxc3s.jpeg','2wCVsjxc3s.jpeg',NULL,'jpeg','107989',0,NULL,23,'App\\Models\\Inventory','2022-08-02 18:57:50','2022-08-02 18:57:50'),
	(291,'images/rVLwD7qrNe.png','rVLwD7qrNe.png',NULL,'png','451649',0,NULL,23,'App\\Models\\Inventory','2022-08-02 18:57:50','2022-08-02 18:57:50'),
	(292,'images/VX3CrfljI6.jpg','VX3CrfljI6.jpg',NULL,'jpg','277953',0,NULL,52,'App\\Models\\Inventory','2022-08-02 18:57:50','2022-08-02 18:57:50'),
	(293,'images/vmLtYiGTwB.jpg','vmLtYiGTwB.jpg',NULL,'jpg','876612',0,NULL,52,'App\\Models\\Inventory','2022-08-02 18:57:50','2022-08-02 18:57:50'),
	(294,'images/QnuPZmsTIY.jpg','QnuPZmsTIY.jpg',NULL,'jpg','342102',0,NULL,52,'App\\Models\\Inventory','2022-08-02 18:57:50','2022-08-02 18:57:50'),
	(295,'images/HJJ5DmJNn2.jpg','HJJ5DmJNn2.jpg',NULL,'jpg','216880',0,NULL,77,'App\\Models\\Inventory','2022-08-02 18:57:50','2022-08-02 18:57:50'),
	(296,'images/1CTwcZb6EG.jpg','1CTwcZb6EG.jpg',NULL,'jpg','173268',0,NULL,77,'App\\Models\\Inventory','2022-08-02 18:57:50','2022-08-02 18:57:50'),
	(297,'images/9d47NyaItX.jpg','9d47NyaItX.jpg',NULL,'jpg','158435',0,NULL,77,'App\\Models\\Inventory','2022-08-02 18:57:50','2022-08-02 18:57:50'),
	(298,'images/iZZ5R1yiFj.jpg','iZZ5R1yiFj.jpg',NULL,'jpg','147417',0,NULL,99,'App\\Models\\Inventory','2022-08-02 18:57:50','2022-08-02 18:57:50'),
	(299,'images/U8pdSHCTJO.jpg','U8pdSHCTJO.jpg',NULL,'jpg','117482',0,NULL,99,'App\\Models\\Inventory','2022-08-02 18:57:50','2022-08-02 18:57:50'),
	(300,'images/gPwaARQGcJ.jpg','gPwaARQGcJ.jpg',NULL,'jpg','128884',0,NULL,99,'App\\Models\\Inventory','2022-08-02 18:57:50','2022-08-02 18:57:50'),
	(301,'images/EzOW8ktUHl.jpg','EzOW8ktUHl.jpg',NULL,'jpg','167790',0,NULL,13,'App\\Models\\Inventory','2022-08-02 18:57:50','2022-08-02 18:57:50'),
	(302,'images/f3ztF81kbN.jpg','f3ztF81kbN.jpg',NULL,'jpg','69982',0,NULL,13,'App\\Models\\Inventory','2022-08-02 18:57:50','2022-08-02 18:57:50'),
	(303,'images/enjGa34z6e.jpg','enjGa34z6e.jpg',NULL,'jpg','6681',0,NULL,13,'App\\Models\\Inventory','2022-08-02 18:57:50','2022-08-02 18:57:50'),
	(304,'images/2Eev1ymhaW.jpg','2Eev1ymhaW.jpg',NULL,'jpg','47245',0,NULL,13,'App\\Models\\Inventory','2022-08-02 18:57:50','2022-08-02 18:57:50'),
	(305,'images/to3XLHRs2q.jpg','to3XLHRs2q.jpg',NULL,'jpg','202167',0,NULL,81,'App\\Models\\Inventory','2022-08-02 18:57:50','2022-08-02 18:57:50'),
	(306,'images/0R5AfwKi4I.jpg','0R5AfwKi4I.jpg',NULL,'jpg','167790',0,NULL,61,'App\\Models\\Inventory','2022-08-02 18:57:50','2022-08-02 18:57:50'),
	(307,'images/pmHSIjK3nc.jpg','pmHSIjK3nc.jpg',NULL,'jpg','69982',0,NULL,61,'App\\Models\\Inventory','2022-08-02 18:57:50','2022-08-02 18:57:50'),
	(308,'images/TVnOiTS3VZ.jpg','TVnOiTS3VZ.jpg',NULL,'jpg','6681',0,NULL,61,'App\\Models\\Inventory','2022-08-02 18:57:50','2022-08-02 18:57:50'),
	(309,'images/KzVnRQBv37.jpg','KzVnRQBv37.jpg',NULL,'jpg','47245',0,NULL,61,'App\\Models\\Inventory','2022-08-02 18:57:50','2022-08-02 18:57:50'),
	(310,'images/ZL09Jymhk7.jpg','ZL09Jymhk7.jpg',NULL,'jpg','142420',0,NULL,68,'App\\Models\\Inventory','2022-08-02 18:57:50','2022-08-02 18:57:50'),
	(311,'images/gQuZSy4lei.jpg','gQuZSy4lei.jpg',NULL,'jpg','83815',0,NULL,68,'App\\Models\\Inventory','2022-08-02 18:57:50','2022-08-02 18:57:50'),
	(312,'images/KvjDt4wmFP.jpg','KvjDt4wmFP.jpg',NULL,'jpg','21357',0,NULL,68,'App\\Models\\Inventory','2022-08-02 18:57:50','2022-08-02 18:57:50'),
	(313,'images/htIP4WbxyR.jpg','htIP4WbxyR.jpg',NULL,'jpg','143272',0,NULL,73,'App\\Models\\Inventory','2022-08-02 18:57:50','2022-08-02 18:57:50'),
	(314,'images/gNFlDdYklk.jpg','gNFlDdYklk.jpg',NULL,'jpg','290073',0,NULL,73,'App\\Models\\Inventory','2022-08-02 18:57:50','2022-08-02 18:57:50'),
	(315,'images/LAzIyWGmC1.jpg','LAzIyWGmC1.jpg',NULL,'jpg','339333',0,NULL,73,'App\\Models\\Inventory','2022-08-02 18:57:50','2022-08-02 18:57:50'),
	(316,'images/2KdMYLSiFs.jpg','2KdMYLSiFs.jpg',NULL,'jpg','122447',0,NULL,58,'App\\Models\\Inventory','2022-08-02 18:57:50','2022-08-02 18:57:50'),
	(317,'images/6t4OSvlPz6.jpg','6t4OSvlPz6.jpg',NULL,'jpg','41639',0,NULL,58,'App\\Models\\Inventory','2022-08-02 18:57:50','2022-08-02 18:57:50'),
	(318,'images/JGLt18TUkD.jpg','JGLt18TUkD.jpg',NULL,'jpg','61874',0,NULL,58,'App\\Models\\Inventory','2022-08-02 18:57:50','2022-08-02 18:57:50'),
	(319,'images/1umPenAg9M.jpg','1umPenAg9M.jpg',NULL,'jpg','277953',0,NULL,82,'App\\Models\\Inventory','2022-08-02 18:57:50','2022-08-02 18:57:50'),
	(320,'images/inNJ4zPFnG.jpg','inNJ4zPFnG.jpg',NULL,'jpg','876612',0,NULL,82,'App\\Models\\Inventory','2022-08-02 18:57:50','2022-08-02 18:57:50'),
	(321,'images/2AyA6jhKnw.jpg','2AyA6jhKnw.jpg',NULL,'jpg','342102',0,NULL,82,'App\\Models\\Inventory','2022-08-02 18:57:50','2022-08-02 18:57:50'),
	(322,'images/dbIkavIt8h.jpg','dbIkavIt8h.jpg',NULL,'jpg','202167',0,NULL,91,'App\\Models\\Inventory','2022-08-02 18:57:50','2022-08-02 18:57:50'),
	(323,'images/3CiIsNvbdL.jpg','3CiIsNvbdL.jpg',NULL,'jpg','118247',0,NULL,91,'App\\Models\\Inventory','2022-08-02 18:57:50','2022-08-02 18:57:50'),
	(324,'images/W8lMVUQvAq.jpg','W8lMVUQvAq.jpg',NULL,'jpg','219962',0,NULL,91,'App\\Models\\Inventory','2022-08-02 18:57:50','2022-08-02 18:57:50'),
	(325,'images/HtiBrXnjm9.jpg','HtiBrXnjm9.jpg',NULL,'jpg','100496',0,NULL,63,'App\\Models\\Inventory','2022-08-02 18:57:50','2022-08-02 18:57:50'),
	(326,'images/Lwca7D9Rm6.jpg','Lwca7D9Rm6.jpg',NULL,'jpg','32765',0,NULL,63,'App\\Models\\Inventory','2022-08-02 18:57:50','2022-08-02 18:57:50'),
	(327,'images/BxOnVKUojE.jpg','BxOnVKUojE.jpg',NULL,'jpg','77067',0,NULL,63,'App\\Models\\Inventory','2022-08-02 18:57:50','2022-08-02 18:57:50'),
	(328,'images/3sOTeMC1kI.jpg','3sOTeMC1kI.jpg',NULL,'jpg','61229',0,NULL,63,'App\\Models\\Inventory','2022-08-02 18:57:50','2022-08-02 18:57:50'),
	(329,'images/qW4M7uFnT3.jpg','qW4M7uFnT3.jpg',NULL,'jpg','225459',0,NULL,89,'App\\Models\\Inventory','2022-08-02 18:57:50','2022-08-02 18:57:50'),
	(330,'images/jUGjvGiCvH.jpg','jUGjvGiCvH.jpg',NULL,'jpg','244762',0,NULL,89,'App\\Models\\Inventory','2022-08-02 18:57:50','2022-08-02 18:57:50'),
	(331,'images/2GgbfVtGBY.jpg','2GgbfVtGBY.jpg',NULL,'jpg','345128',0,NULL,89,'App\\Models\\Inventory','2022-08-02 18:57:50','2022-08-02 18:57:50'),
	(332,'images/7MQXWHhdPR.jpg','7MQXWHhdPR.jpg',NULL,'jpg','216880',0,NULL,43,'App\\Models\\Inventory','2022-08-02 18:57:50','2022-08-02 18:57:50'),
	(333,'images/p0zSdTHk2u.jpg','p0zSdTHk2u.jpg',NULL,'jpg','173268',0,NULL,43,'App\\Models\\Inventory','2022-08-02 18:57:50','2022-08-02 18:57:50'),
	(334,'images/PxBYhpdyRT.jpg','PxBYhpdyRT.jpg',NULL,'jpg','158435',0,NULL,43,'App\\Models\\Inventory','2022-08-02 18:57:50','2022-08-02 18:57:50'),
	(335,'images/7eMKG0Ijes.jpg','7eMKG0Ijes.jpg',NULL,'jpg','214433',0,NULL,56,'App\\Models\\Inventory','2022-08-02 18:57:50','2022-08-02 18:57:50'),
	(336,'images/MDcJrXt4SN.jpg','MDcJrXt4SN.jpg',NULL,'jpg','140388',0,NULL,56,'App\\Models\\Inventory','2022-08-02 18:57:50','2022-08-02 18:57:50'),
	(337,'images/1rSf77oMxL.jpg','1rSf77oMxL.jpg',NULL,'jpg','123509',0,NULL,56,'App\\Models\\Inventory','2022-08-02 18:57:50','2022-08-02 18:57:50'),
	(338,'images/bRbthpbJE5.jpg','bRbthpbJE5.jpg',NULL,'jpg','85299',0,NULL,80,'App\\Models\\Inventory','2022-08-02 18:57:50','2022-08-02 18:57:50'),
	(339,'images/UOwkFnCZRK.jpg','UOwkFnCZRK.jpg',NULL,'jpg','21899',0,NULL,80,'App\\Models\\Inventory','2022-08-02 18:57:50','2022-08-02 18:57:50'),
	(340,'images/FJGWw9tudE.jpg','FJGWw9tudE.jpg',NULL,'jpg','498648',0,NULL,35,'App\\Models\\Inventory','2022-08-02 18:57:50','2022-08-02 18:57:50'),
	(341,'images/5mSWnQTIpx.jpg','5mSWnQTIpx.jpg',NULL,'jpg','478752',0,NULL,35,'App\\Models\\Inventory','2022-08-02 18:57:50','2022-08-02 18:57:50'),
	(342,'images/kT5AEBPRiV.jpg','kT5AEBPRiV.jpg',NULL,'jpg','167790',0,NULL,59,'App\\Models\\Inventory','2022-08-02 18:57:50','2022-08-02 18:57:50'),
	(343,'images/MKTKeNyZmz.jpg','MKTKeNyZmz.jpg',NULL,'jpg','69982',0,NULL,59,'App\\Models\\Inventory','2022-08-02 18:57:50','2022-08-02 18:57:50'),
	(344,'images/3Xb2xJUfbk.jpg','3Xb2xJUfbk.jpg',NULL,'jpg','6681',0,NULL,59,'App\\Models\\Inventory','2022-08-02 18:57:50','2022-08-02 18:57:50'),
	(345,'images/SexO2N7UDr.jpg','SexO2N7UDr.jpg',NULL,'jpg','47245',0,NULL,59,'App\\Models\\Inventory','2022-08-02 18:57:50','2022-08-02 18:57:50'),
	(346,'images/7OpYLjrgnf.jpg','7OpYLjrgnf.jpg',NULL,'jpg','145490',0,NULL,14,'App\\Models\\Inventory','2022-08-02 18:57:50','2022-08-02 18:57:50'),
	(347,'images/KX5uMDeDed.jpg','KX5uMDeDed.jpg',NULL,'jpg','463973',0,NULL,14,'App\\Models\\Inventory','2022-08-02 18:57:50','2022-08-02 18:57:50'),
	(348,'images/B0aBa2RirC.jpeg','B0aBa2RirC.jpeg',NULL,'jpeg','51467',0,NULL,14,'App\\Models\\Inventory','2022-08-02 18:57:50','2022-08-02 18:57:50'),
	(349,'images/qzGEyNrxry.jpg','qzGEyNrxry.jpg',NULL,'jpg','498648',0,NULL,54,'App\\Models\\Inventory','2022-08-02 18:57:50','2022-08-02 18:57:50'),
	(350,'images/bse7kAjkvG.jpg','bse7kAjkvG.jpg',NULL,'jpg','478752',0,NULL,54,'App\\Models\\Inventory','2022-08-02 18:57:50','2022-08-02 18:57:50'),
	(351,'images/42QNp2aT5m.jpg','42QNp2aT5m.jpg',NULL,'jpg','160529',0,NULL,71,'App\\Models\\Inventory','2022-08-02 18:57:50','2022-08-02 18:57:50'),
	(352,'images/3z92CXiKFV.png','3z92CXiKFV.png',NULL,'png','194838',0,NULL,71,'App\\Models\\Inventory','2022-08-02 18:57:50','2022-08-02 18:57:50'),
	(353,'images/ZBprtoQzV6.png','ZBprtoQzV6.png',NULL,'png','146865',0,NULL,71,'App\\Models\\Inventory','2022-08-02 18:57:50','2022-08-02 18:57:50'),
	(354,'images/IfNgEoDyb5.jpg','IfNgEoDyb5.jpg',NULL,'jpg','214433',0,NULL,87,'App\\Models\\Inventory','2022-08-02 18:57:50','2022-08-02 18:57:50'),
	(355,'images/g5l8yVljcF.jpg','g5l8yVljcF.jpg',NULL,'jpg','140388',0,NULL,87,'App\\Models\\Inventory','2022-08-02 18:57:50','2022-08-02 18:57:50'),
	(356,'images/0iDYBkg5Ff.jpg','0iDYBkg5Ff.jpg',NULL,'jpg','123509',0,NULL,87,'App\\Models\\Inventory','2022-08-02 18:57:50','2022-08-02 18:57:50'),
	(357,'images/RAjVtLi1Nt.jpg','RAjVtLi1Nt.jpg',NULL,'jpg','171460',0,NULL,10,'App\\Models\\Inventory','2022-08-02 18:57:50','2022-08-02 18:57:50'),
	(358,'images/GmA3QeOEII.jpg','GmA3QeOEII.jpg',NULL,'jpg','58348',0,NULL,10,'App\\Models\\Inventory','2022-08-02 18:57:50','2022-08-02 18:57:50'),
	(359,'images/I6odTWmaq5.jpg','I6odTWmaq5.jpg',NULL,'jpg','109255',0,NULL,57,'App\\Models\\Inventory','2022-08-02 18:57:50','2022-08-02 18:57:50'),
	(360,'images/OCa8GaHXZH.jpg','OCa8GaHXZH.jpg',NULL,'jpg','523497',0,NULL,57,'App\\Models\\Inventory','2022-08-02 18:57:50','2022-08-02 18:57:50'),
	(361,'images/jLKpaNzGKE.jpg','jLKpaNzGKE.jpg',NULL,'jpg','288333',0,NULL,57,'App\\Models\\Inventory','2022-08-02 18:57:50','2022-08-02 18:57:50'),
	(362,'images/utxFOFVEVR.jpg','utxFOFVEVR.jpg',NULL,'jpg','181830',0,NULL,57,'App\\Models\\Inventory','2022-08-02 18:57:50','2022-08-02 18:57:50'),
	(363,'images/YBYveXf7wy.jpg','YBYveXf7wy.jpg',NULL,'jpg','432508',0,NULL,57,'App\\Models\\Inventory','2022-08-02 18:57:50','2022-08-02 18:57:50'),
	(364,'images/tEMTOlAVdJ.jpg','tEMTOlAVdJ.jpg',NULL,'jpg','202845',0,NULL,57,'App\\Models\\Inventory','2022-08-02 18:57:50','2022-08-02 18:57:50'),
	(365,'images/CgZnEfcHjN.jpg','CgZnEfcHjN.jpg',NULL,'jpg','108709',0,NULL,5,'App\\Models\\Inventory','2022-08-02 18:57:50','2022-08-02 18:57:50'),
	(366,'images/tS6Uggl7pE.jpg','tS6Uggl7pE.jpg',NULL,'jpg','19446',0,NULL,5,'App\\Models\\Inventory','2022-08-02 18:57:50','2022-08-02 18:57:50'),
	(367,'images/ouqKRMm9Ck.jpg','ouqKRMm9Ck.jpg',NULL,'jpg','71204',0,NULL,20,'App\\Models\\Inventory','2022-08-02 18:57:50','2022-08-02 18:57:50'),
	(368,'images/XEMhF7BXL9.jpg','XEMhF7BXL9.jpg',NULL,'jpg','12787',0,NULL,20,'App\\Models\\Inventory','2022-08-02 18:57:50','2022-08-02 18:57:50'),
	(369,'images/Lzpuk9hQt3.jpg','Lzpuk9hQt3.jpg',NULL,'jpg','19339',0,NULL,20,'App\\Models\\Inventory','2022-08-02 18:57:50','2022-08-02 18:57:50'),
	(370,'images/zW6hdQypjF.jpg','zW6hdQypjF.jpg',NULL,'jpg','332245',0,NULL,41,'App\\Models\\Inventory','2022-08-02 18:57:50','2022-08-02 18:57:50'),
	(371,'images/R0DezkLQ6b.jpg','R0DezkLQ6b.jpg',NULL,'jpg','278426',0,NULL,41,'App\\Models\\Inventory','2022-08-02 18:57:50','2022-08-02 18:57:50'),
	(372,'images/RNOS9we6t6.jpg','RNOS9we6t6.jpg',NULL,'jpg','349716',0,NULL,30,'App\\Models\\Inventory','2022-08-02 18:57:50','2022-08-02 18:57:50'),
	(373,'images/j51zxFDOjt.jpg','j51zxFDOjt.jpg',NULL,'jpg','515075',0,NULL,30,'App\\Models\\Inventory','2022-08-02 18:57:50','2022-08-02 18:57:50'),
	(374,'images/9yLqxVYRlm.jpg','9yLqxVYRlm.jpg',NULL,'jpg','109255',0,NULL,16,'App\\Models\\Inventory','2022-08-02 18:57:50','2022-08-02 18:57:50'),
	(375,'images/HDK9SH3ysN.jpg','HDK9SH3ysN.jpg',NULL,'jpg','523497',0,NULL,16,'App\\Models\\Inventory','2022-08-02 18:57:50','2022-08-02 18:57:50'),
	(376,'images/0CIWVc0y1p.jpg','0CIWVc0y1p.jpg',NULL,'jpg','288333',0,NULL,16,'App\\Models\\Inventory','2022-08-02 18:57:50','2022-08-02 18:57:50'),
	(377,'images/eEd6s0vZ5b.jpg','eEd6s0vZ5b.jpg',NULL,'jpg','181830',0,NULL,16,'App\\Models\\Inventory','2022-08-02 18:57:50','2022-08-02 18:57:50'),
	(378,'images/XsJDZfj2W4.jpg','XsJDZfj2W4.jpg',NULL,'jpg','432508',0,NULL,16,'App\\Models\\Inventory','2022-08-02 18:57:50','2022-08-02 18:57:50'),
	(379,'images/JW5qB5wBUo.jpg','JW5qB5wBUo.jpg',NULL,'jpg','202845',0,NULL,16,'App\\Models\\Inventory','2022-08-02 18:57:50','2022-08-02 18:57:50'),
	(380,'images/PxSYiMfKr4.jpg','PxSYiMfKr4.jpg',NULL,'jpg','143272',0,NULL,102,'App\\Models\\Inventory','2022-08-02 18:57:50','2022-08-02 18:57:50'),
	(381,'images/u8XZc85E2K.jpg','u8XZc85E2K.jpg',NULL,'jpg','290073',0,NULL,102,'App\\Models\\Inventory','2022-08-02 18:57:50','2022-08-02 18:57:50'),
	(382,'images/V7aw3YpgWt.jpg','V7aw3YpgWt.jpg',NULL,'jpg','339333',0,NULL,102,'App\\Models\\Inventory','2022-08-02 18:57:50','2022-08-02 18:57:50'),
	(383,'images/mUfJEGSnFp.jpg','mUfJEGSnFp.jpg',NULL,'jpg','128590',0,NULL,42,'App\\Models\\Inventory','2022-08-02 18:57:50','2022-08-02 18:57:50'),
	(384,'images/xKPgpNOks3.jpeg','xKPgpNOks3.jpeg',NULL,'jpeg','37291',0,NULL,42,'App\\Models\\Inventory','2022-08-02 18:57:50','2022-08-02 18:57:50'),
	(385,'images/HB4ZOyrXaP.jpeg','HB4ZOyrXaP.jpeg',NULL,'jpeg','107989',0,NULL,42,'App\\Models\\Inventory','2022-08-02 18:57:50','2022-08-02 18:57:50'),
	(386,'images/08EssqO0lY.png','08EssqO0lY.png',NULL,'png','451649',0,NULL,42,'App\\Models\\Inventory','2022-08-02 18:57:50','2022-08-02 18:57:50'),
	(387,'images/J9yE9Hnmea.jpg','J9yE9Hnmea.jpg',NULL,'jpg','151281',0,NULL,103,'App\\Models\\Inventory','2022-08-02 18:57:50','2022-08-02 18:57:50'),
	(388,'images/YQMeLA3PNm.jpg','YQMeLA3PNm.jpg',NULL,'jpg','282307',0,NULL,103,'App\\Models\\Inventory','2022-08-02 18:57:50','2022-08-02 18:57:50'),
	(389,'images/miolz77sCI.jpg','miolz77sCI.jpg',NULL,'jpg','198579',0,NULL,103,'App\\Models\\Inventory','2022-08-02 18:57:50','2022-08-02 18:57:50'),
	(390,'images/Xh5zcTKyOY.jpg','Xh5zcTKyOY.jpg',NULL,'jpg','462235',0,NULL,103,'App\\Models\\Inventory','2022-08-02 18:57:50','2022-08-02 18:57:50'),
	(391,'images/Y92FQSja3G.jpg','Y92FQSja3G.jpg',NULL,'jpg','145810',0,NULL,104,'App\\Models\\Inventory','2022-08-02 18:57:50','2022-08-02 18:57:50'),
	(392,'images/rHp5QRUGKg.jpg','rHp5QRUGKg.jpg',NULL,'jpg','44668',0,NULL,104,'App\\Models\\Inventory','2022-08-02 18:57:50','2022-08-02 18:57:50'),
	(393,'images/MlwuqrgW04.jpg','MlwuqrgW04.jpg',NULL,'jpg','40482',0,NULL,104,'App\\Models\\Inventory','2022-08-02 18:57:50','2022-08-02 18:57:50'),
	(394,'images/6tYtnRZN19.jpg','6tYtnRZN19.jpg',NULL,'jpg','32457',0,NULL,104,'App\\Models\\Inventory','2022-08-02 18:57:50','2022-08-02 18:57:50'),
	(395,'images/5Z80dQsRQ6.jpg','5Z80dQsRQ6.jpg',NULL,'jpg','160529',0,NULL,31,'App\\Models\\Inventory','2022-08-02 18:57:50','2022-08-02 18:57:50'),
	(396,'images/zV8ItiVAEs.png','zV8ItiVAEs.png',NULL,'png','194838',0,NULL,31,'App\\Models\\Inventory','2022-08-02 18:57:50','2022-08-02 18:57:50'),
	(397,'images/0z6Z8MRbx9.png','0z6Z8MRbx9.png',NULL,'png','146865',0,NULL,31,'App\\Models\\Inventory','2022-08-02 18:57:50','2022-08-02 18:57:50'),
	(398,'images/vY1DL5J63G.jpg','vY1DL5J63G.jpg',NULL,'jpg','142420',0,NULL,8,'App\\Models\\Inventory','2022-08-02 18:57:50','2022-08-02 18:57:50'),
	(399,'images/uFx6PoRNGW.jpg','uFx6PoRNGW.jpg',NULL,'jpg','83815',0,NULL,8,'App\\Models\\Inventory','2022-08-02 18:57:50','2022-08-02 18:57:50'),
	(400,'images/dofboR4m1Q.jpg','dofboR4m1Q.jpg',NULL,'jpg','21357',0,NULL,8,'App\\Models\\Inventory','2022-08-02 18:57:50','2022-08-02 18:57:50'),
	(401,'images/IAvYXat6fT.jpg','IAvYXat6fT.jpg',NULL,'jpg','279672',0,NULL,72,'App\\Models\\Inventory','2022-08-02 18:57:50','2022-08-02 18:57:50'),
	(402,'images/P6ebKlotzz.jpg','P6ebKlotzz.jpg',NULL,'jpg','481848',0,NULL,72,'App\\Models\\Inventory','2022-08-02 18:57:50','2022-08-02 18:57:50'),
	(403,'images/dhRogEKTNi.jpg','dhRogEKTNi.jpg',NULL,'jpg','229615',0,NULL,72,'App\\Models\\Inventory','2022-08-02 18:57:50','2022-08-02 18:57:50'),
	(404,'images/tuz87UBXOj.jpg','tuz87UBXOj.jpg',NULL,'jpg','119626',0,NULL,85,'App\\Models\\Inventory','2022-08-02 18:57:50','2022-08-02 18:57:50'),
	(405,'images/rkzUNLxkil.jpg','rkzUNLxkil.jpg',NULL,'jpg','284150',0,NULL,85,'App\\Models\\Inventory','2022-08-02 18:57:50','2022-08-02 18:57:50'),
	(406,'images/LPfhu9Z3YM.jpg','LPfhu9Z3YM.jpg',NULL,'jpg','150367',0,NULL,95,'App\\Models\\Inventory','2022-08-02 18:57:50','2022-08-02 18:57:50'),
	(407,'images/NQZgHOrUxh.jpg','NQZgHOrUxh.jpg',NULL,'jpg','344533',0,NULL,95,'App\\Models\\Inventory','2022-08-02 18:57:50','2022-08-02 18:57:50'),
	(408,'images/xEW1ORaQ9U.jpg','xEW1ORaQ9U.jpg',NULL,'jpg','110646',0,NULL,95,'App\\Models\\Inventory','2022-08-02 18:57:50','2022-08-02 18:57:50'),
	(409,'images/c3fsGmOzWg.jpg','c3fsGmOzWg.jpg',NULL,'jpg','277953',0,NULL,22,'App\\Models\\Inventory','2022-08-02 18:57:50','2022-08-02 18:57:50'),
	(410,'images/1iVi6WDEm2.jpg','1iVi6WDEm2.jpg',NULL,'jpg','876612',0,NULL,22,'App\\Models\\Inventory','2022-08-02 18:57:50','2022-08-02 18:57:50'),
	(411,'images/ohHTRBHuBO.jpg','ohHTRBHuBO.jpg',NULL,'jpg','342102',0,NULL,22,'App\\Models\\Inventory','2022-08-02 18:57:50','2022-08-02 18:57:50'),
	(412,'images/Or6NJfUm09.jpg','Or6NJfUm09.jpg',NULL,'jpg','485590',0,NULL,32,'App\\Models\\Inventory','2022-08-02 18:57:50','2022-08-02 18:57:50'),
	(413,'images/o2mtLERuoM.jpg','o2mtLERuoM.jpg',NULL,'jpg','450759',0,NULL,32,'App\\Models\\Inventory','2022-08-02 18:57:50','2022-08-02 18:57:50'),
	(414,'images/InUyQnT9aR.jpg','InUyQnT9aR.jpg',NULL,'jpg','382586',0,NULL,32,'App\\Models\\Inventory','2022-08-02 18:57:50','2022-08-02 18:57:50'),
	(415,'images/9rSA0yLQV2.jpg','9rSA0yLQV2.jpg',NULL,'jpg','108709',0,NULL,106,'App\\Models\\Inventory','2022-08-02 18:57:50','2022-08-02 18:57:50'),
	(416,'images/FDyfakI5VJ.jpg','FDyfakI5VJ.jpg',NULL,'jpg','19446',0,NULL,106,'App\\Models\\Inventory','2022-08-02 18:57:50','2022-08-02 18:57:50'),
	(417,'images/twMnFXSoFB.jpg','twMnFXSoFB.jpg',NULL,'jpg','159247',0,NULL,3,'App\\Models\\Inventory','2022-08-02 18:57:50','2022-08-02 18:57:50'),
	(418,'images/KdWFggdOc1.jpg','KdWFggdOc1.jpg',NULL,'jpg','9260',0,NULL,3,'App\\Models\\Inventory','2022-08-02 18:57:50','2022-08-02 18:57:50'),
	(419,'images/ly9pHnBNbr.jpg','ly9pHnBNbr.jpg',NULL,'jpg','12653',0,NULL,3,'App\\Models\\Inventory','2022-08-02 18:57:50','2022-08-02 18:57:50'),
	(420,'images/cePSbc2sBh.jpg','cePSbc2sBh.jpg',NULL,'jpg','277953',0,NULL,4,'App\\Models\\Inventory','2022-08-02 18:57:50','2022-08-02 18:57:50'),
	(421,'images/D91y3hT1vd.jpg','D91y3hT1vd.jpg',NULL,'jpg','876612',0,NULL,4,'App\\Models\\Inventory','2022-08-02 18:57:50','2022-08-02 18:57:50'),
	(422,'images/2QzXSmDG9o.jpg','2QzXSmDG9o.jpg',NULL,'jpg','342102',0,NULL,4,'App\\Models\\Inventory','2022-08-02 18:57:50','2022-08-02 18:57:50'),
	(423,'images/TvBZJkGCQj.jpg','TvBZJkGCQj.jpg',NULL,'jpg','225459',0,NULL,62,'App\\Models\\Inventory','2022-08-02 18:57:50','2022-08-02 18:57:50'),
	(424,'images/PhdOJaPbHC.jpg','PhdOJaPbHC.jpg',NULL,'jpg','244762',0,NULL,62,'App\\Models\\Inventory','2022-08-02 18:57:50','2022-08-02 18:57:50'),
	(425,'images/6e07Xv5Atb.jpg','6e07Xv5Atb.jpg',NULL,'jpg','345128',0,NULL,62,'App\\Models\\Inventory','2022-08-02 18:57:50','2022-08-02 18:57:50'),
	(426,'images/PQWOhHnqtf.jpg','PQWOhHnqtf.jpg',NULL,'jpg','167790',0,NULL,67,'App\\Models\\Inventory','2022-08-02 18:57:50','2022-08-02 18:57:50'),
	(427,'images/HDoqEHaloi.jpg','HDoqEHaloi.jpg',NULL,'jpg','69982',0,NULL,67,'App\\Models\\Inventory','2022-08-02 18:57:50','2022-08-02 18:57:50'),
	(428,'images/agl7avCxP5.jpg','agl7avCxP5.jpg',NULL,'jpg','6681',0,NULL,67,'App\\Models\\Inventory','2022-08-02 18:57:50','2022-08-02 18:57:50'),
	(429,'images/az4nTIrHZ7.jpg','az4nTIrHZ7.jpg',NULL,'jpg','47245',0,NULL,67,'App\\Models\\Inventory','2022-08-02 18:57:50','2022-08-02 18:57:50'),
	(430,'images/qufeEM7rcx.jpg','qufeEM7rcx.jpg',NULL,'jpg','151281',0,NULL,79,'App\\Models\\Inventory','2022-08-02 18:57:50','2022-08-02 18:57:50'),
	(431,'images/R6LFTL2CQB.jpg','R6LFTL2CQB.jpg',NULL,'jpg','282307',0,NULL,79,'App\\Models\\Inventory','2022-08-02 18:57:50','2022-08-02 18:57:50'),
	(432,'images/arQN1mmi3Q.jpg','arQN1mmi3Q.jpg',NULL,'jpg','198579',0,NULL,79,'App\\Models\\Inventory','2022-08-02 18:57:50','2022-08-02 18:57:50'),
	(433,'images/JqjkTBPTq1.jpg','JqjkTBPTq1.jpg',NULL,'jpg','462235',0,NULL,79,'App\\Models\\Inventory','2022-08-02 18:57:50','2022-08-02 18:57:50'),
	(434,'images/gJmdgEuBAu.jpg','gJmdgEuBAu.jpg',NULL,'jpg','71204',0,NULL,94,'App\\Models\\Inventory','2022-08-02 18:57:50','2022-08-02 18:57:50'),
	(435,'images/F9pU1Hlw71.jpg','F9pU1Hlw71.jpg',NULL,'jpg','12787',0,NULL,94,'App\\Models\\Inventory','2022-08-02 18:57:50','2022-08-02 18:57:50'),
	(436,'images/oQmYeVyo9g.jpg','oQmYeVyo9g.jpg',NULL,'jpg','19339',0,NULL,94,'App\\Models\\Inventory','2022-08-02 18:57:50','2022-08-02 18:57:50'),
	(437,'images/YysFetV2cT.jpg','YysFetV2cT.jpg',NULL,'jpg','179703',0,NULL,12,'App\\Models\\Inventory','2022-08-02 18:57:50','2022-08-02 18:57:50'),
	(438,'images/XwEAii1w7b.jpg','XwEAii1w7b.jpg',NULL,'jpg','194943',0,NULL,12,'App\\Models\\Inventory','2022-08-02 18:57:50','2022-08-02 18:57:50'),
	(439,'images/PehORhqsHW.jpg','PehORhqsHW.jpg',NULL,'jpg','166868',0,NULL,12,'App\\Models\\Inventory','2022-08-02 18:57:50','2022-08-02 18:57:50'),
	(440,'images/sld9ZKxiFJ.jpg','sld9ZKxiFJ.jpg',NULL,'jpg','139886',0,NULL,84,'App\\Models\\Inventory','2022-08-02 18:57:50','2022-08-02 18:57:50'),
	(441,'images/JGNB2P1HlE.jpg','JGNB2P1HlE.jpg',NULL,'jpg','96212',0,NULL,84,'App\\Models\\Inventory','2022-08-02 18:57:50','2022-08-02 18:57:50'),
	(442,'images/oxZz9szQM8.jpg','oxZz9szQM8.jpg',NULL,'jpg','90308',0,NULL,84,'App\\Models\\Inventory','2022-08-02 18:57:50','2022-08-02 18:57:50'),
	(443,'images/P0l3ue1ZKR.jpg','P0l3ue1ZKR.jpg',NULL,'jpg','145490',0,NULL,19,'App\\Models\\Inventory','2022-08-02 18:57:50','2022-08-02 18:57:50'),
	(444,'images/bbbSKgfwPk.jpg','bbbSKgfwPk.jpg',NULL,'jpg','463973',0,NULL,19,'App\\Models\\Inventory','2022-08-02 18:57:50','2022-08-02 18:57:50'),
	(445,'images/eLJ1BkN8k9.jpeg','eLJ1BkN8k9.jpeg',NULL,'jpeg','51467',0,NULL,19,'App\\Models\\Inventory','2022-08-02 18:57:50','2022-08-02 18:57:50'),
	(446,'images/1hEKqNUzJl.jpg','1hEKqNUzJl.jpg',NULL,'jpg','214433',0,NULL,75,'App\\Models\\Inventory','2022-08-02 18:57:50','2022-08-02 18:57:50'),
	(447,'images/xN4Yx6WifW.jpg','xN4Yx6WifW.jpg',NULL,'jpg','140388',0,NULL,75,'App\\Models\\Inventory','2022-08-02 18:57:50','2022-08-02 18:57:50'),
	(448,'images/5qw01EL6OZ.jpg','5qw01EL6OZ.jpg',NULL,'jpg','123509',0,NULL,75,'App\\Models\\Inventory','2022-08-02 18:57:50','2022-08-02 18:57:50'),
	(449,'images/H0WYd7rtDF.jpg','H0WYd7rtDF.jpg',NULL,'jpg','251632',0,NULL,24,'App\\Models\\Inventory','2022-08-02 18:57:50','2022-08-02 18:57:50'),
	(450,'images/b2JHO8r9Si.jpg','b2JHO8r9Si.jpg',NULL,'jpg','188413',0,NULL,24,'App\\Models\\Inventory','2022-08-02 18:57:50','2022-08-02 18:57:50'),
	(451,'images/5981EM6PcT.jpg','5981EM6PcT.jpg',NULL,'jpg','405851',0,NULL,24,'App\\Models\\Inventory','2022-08-02 18:57:50','2022-08-02 18:57:50'),
	(452,'images/49Mc32zexS.jpg','49Mc32zexS.jpg',NULL,'jpg','437710',0,NULL,24,'App\\Models\\Inventory','2022-08-02 18:57:50','2022-08-02 18:57:50'),
	(453,'images/Rcw20OIyi6.jpg','Rcw20OIyi6.jpg',NULL,'jpg','194770',0,NULL,18,'App\\Models\\Inventory','2022-08-02 18:57:50','2022-08-02 18:57:50'),
	(454,'images/f9GKbx7jp0.jpg','f9GKbx7jp0.jpg',NULL,'jpg','22030',0,NULL,18,'App\\Models\\Inventory','2022-08-02 18:57:50','2022-08-02 18:57:50'),
	(455,'images/HNQMiwxWZs.jpeg','HNQMiwxWZs.jpeg',NULL,'jpeg','6878',0,NULL,18,'App\\Models\\Inventory','2022-08-02 18:57:50','2022-08-02 18:57:50'),
	(456,'images/tXMu4AmLcF.jpg','tXMu4AmLcF.jpg',NULL,'jpg','44992',0,NULL,18,'App\\Models\\Inventory','2022-08-02 18:57:50','2022-08-02 18:57:50'),
	(457,'images/OhwMFsgTdD.jpg','OhwMFsgTdD.jpg',NULL,'jpg','14210',0,NULL,18,'App\\Models\\Inventory','2022-08-02 18:57:50','2022-08-02 18:57:50'),
	(458,'images/SfingQEIVZ.jpg','SfingQEIVZ.jpg',NULL,'jpg','474967',0,NULL,92,'App\\Models\\Inventory','2022-08-02 18:57:50','2022-08-02 18:57:50'),
	(459,'images/FBWZNStQcy.jpg','FBWZNStQcy.jpg',NULL,'jpg','320629',0,NULL,92,'App\\Models\\Inventory','2022-08-02 18:57:50','2022-08-02 18:57:50'),
	(460,'images/IlgC4HZeQR.jpg','IlgC4HZeQR.jpg',NULL,'jpg','396205',0,NULL,92,'App\\Models\\Inventory','2022-08-02 18:57:50','2022-08-02 18:57:50'),
	(461,'images/T3XGaTzCp1.jpg','T3XGaTzCp1.jpg',NULL,'jpg','415302',0,NULL,92,'App\\Models\\Inventory','2022-08-02 18:57:50','2022-08-02 18:57:50'),
	(462,'images/KRWMruVdEx.jpg','KRWMruVdEx.jpg',NULL,'jpg','366988',0,NULL,76,'App\\Models\\Inventory','2022-08-02 18:57:50','2022-08-02 18:57:50'),
	(463,'images/NIt8o0YfQC.jpg','NIt8o0YfQC.jpg',NULL,'jpg','430417',0,NULL,76,'App\\Models\\Inventory','2022-08-02 18:57:50','2022-08-02 18:57:50'),
	(464,'images/5DpbNRpMHM.jpg','5DpbNRpMHM.jpg',NULL,'jpg','128590',0,NULL,93,'App\\Models\\Inventory','2022-08-02 18:57:50','2022-08-02 18:57:50'),
	(465,'images/nN1x0ipoNg.jpeg','nN1x0ipoNg.jpeg',NULL,'jpeg','37291',0,NULL,93,'App\\Models\\Inventory','2022-08-02 18:57:50','2022-08-02 18:57:50'),
	(466,'images/modzanQ29Z.jpeg','modzanQ29Z.jpeg',NULL,'jpeg','107989',0,NULL,93,'App\\Models\\Inventory','2022-08-02 18:57:50','2022-08-02 18:57:50'),
	(467,'images/sfpr2h1JSG.png','sfpr2h1JSG.png',NULL,'png','451649',0,NULL,93,'App\\Models\\Inventory','2022-08-02 18:57:50','2022-08-02 18:57:50'),
	(468,'images/Pyj1yL47yh.jpg','Pyj1yL47yh.jpg',NULL,'jpg','105039',0,NULL,55,'App\\Models\\Inventory','2022-08-02 18:57:50','2022-08-02 18:57:50'),
	(469,'images/49mUVrtSLY.jpg','49mUVrtSLY.jpg',NULL,'jpg','29912',0,NULL,55,'App\\Models\\Inventory','2022-08-02 18:57:50','2022-08-02 18:57:50'),
	(470,'images/DSNv7JPen6.jpg','DSNv7JPen6.jpg',NULL,'jpg','150546',0,NULL,66,'App\\Models\\Inventory','2022-08-02 18:57:50','2022-08-02 18:57:50'),
	(471,'images/XHBZy8S4n6.jpg','XHBZy8S4n6.jpg',NULL,'jpg','23875',0,NULL,66,'App\\Models\\Inventory','2022-08-02 18:57:50','2022-08-02 18:57:50'),
	(472,'images/apyWzhuXWh.jpg','apyWzhuXWh.jpg',NULL,'jpg','63923',0,NULL,66,'App\\Models\\Inventory','2022-08-02 18:57:50','2022-08-02 18:57:50'),
	(473,'images/Kp6ra2DjjO.jpg','Kp6ra2DjjO.jpg',NULL,'jpg','150367',0,NULL,38,'App\\Models\\Inventory','2022-08-02 18:57:50','2022-08-02 18:57:50'),
	(474,'images/oD0BTgzJE9.jpg','oD0BTgzJE9.jpg',NULL,'jpg','344533',0,NULL,38,'App\\Models\\Inventory','2022-08-02 18:57:50','2022-08-02 18:57:50'),
	(475,'images/W7FQ0dHOyG.jpg','W7FQ0dHOyG.jpg',NULL,'jpg','110646',0,NULL,38,'App\\Models\\Inventory','2022-08-02 18:57:50','2022-08-02 18:57:50'),
	(476,'images/747tusLMdm.jpg','747tusLMdm.jpg',NULL,'jpg','498648',0,NULL,44,'App\\Models\\Inventory','2022-08-02 18:57:50','2022-08-02 18:57:50'),
	(477,'images/fad2eq3E9o.jpg','fad2eq3E9o.jpg',NULL,'jpg','478752',0,NULL,44,'App\\Models\\Inventory','2022-08-02 18:57:50','2022-08-02 18:57:50'),
	(478,'images/xIgWaA0HVQ.jpeg','xIgWaA0HVQ.jpeg',NULL,'jpeg','133945',0,NULL,45,'App\\Models\\Inventory','2022-08-02 18:57:50','2022-08-02 18:57:50'),
	(479,'images/N60bmfJRDy.jpg','N60bmfJRDy.jpg',NULL,'jpg','227200',0,NULL,45,'App\\Models\\Inventory','2022-08-02 18:57:50','2022-08-02 18:57:50'),
	(480,'images/HnZ250PYYf.jpg','HnZ250PYYf.jpg',NULL,'jpg','122447',0,NULL,40,'App\\Models\\Inventory','2022-08-02 18:57:50','2022-08-02 18:57:50'),
	(481,'images/WMCp5pfwjz.jpg','WMCp5pfwjz.jpg',NULL,'jpg','41639',0,NULL,40,'App\\Models\\Inventory','2022-08-02 18:57:50','2022-08-02 18:57:50'),
	(482,'images/d9cTZDkX9J.jpg','d9cTZDkX9J.jpg',NULL,'jpg','61874',0,NULL,40,'App\\Models\\Inventory','2022-08-02 18:57:50','2022-08-02 18:57:50'),
	(483,'images/LLIX6qX9Hn.jpg','LLIX6qX9Hn.jpg',NULL,'jpg','139886',0,NULL,100,'App\\Models\\Inventory','2022-08-02 18:57:50','2022-08-02 18:57:50'),
	(484,'images/07jvFIQyFd.jpg','07jvFIQyFd.jpg',NULL,'jpg','96212',0,NULL,100,'App\\Models\\Inventory','2022-08-02 18:57:50','2022-08-02 18:57:50'),
	(485,'images/8BjOh3OSD8.jpg','8BjOh3OSD8.jpg',NULL,'jpg','90308',0,NULL,100,'App\\Models\\Inventory','2022-08-02 18:57:50','2022-08-02 18:57:50'),
	(486,'images/Do4fPjpgyC.jpg','Do4fPjpgyC.jpg',NULL,'jpg','145490',0,NULL,105,'App\\Models\\Inventory','2022-08-02 18:57:50','2022-08-02 18:57:50'),
	(487,'images/PsPA6VWRIj.jpg','PsPA6VWRIj.jpg',NULL,'jpg','463973',0,NULL,105,'App\\Models\\Inventory','2022-08-02 18:57:50','2022-08-02 18:57:50'),
	(488,'images/kQJpX363ja.jpeg','kQJpX363ja.jpeg',NULL,'jpeg','51467',0,NULL,105,'App\\Models\\Inventory','2022-08-02 18:57:50','2022-08-02 18:57:50'),
	(489,'images/tPAT6uvd2X.jpg','tPAT6uvd2X.jpg',NULL,'jpg','202167',0,NULL,15,'App\\Models\\Inventory','2022-08-02 18:57:50','2022-08-02 18:57:50'),
	(490,'images/PhcIOIY31R.jpg','PhcIOIY31R.jpg',NULL,'jpg','118247',0,NULL,15,'App\\Models\\Inventory','2022-08-02 18:57:50','2022-08-02 18:57:50'),
	(491,'images/xCnvQXIx4u.jpg','xCnvQXIx4u.jpg',NULL,'jpg','219962',0,NULL,15,'App\\Models\\Inventory','2022-08-02 18:57:50','2022-08-02 18:57:50'),
	(492,'images/yvOZFU6r2G.jpg','yvOZFU6r2G.jpg',NULL,'jpg','474967',0,NULL,78,'App\\Models\\Inventory','2022-08-02 18:57:50','2022-08-02 18:57:50'),
	(493,'images/6H5T5hWarP.jpg','6H5T5hWarP.jpg',NULL,'jpg','320629',0,NULL,78,'App\\Models\\Inventory','2022-08-02 18:57:50','2022-08-02 18:57:50'),
	(494,'images/KvEOIYHMIl.jpg','KvEOIYHMIl.jpg',NULL,'jpg','396205',0,NULL,78,'App\\Models\\Inventory','2022-08-02 18:57:50','2022-08-02 18:57:50'),
	(495,'images/02NsvsjUfC.jpg','02NsvsjUfC.jpg',NULL,'jpg','415302',0,NULL,78,'App\\Models\\Inventory','2022-08-02 18:57:50','2022-08-02 18:57:50'),
	(496,'images/blog_2.png','blog_2.png','cover','png','0',0,1,2,'App\\Models\\Blog','2022-08-02 18:57:50','2022-08-02 18:57:50'),
	(497,'images/blog_4.png','blog_4.png','cover','png','0',0,1,4,'App\\Models\\Blog','2022-08-02 18:57:50','2022-08-02 18:57:50'),
	(498,'images/blog_5.png','blog_5.png','cover','png','0',0,1,5,'App\\Models\\Blog','2022-08-02 18:57:50','2022-08-02 18:57:50'),
	(499,'images/blog_3.png','blog_3.png','cover','png','0',0,1,3,'App\\Models\\Blog','2022-08-02 18:57:50','2022-08-02 18:57:50'),
	(500,'images/blog_1.png','blog_1.png','cover','png','0',0,1,1,'App\\Models\\Blog','2022-08-02 18:57:50','2022-08-02 18:57:50'),
	(501,'images/NBF2skQTx4.jpg','NBF2skQTx4.jpg','feature','jpg','207019',1,1,1,'App\\Models\\Slider','2022-08-02 18:57:51','2022-08-02 18:57:51'),
	(502,'images/KV1zYUenwR.jpg','KV1zYUenwR.jpg','mobile','jpg','167914',1,0,1,'App\\Models\\Slider','2022-08-02 18:57:51','2022-08-02 18:57:51'),
	(503,'images/z9iCFTL8At.jpg','z9iCFTL8At.jpg','feature','jpg','152330',2,1,2,'App\\Models\\Slider','2022-08-02 18:57:51','2022-08-02 18:57:51'),
	(504,'images/YBPzVQjB3O.jpg','YBPzVQjB3O.jpg','mobile','jpg','141704',2,0,2,'App\\Models\\Slider','2022-08-02 18:57:51','2022-08-02 18:57:51'),
	(505,'images/JIZvvQBbWh.jpg','JIZvvQBbWh.jpg','feature','jpg','158289',3,1,3,'App\\Models\\Slider','2022-08-02 18:57:51','2022-08-02 18:57:51'),
	(506,'images/8KUaOX2foK.jpg','8KUaOX2foK.jpg','mobile','jpg','152569',3,0,3,'App\\Models\\Slider','2022-08-02 18:57:51','2022-08-02 18:57:51'),
	(507,'images/mVO46CBGcZ.jpg','mVO46CBGcZ.jpg','feature','jpg','252680',4,1,4,'App\\Models\\Slider','2022-08-02 18:57:51','2022-08-02 18:57:51'),
	(508,'images/D5QIIH0tiE.jpg','D5QIIH0tiE.jpg','mobile','jpg','120619',4,0,4,'App\\Models\\Slider','2022-08-02 18:57:51','2022-08-02 18:57:51'),
	(509,'images/HOlzLtsCM9.jpg','HOlzLtsCM9.jpg','feature','jpg','0',0,1,1,'App\\Models\\Banner','2022-08-02 18:57:51','2022-08-02 18:57:51'),
	(510,'images/Kwn78z7jz9.jpg','Kwn78z7jz9.jpg','feature','jpg','0',0,1,2,'App\\Models\\Banner','2022-08-02 18:57:51','2022-08-02 18:57:51'),
	(511,'images/ANEIMDmqLl.jpg','ANEIMDmqLl.jpg','feature','jpg','0',0,1,3,'App\\Models\\Banner','2022-08-02 18:57:51','2022-08-02 18:57:51'),
	(512,'images/GEQ4ImLNIU.jpg','GEQ4ImLNIU.jpg','feature','jpg','0',0,1,4,'App\\Models\\Banner','2022-08-02 18:57:51','2022-08-02 18:57:51'),
	(513,'images/YgxS34cMAI.jpg','YgxS34cMAI.jpg','feature','jpg','0',0,1,5,'App\\Models\\Banner','2022-08-02 18:57:51','2022-08-02 18:57:51'),
	(514,'images/iZkRDniPCn.jpg','iZkRDniPCn.jpg','feature','jpg','0',0,1,6,'App\\Models\\Banner','2022-08-02 18:57:51','2022-08-02 18:57:51'),
	(515,'images/Pxc9g6R2zm.jpg','Pxc9g6R2zm.jpg','feature','jpg','0',0,1,7,'App\\Models\\Banner','2022-08-02 18:57:51','2022-08-02 18:57:51'),
	(516,'images/drTnF2H6kp.jpg','drTnF2H6kp.jpg','feature','jpg','0',0,1,8,'App\\Models\\Banner','2022-08-02 18:57:51','2022-08-02 18:57:51'),
	(517,'images/GmBRWL3AXY.jpg','GmBRWL3AXY.jpg','feature','jpg','0',0,1,9,'App\\Models\\Banner','2022-08-02 18:57:51','2022-08-02 18:57:51'),
	(518,'images/iFdVF1pfWF.jpg','iFdVF1pfWF.jpg','feature','jpg','0',0,1,10,'App\\Models\\Banner','2022-08-02 18:57:51','2022-08-02 18:57:51'),
	(519,'images/IPyiTz85QW.jpg','IPyiTz85QW.jpg','feature','jpg','0',0,NULL,9,'App\\Models\\Manufacturer','2022-08-02 18:57:52','2022-08-02 18:57:52'),
	(520,'images/0JGDqVA8zi.jpg','0JGDqVA8zi.jpg','feature','jpg','0',0,NULL,11,'App\\Models\\Manufacturer','2022-08-02 18:57:52','2022-08-02 18:57:52'),
	(521,'images/8hZFH7us2m.jpg','8hZFH7us2m.jpg','feature','jpg','0',0,NULL,12,'App\\Models\\Manufacturer','2022-08-02 18:57:52','2022-08-02 18:57:52'),
	(522,'images/LfcIc7mfqK.jpg','LfcIc7mfqK.jpg','feature','jpg','0',0,NULL,1,'App\\Models\\Category','2022-08-02 18:57:52','2022-08-02 18:57:52'),
	(523,'images/ILQPab7Nzx.jpg','ILQPab7Nzx.jpg','feature','jpg','0',0,NULL,2,'App\\Models\\Category','2022-08-02 18:57:52','2022-08-02 18:57:52'),
	(524,'images/W0P2yMaSdD.jpg','W0P2yMaSdD.jpg','feature','jpg','0',0,NULL,3,'App\\Models\\Category','2022-08-02 18:57:52','2022-08-02 18:57:52'),
	(525,'images/LGQ194rOkH.jpg','LGQ194rOkH.jpg','feature','jpg','0',0,NULL,4,'App\\Models\\Category','2022-08-02 18:57:52','2022-08-02 18:57:52'),
	(526,'images/mwpOJzWAPZ.jpg','mwpOJzWAPZ.jpg','feature','jpg','0',0,NULL,5,'App\\Models\\Category','2022-08-02 18:57:52','2022-08-02 18:57:52'),
	(527,'images/XEzukGk8Ck.jpg','XEzukGk8Ck.jpg','feature','jpg','0',0,NULL,7,'App\\Models\\Category','2022-08-02 18:57:52','2022-08-02 18:57:52'),
	(528,'images/v5fd1V4ioK.jpg','v5fd1V4ioK.jpg','feature','jpg','0',0,NULL,8,'App\\Models\\Category','2022-08-02 18:57:52','2022-08-02 18:57:52'),
	(529,'images/78sbwTiTTf.jpg','78sbwTiTTf.jpg','feature','jpg','0',0,NULL,10,'App\\Models\\Category','2022-08-02 18:57:52','2022-08-02 18:57:52'),
	(530,'images/6GiYtL6mYz.jpg','6GiYtL6mYz.jpg','feature','jpg','0',0,NULL,19,'App\\Models\\Category','2022-08-02 18:57:52','2022-08-02 18:57:52'),
	(531,'images/JlG6R2seAe.jpg','JlG6R2seAe.jpg','feature','jpg','0',0,NULL,34,'App\\Models\\Category','2022-08-02 18:57:52','2022-08-02 18:57:52'),
	(532,'images/utCwyb7ebr.jpg','utCwyb7ebr.jpg','feature','jpg','0',0,NULL,5,'App\\Models\\Category','2022-08-02 18:57:52','2022-08-02 18:57:52'),
	(533,'images/CPrsAPtwIG.png','CPrsAPtwIG.png','logo','png','0',0,NULL,1,'App\\Models\\Manufacturer','2022-08-02 18:57:52','2022-08-02 18:57:52'),
	(534,'images/qhUooFyxIB.png','qhUooFyxIB.png','logo','png','0',0,NULL,3,'App\\Models\\Manufacturer','2022-08-02 18:57:52','2022-08-02 18:57:52'),
	(535,'images/UpCZ5M3vZN.png','UpCZ5M3vZN.png','logo','png','0',0,NULL,9,'App\\Models\\Manufacturer','2022-08-02 18:57:52','2022-08-02 18:57:52'),
	(536,'images/4MjXzxfx0q.png','4MjXzxfx0q.png','logo','png','0',0,NULL,13,'App\\Models\\Manufacturer','2022-08-02 18:57:52','2022-08-02 18:57:52'),
	(537,'images/lg2Ku3dtov.png','lg2Ku3dtov.png','logo','png','0',0,NULL,4,'App\\Models\\Manufacturer','2022-08-02 18:57:52','2022-08-02 18:57:52'),
	(538,'images/nqov9cjcY6.png','nqov9cjcY6.png','logo','png','0',0,NULL,5,'App\\Models\\Manufacturer','2022-08-02 18:57:52','2022-08-02 18:57:52'),
	(539,'images/vmfmF59kom.png','vmfmF59kom.png','logo','png','0',0,NULL,6,'App\\Models\\Manufacturer','2022-08-02 18:57:52','2022-08-02 18:57:52'),
	(540,'images/oRZbQI0PQf.png','oRZbQI0PQf.png','logo','png','0',0,NULL,11,'App\\Models\\Manufacturer','2022-08-02 18:57:52','2022-08-02 18:57:52'),
	(541,'images/VMdESp9mOJ.png','VMdESp9mOJ.png','logo','png','0',0,NULL,8,'App\\Models\\Manufacturer','2022-08-02 18:57:52','2022-08-02 18:57:52'),
	(542,'images/Zwlgdd9aN8.png','Zwlgdd9aN8.png','logo','png','0',0,NULL,16,'App\\Models\\Manufacturer','2022-08-02 18:57:52','2022-08-02 18:57:52'),
	(543,'images/lXKDeGRpqf.png','lXKDeGRpqf.png','logo','png','0',0,NULL,14,'App\\Models\\Manufacturer','2022-08-02 18:57:52','2022-08-02 18:57:52'),
	(544,'images/SkuMymGgu1.png','SkuMymGgu1.png','logo','png','0',0,NULL,7,'App\\Models\\Manufacturer','2022-08-02 18:57:52','2022-08-02 18:57:52'),
	(545,'images/og3ncA2TA9.png','og3ncA2TA9.png','logo','png','0',0,NULL,10,'App\\Models\\Manufacturer','2022-08-02 18:57:52','2022-08-02 18:57:52'),
	(546,'images/ype7RX4dXx.png','ype7RX4dXx.png','logo','png','0',0,NULL,12,'App\\Models\\Manufacturer','2022-08-02 18:57:52','2022-08-02 18:57:52'),
	(547,'images/wL7Spoly0e.png','wL7Spoly0e.png','logo','png','0',0,NULL,15,'App\\Models\\Manufacturer','2022-08-02 18:57:52','2022-08-02 18:57:52'),
	(548,'images/ugM59UJJIL.png','ugM59UJJIL.png','logo','png','0',0,NULL,2,'App\\Models\\Manufacturer','2022-08-02 18:57:52','2022-08-02 18:57:52');

/*!40000 ALTER TABLE `images` ENABLE KEYS */;


# Dump of table inspections
# ------------------------------------------------------------

DROP TABLE IF EXISTS `inspections`;

CREATE TABLE `inspections` (
  `id` bigint(20) unsigned NOT NULL AUTO_INCREMENT,
  `inspectable_type` varchar(255) COLLATE utf8mb3_unicode_ci NOT NULL,
  `inspectable_id` bigint(20) unsigned NOT NULL,
  `caught` longtext COLLATE utf8mb3_unicode_ci NOT NULL,
  `field_name` varchar(255) COLLATE utf8mb3_unicode_ci NOT NULL,
  `status` tinyint(4) NOT NULL DEFAULT 2,
  `attempts` int(11) NOT NULL DEFAULT 1,
  `created_at` timestamp NULL DEFAULT NULL,
  `updated_at` timestamp NULL DEFAULT NULL,
  PRIMARY KEY (`id`),
  KEY `inspections_inspectable_type_inspectable_id_index` (`inspectable_type`,`inspectable_id`)
) ENGINE=InnoDB DEFAULT CHARSET=utf8mb3 COLLATE=utf8mb3_unicode_ci;



# Dump of table inventories
# ------------------------------------------------------------

DROP TABLE IF EXISTS `inventories`;

CREATE TABLE `inventories` (
  `id` bigint(20) unsigned NOT NULL AUTO_INCREMENT,
  `shop_id` int(10) unsigned DEFAULT NULL,
  `title` text COLLATE utf8mb3_unicode_ci NOT NULL,
  `warehouse_id` int(10) unsigned DEFAULT NULL,
  `product_id` bigint(20) unsigned NOT NULL,
  `brand` varchar(255) COLLATE utf8mb3_unicode_ci DEFAULT NULL,
  `supplier_id` int(10) unsigned DEFAULT NULL,
  `sku` varchar(200) COLLATE utf8mb3_unicode_ci NOT NULL,
  `condition` enum('New','Used','Refurbished') COLLATE utf8mb3_unicode_ci NOT NULL,
  `condition_note` text COLLATE utf8mb3_unicode_ci DEFAULT NULL,
  `description` longtext COLLATE utf8mb3_unicode_ci DEFAULT NULL,
  `key_features` text COLLATE utf8mb3_unicode_ci DEFAULT NULL,
  `stock_quantity` int(11) NOT NULL DEFAULT 0,
  `damaged_quantity` int(11) DEFAULT NULL,
  `user_id` bigint(20) unsigned DEFAULT NULL,
  `purchase_price` decimal(20,6) DEFAULT NULL,
  `sale_price` decimal(20,6) NOT NULL,
  `offer_price` decimal(20,6) DEFAULT NULL,
  `offer_start` timestamp NULL DEFAULT NULL,
  `offer_end` timestamp NULL DEFAULT NULL,
  `shipping_weight` decimal(20,2) DEFAULT NULL,
  `free_shipping` tinyint(1) DEFAULT NULL,
  `available_from` timestamp NOT NULL DEFAULT current_timestamp(),
  `min_order_quantity` int(11) NOT NULL DEFAULT 1,
  `slug` varchar(200) COLLATE utf8mb3_unicode_ci NOT NULL,
  `linked_items` text COLLATE utf8mb3_unicode_ci DEFAULT NULL,
  `meta_title` text COLLATE utf8mb3_unicode_ci DEFAULT NULL,
  `meta_description` longtext COLLATE utf8mb3_unicode_ci DEFAULT NULL,
  `stuff_pick` tinyint(1) DEFAULT NULL,
  `active` tinyint(1) NOT NULL DEFAULT 1,
  `deleted_at` timestamp NULL DEFAULT NULL,
  `created_at` timestamp NULL DEFAULT NULL,
  `updated_at` timestamp NULL DEFAULT NULL,
  `inspection_status` tinyint(4) NOT NULL DEFAULT 1,
  PRIMARY KEY (`id`),
  UNIQUE KEY `inventories_slug_unique` (`slug`),
  KEY `inventories_product_id_foreign` (`product_id`),
  CONSTRAINT `inventories_product_id_foreign` FOREIGN KEY (`product_id`) REFERENCES `products` (`id`) ON DELETE CASCADE
) ENGINE=InnoDB DEFAULT CHARSET=utf8mb3 COLLATE=utf8mb3_unicode_ci;

/*!40000 ALTER TABLE `inventories` DISABLE KEYS */;

INSERT INTO `inventories` (`id`, `shop_id`, `title`, `warehouse_id`, `product_id`, `brand`, `supplier_id`, `sku`, `condition`, `condition_note`, `description`, `key_features`, `stock_quantity`, `damaged_quantity`, `user_id`, `purchase_price`, `sale_price`, `offer_price`, `offer_start`, `offer_end`, `shipping_weight`, `free_shipping`, `available_from`, `min_order_quantity`, `slug`, `linked_items`, `meta_title`, `meta_description`, `stuff_pick`, `active`, `deleted_at`, `created_at`, `updated_at`, `inspection_status`)
VALUES
	(1,4,'Iure quo vel eos repellat.',NULL,1,'Bednar Inc',5,'ipsa','Used','I\'ll kick you down stairs!\' \'That is not said right,\' said the Cat. \'I said pig,\' replied Alice; \'and I wish you could keep it to his son, \'I feared it might tell her something worth hearing. For.','Dignissimos repellat est omnis et et suscipit quod et. Laborum esse omnis deleniti saepe. Sunt natus dolorem odit fugit facere voluptatem mollitia. Ab est omnis ut at. Voluptas blanditiis enim eum consequatur qui. Alias cupiditate eligendi minus. At cupiditate fugit non natus voluptatem sit. Ea voluptate quis sequi provident consequuntur. Veritatis necessitatibus sed repellendus repellendus possimus facilis. Enim cum et dolor sunt. Maxime quibusdam eos eius eaque minus impedit quisquam. Velit occaecati voluptas illo eum. Et mollitia quaerat odio voluptatem unde optio. A rem magni et. Repudiandae neque est ut et fuga. Occaecati ea quod voluptatem praesentium quia quo sit quis. Non consequatur reiciendis voluptates inventore. Natus voluptas voluptatem aperiam beatae dignissimos eos. Aut aut voluptatem non et esse. Nihil vel maxime aut non a animi vel. Cum asperiores et at quasi ut id. Fuga sint repellat aliquam quos. Velit eligendi reprehenderit ut blanditiis a. Corporis voluptas cum quia quis. Vel dolores tempore qui nobis commodi. Eos aut minima corporis itaque cupiditate quis voluptatem. Iusto mollitia qui quis nostrum sed. Inventore accusamus esse quia expedita quis qui. Nesciunt alias est dolorem esse quam. Quia in fugit sunt omnis quibusdam inventore dolorem aut. Maxime iste praesentium officia nobis cum autem. Quod aut et adipisci ipsa. Odio eveniet sit libero reprehenderit voluptate.','a:7:{i:0;s:52:\"Fugit facilis nemo facere et dolores dolor mollitia.\";i:1;s:34:\"Similique omnis aut molestiae eos.\";i:2;s:28:\"Ipsam et id pariatur qui id.\";i:3;s:43:\"Ut aliquam repellat sed aut eos cupiditate.\";i:4;s:51:\"Qui est facilis numquam culpa itaque qui minus est.\";i:5;s:25:\"Fuga omnis dolor hic quo.\";i:6;s:27:\"Animi rerum rem atque enim.\";}',18,0,3,226.128900,303.128900,241.128900,'2022-08-02 18:57:00','2022-08-21 18:57:00',899.00,0,'2022-08-01 18:57:00',1,'abc-xyz-listing-123','a:2:{i:0;i:12;i:1;i:25;}','Temporibus ut et placeat.','Caterpillar. \'Well, I can\'t quite follow it as a boon, Was kindly permitted to pocket the spoon: While the Duchess to play with, and oh! ever so many tea-things are put out here?\' she asked. \'Yes.',0,1,NULL,'2022-07-24 18:57:47','2022-07-29 18:57:47',1),
	(2,5,'Hic vel suscipit quibusdam et ullam voluptas nulla.',NULL,15,'Kovacek Group',5,'aut','Used','I dare say there may be ONE.\' \'One, indeed!\' said the youth, \'and your jaws are too weak For anything tougher than suet; Yet you balanced an eel on the spot.\' This did not look at me like that!\' \'I.','Nihil suscipit id quo consectetur reprehenderit et praesentium. Perferendis quidem laboriosam eos porro. Id dolorem eligendi ut corporis maxime neque. Repellendus velit doloribus hic culpa aspernatur. Doloremque molestiae dolore veniam. Omnis omnis quo sit quam dolore aspernatur. Et ea rem culpa voluptatem sed totam velit. Tempora id qui atque et voluptatem et. Consectetur sint eius dignissimos eius repudiandae explicabo. Ut dolor nemo facere accusantium. In provident ipsam provident. Dolor ut perferendis aut aperiam unde enim nihil. Nam necessitatibus minus in quo rem. Dolorem iste eum asperiores facere sint. Id numquam commodi sint nihil eum suscipit. Velit velit laborum nihil molestiae. Incidunt eos eos perferendis iusto dolores. Cum vero officiis sed earum hic dolor itaque consequatur. Et totam nulla corporis nisi maxime minima voluptatem id. Ea voluptas consequatur mollitia et et. Qui optio earum odio ex iusto ipsam ratione architecto. Eum aperiam placeat recusandae consequatur quia quia dolorum. Alias sed quod quas sed nam dolor alias. Ea possimus consequatur unde placeat. Qui fuga aliquam earum repudiandae. Asperiores minima cumque et consequatur possimus. Et animi in non qui id. Quia fugiat illo autem blanditiis iusto non ipsam. Ut voluptate ullam ab atque. Dolor suscipit quas ut molestiae veniam tempora dolorem. Labore autem et enim debitis et necessitatibus eum et. Deserunt et voluptates et accusantium porro.','a:7:{i:0;s:53:\"Qui iure quis non nihil doloremque consequatur eaque.\";i:1;s:55:\"Accusantium ratione sit ut ratione libero sit repellat.\";i:2;s:68:\"Quisquam facilis reprehenderit in maiores provident quia nemo magni.\";i:3;s:52:\"Voluptatibus consequatur atque quo magnam aut nihil.\";i:4;s:45:\"Rerum quos aperiam amet voluptatem provident.\";i:5;s:42:\"Et nobis inventore neque quos et corrupti.\";i:6;s:61:\"Doloremque et dolores voluptas distinctio repudiandae qui ut.\";}',30,0,3,184.821922,383.821922,NULL,NULL,NULL,1368.00,1,'2022-07-30 18:57:00',1,'voluptas-nihil-non-hic-neque-et-quis','a:2:{i:0;i:23;i:1;i:26;}','Quia commodi dolor veniam nam.','The poor little thing sat down at once, and ran the faster, while more and more faintly came, carried on the second time round, she came in with the Duchess, who seemed too much frightened that she.',1,1,NULL,'2022-07-18 18:57:47','2022-08-02 18:57:47',1),
	(3,3,'Aliquid dicta maiores consectetur maxime ducimus.',NULL,39,'Nader PLC',4,'ut','Refurbished','Alice, and tried to fancy what the next witness.\' And he added in a piteous tone. And she began thinking over other children she knew she had put on your head-- Do you think you could only see her.','Voluptatum commodi occaecati et ipsum neque quisquam. Eligendi error quae dolorum voluptas fugit dolor. Placeat nobis velit facere quam. Quis aliquam illo temporibus nisi quo perferendis aliquid magni. Nulla aliquam at neque. Expedita reprehenderit nisi nemo eos ut ea quibusdam et. In ab eligendi dolorem voluptatem vero illum ullam. Enim enim quia hic quo repellendus. Nihil quia quae et quo. Omnis quibusdam sequi vero rerum eaque ipsa beatae ut. Tempore sit nihil vero libero voluptas consequuntur. Mollitia quia reiciendis consequatur deleniti ex. Et dolores illo mollitia tempora. Doloribus exercitationem asperiores quae architecto. Fugit aut voluptas quod error dolores autem ab. Quibusdam eos ex expedita quo quam esse eveniet. Ut ipsum ea et tenetur recusandae. Assumenda voluptatibus aspernatur molestias est et debitis. Ipsa et eos at autem laudantium. Nemo voluptatem et quo qui qui qui doloribus. Vitae et accusamus et est. Et ea ex molestiae iure adipisci labore. Ut veniam debitis consectetur est. Consequatur ipsam in mollitia aspernatur dolore velit. Tenetur inventore quasi vero molestiae qui. Est odio natus harum rerum esse ad molestiae. Et animi mollitia quaerat eveniet libero nobis. Eveniet voluptatem quo expedita saepe. Maiores quo animi commodi unde ipsum. Laborum numquam qui enim blanditiis rerum non blanditiis at. Id natus non sit.','a:7:{i:0;s:50:\"Nihil modi id eos est necessitatibus quod ratione.\";i:1;s:56:\"Sed odio dolor pariatur laborum quisquam possimus eaque.\";i:2;s:30:\"Earum esse totam soluta eaque.\";i:3;s:39:\"Voluptatum quia itaque totam fuga enim.\";i:4;s:47:\"Laborum non id sequi facilis et odit molestiae.\";i:5;s:50:\"Voluptatum fugit dolore nihil illum assumenda sit.\";i:6;s:50:\"Totam rerum et provident omnis tempora soluta vel.\";}',69,0,3,346.000000,467.000000,201.000000,'2022-08-02 18:57:00','2022-08-18 18:57:00',783.00,0,'2022-07-31 18:57:00',1,'facilis-quasi-consequuntur-aut-libero-corrupti','a:2:{i:0;i:15;i:1;i:34;}','Qui quia in praesentium et sunt eaque dolor.','The rabbit-hole went straight on like a candle. I wonder if I chose,\' the Duchess was VERY ugly; and secondly, because she was quite a commotion in the pool, \'and she sits purring so nicely by the.',0,1,NULL,'2022-07-19 18:57:47','2022-08-02 18:57:47',1),
	(4,1,'Veniam facere deleniti est quo nesciunt.',NULL,39,'Bednar Inc',4,'nam','Refurbished','I\'ll be jury,\" Said cunning old Fury: \"I\'ll try the patience of an oyster!\' \'I wish the creatures wouldn\'t be so proud as all that.\' \'With extras?\' asked the Mock Turtle replied in an offended tone.','Quia culpa repellat velit eaque dolore aut iure. Est eaque nihil mollitia et sunt quisquam sit voluptatem. Adipisci fuga minus possimus ratione nesciunt dolor rerum dicta. Est et doloremque rerum quis architecto dolor. Qui temporibus illum dolore itaque est ut minus. Impedit porro expedita fugit ipsa quam repellat id optio. Dolores voluptas voluptate repellendus porro id voluptas voluptatibus. Qui sit vel voluptas rerum consequatur porro iusto dignissimos. Et vel laboriosam omnis et veniam omnis aut. Voluptas dicta consequatur sed nesciunt corrupti. Nobis iste incidunt nemo porro voluptas. Delectus vero a laudantium id. Voluptatem magni beatae numquam saepe et qui. Unde ipsum quia et numquam libero in illum. Possimus dolores incidunt et enim voluptatem minus ad laborum. Est est aliquam consequatur ea. Dolores laboriosam nam id ut aut ipsa expedita. Natus sit voluptatum corporis aut enim animi praesentium. Nemo aspernatur recusandae facere a tempora et. Totam dolorem amet quod quia amet quaerat. Similique eius reprehenderit reprehenderit ut. Dolorem quia et incidunt voluptatem pariatur quibusdam doloribus. Reiciendis dolorem qui et dolor. Dolore non voluptates perspiciatis id. Odio est vel omnis aut deleniti quo. At ducimus optio deleniti facere deleniti officia. Saepe voluptatibus voluptatem aliquid est perspiciatis voluptates illo quia. Ea minima iste nihil atque id non. Cupiditate ea id quia quis temporibus nihil. Quia impedit et rerum vero labore.','a:7:{i:0;s:75:\"Consequatur quibusdam cum quam reiciendis architecto dolores qui assumenda.\";i:1;s:36:\"Illo consequuntur quia quis commodi.\";i:2;s:46:\"Dolores aut cupiditate autem reprehenderit id.\";i:3;s:35:\"Ea suscipit in odio sequi pariatur.\";i:4;s:24:\"Et dolorem at animi non.\";i:5;s:51:\"Impedit fugiat dolorum autem repellat perspiciatis.\";i:6;s:41:\"Labore deleniti soluta eum et eveniet id.\";}',88,0,3,341.600000,421.600000,NULL,NULL,NULL,354.00,0,'2022-07-30 18:57:00',1,'cum-voluptates-fugiat-et-provident-consequatur-ut-doloremque','a:2:{i:0;i:6;i:1;i:41;}','Ullam numquam enim a et velit.','I\'ve finished.\' So they couldn\'t get them out with his head!\' or \'Off with his head!\' or \'Off with her head!\' Those whom she sentenced were taken into custody by the White Rabbit: it was very fond.',0,1,NULL,'2022-07-21 18:57:47','2022-07-30 18:57:47',1),
	(5,2,'Temporibus libero ipsam dolor aut saepe qui praesentium in.',NULL,31,'Kovacek Group',4,'labore','Used','Caterpillar. Alice said very humbly; \'I won\'t indeed!\' said the Cat. \'I said pig,\' replied Alice; \'and I do wonder what they WILL do next! If they had at the great concert given by the carrier,\' she.','Eum fugiat velit officia ipsum voluptas sint qui. A mollitia soluta maiores accusantium molestiae dolor sed velit. Aut voluptatibus amet ut et est dolorem dolorem ut. Blanditiis eos impedit quis adipisci ab perferendis. Provident ut labore omnis exercitationem. Est ex voluptatem cum delectus. Sed numquam consequatur cum nemo officia. Velit aut quos qui rerum sit et. Saepe sint unde aut voluptas sint doloribus. Fuga natus dolorum dignissimos enim rerum aspernatur. Nihil dolorem aut officiis nam temporibus odit aut. Perspiciatis aut quibusdam illo numquam voluptatibus distinctio sint. Facere iusto quo porro. Quasi non sequi cum voluptatem. In officiis velit qui deserunt et facilis similique. Soluta tempore nisi nulla voluptas quod. Sapiente aut blanditiis quasi voluptas quo quo. Quibusdam officiis voluptas iure ut molestiae. Sed quos asperiores dolores maiores veritatis nostrum beatae. Voluptatem consequatur necessitatibus cumque labore quam rerum suscipit et. Sequi labore perspiciatis inventore voluptas porro. Et suscipit quod nostrum quia odit ut. Tenetur doloremque enim quia molestiae corporis. Corrupti animi fugit rerum minima. Molestiae eaque consectetur sed dolores eos quos eligendi. Ut quidem fugiat ut nobis explicabo magnam. Ipsam facere iste corporis nemo. Eius reprehenderit quis expedita quia non aut. Excepturi atque quas ut.','a:7:{i:0;s:37:\"Praesentium est dolor in ullam alias.\";i:1;s:48:\"Ipsa odio nihil voluptas in iusto ea recusandae.\";i:2;s:60:\"Beatae pariatur et incidunt tempore ea eaque ut repellendus.\";i:3;s:41:\"Commodi autem cupiditate et sint dolorem.\";i:4;s:41:\"Quo exercitationem sit porro delectus ut.\";i:5;s:52:\"Ipsum quis nostrum placeat nesciunt molestias et et.\";i:6;s:65:\"Neque qui corrupti ab necessitatibus est praesentium perferendis.\";}',59,0,3,184.665489,310.665489,NULL,NULL,NULL,246.00,0,'2022-07-30 18:57:00',1,'est-quod-minima-quasi-recusandae-sit-consequuntur-totam','a:3:{i:0;i:2;i:1;i:21;i:2;i:32;}','Aut iure et consequuntur quasi.','Alice. \'Did you say things are worse than ever,\' thought the poor little feet, I wonder what CAN have happened to you? Tell us all about for them, but they all crowded round her at the stick.',0,1,NULL,'2022-07-30 18:57:47','2022-07-18 18:57:47',1),
	(6,3,'Rerum velit inventore et et in omnis quia.',NULL,18,'Bartoletti-Wiegand',5,'quis','Refurbished','Turtle.\' These words were followed by a very grave voice, \'until all the party went back for a minute or two. \'They couldn\'t have done just as if she had read several nice little histories about.','Vero exercitationem esse dignissimos. Et aut repellendus iure voluptas quidem. Odit dolore voluptates accusamus et qui eveniet eligendi. Nobis deserunt est odio eos. Temporibus consequatur voluptas omnis quidem enim. Temporibus quis maxime sed magni voluptates a quae. Magnam quas aut provident. Voluptatem architecto est iure quos. Aut distinctio enim eos quasi enim architecto quasi in. Dolor placeat debitis impedit ipsa vitae sunt. Enim molestias nihil perspiciatis fuga. Dolor sit accusamus tempora accusantium sapiente accusamus. Nulla maiores quasi laudantium quo voluptatum. Nihil magni porro ad harum nesciunt. Consectetur autem pariatur consequatur maiores consequuntur quisquam totam. Non inventore nihil illo cum officia occaecati enim accusantium. Possimus laudantium delectus corrupti et iste. Aperiam et error id odit nemo et. Aut quod aut doloribus dolores. Sint perspiciatis sit reprehenderit eos id asperiores beatae officiis. Perferendis soluta ad ut aspernatur exercitationem. Dignissimos nostrum perspiciatis maxime voluptates iusto. Facilis qui odit assumenda facere quisquam. Et iusto natus quidem aut. Rem illo sapiente nobis saepe non. Unde iure magnam sunt voluptatem. Doloremque repellendus voluptatem magnam commodi consequuntur repudiandae facilis. Mollitia nesciunt dignissimos placeat et. Ut aut sit nisi explicabo.','a:7:{i:0;s:46:\"Et voluptas fuga minima esse et ut dolore nam.\";i:1;s:29:\"Hic occaecati vel laudantium.\";i:2;s:40:\"Exercitationem illo fuga eius dolor rem.\";i:3;s:25:\"Ad quo reiciendis et eos.\";i:4;s:61:\"Odio deleniti et debitis repellendus velit occaecati numquam.\";i:5;s:22:\"Eum id veniam eum non.\";i:6;s:51:\"Quae repellendus aliquam facilis soluta quasi quod.\";}',39,0,3,70.317300,124.317300,103.317300,'2022-08-02 18:57:00','2022-08-12 18:57:00',1432.00,0,'2022-07-30 18:57:00',1,'quis-deserunt-qui-ut-aliquid-autem','a:3:{i:0;i:13;i:1;i:29;i:2;i:37;}','Itaque aut et et est molestiae voluptas quisquam.','They all made a dreadfully ugly child: but it was labelled \'ORANGE MARMALADE\', but to her great disappointment it was her turn or not. So she began nibbling at the Queen, \'and he shall tell you his.',1,1,NULL,'2022-07-30 18:57:47','2022-07-26 18:57:47',1),
	(7,1,'Et assumenda animi fugiat recusandae reiciendis molestiae est.',NULL,18,'Bednar Inc',2,'ut','Used','Alice thought she might as well say,\' added the Queen. \'I never could abide figures!\' And with that she did so, and giving it a little startled when she looked back once or twice, and shook itself.','Aut assumenda est et illo quod. Neque doloribus quibusdam et nostrum consequatur quos officiis molestias. Ducimus deleniti et aut et. Et molestiae et molestiae officiis quas possimus. Voluptatem aspernatur adipisci saepe et a numquam nihil aut. Est vero id quo aliquid. Dolorem libero nulla aut quia sunt sed. Dolorum minus iste ad inventore est architecto rem. Perferendis qui omnis eos dolor iusto. Ea beatae itaque autem et voluptatem dolore. Nostrum dolores dolorem placeat excepturi enim voluptates. Eos tempora at et. At odit qui iusto quos necessitatibus nihil quas provident. Dignissimos ex cupiditate eligendi repudiandae saepe sint. Omnis aut ut quisquam delectus voluptatem qui. Velit nihil molestiae mollitia incidunt iure. Reiciendis accusamus eos et sint dolorum. Optio quos a enim et maxime. Velit consectetur dignissimos sed officiis. Autem quibusdam aut delectus ea ipsam debitis eos omnis. Fugit tempora veniam qui eum eum quia voluptatem quo. Dolorem sit ut est eveniet consequatur voluptatem. Est incidunt at quod. Magni ipsum hic culpa rerum eveniet omnis. Dolor voluptatem minima qui est. Aliquid quas ea autem porro ipsa similique. Suscipit debitis maxime doloremque temporibus atque. Sequi quo nisi velit dolores nam et placeat sit. Sed aperiam dolorem voluptatibus explicabo. Quibusdam natus maxime ut laborum consequuntur occaecati. Accusantium veniam fuga possimus aut omnis aliquid. Aut ex quo eveniet at ipsum.','a:7:{i:0;s:31:\"Iste debitis aut reprehenderit.\";i:1;s:39:\"Dolor porro voluptas sint unde et esse.\";i:2;s:42:\"Consequuntur laborum quis illo aspernatur.\";i:3;s:57:\"Voluptas esse necessitatibus sint eius omnis repudiandae.\";i:4;s:37:\"Voluptatem enim illum velit dolor et.\";i:5;s:49:\"Consequuntur fuga eos repellendus deserunt atque.\";i:6;s:46:\"Consequatur distinctio sapiente aut nemo amet.\";}',61,0,3,187.586812,331.586812,149.586812,'2022-08-02 18:57:00','2022-08-14 18:57:00',1081.00,0,'2022-07-30 18:57:00',1,'dolores-dolor-eius-explicabo-ut-quia','a:2:{i:0;i:16;i:1;i:32;}','Aut libero beatae quibusdam rerum.','Hatter. He came in sight of the gloves, and was just in time to see it quite plainly through the glass, and she trembled till she had got so much into the air off all its feet at once, she found her.',0,1,NULL,'2022-07-27 18:57:47','2022-07-30 18:57:47',1),
	(8,2,'Cum fugit accusantium distinctio distinctio earum.',NULL,37,'acme',3,'eos','Refurbished','I\'ve got to grow up again! Let me see: I\'ll give them a new idea to Alice, and she dropped it hastily, just in time to hear her try and repeat \"\'TIS THE VOICE OF THE SLUGGARD,\"\' said the Duchess.','Aliquam assumenda ipsa voluptate cum. Sit quaerat ipsam facilis iure iusto reiciendis autem. Ipsum voluptates consequatur vitae alias amet et doloribus. Vel ut laboriosam facere aperiam deleniti eos qui praesentium. Temporibus ad deleniti ipsam ut qui. Omnis qui nemo ad perspiciatis. Laboriosam quos hic eaque possimus ipsum omnis nulla. Ea sit sint tenetur nobis. Ut earum maiores temporibus accusantium nemo. Est consequatur possimus ipsam praesentium aut corrupti quo repudiandae. Magnam voluptatibus magnam veritatis iste aut mollitia pariatur. Et et itaque facilis. Expedita et blanditiis quis accusantium placeat. Sequi nostrum quae enim consectetur autem praesentium. Reiciendis consequuntur itaque sed consequatur nihil ut quis. Et velit qui porro aperiam assumenda. Iure perspiciatis doloribus eaque enim assumenda error. Incidunt voluptate iusto aut. Omnis vitae reprehenderit cupiditate commodi at labore libero. Explicabo omnis reprehenderit sequi rerum aut sint. Facere consequatur deserunt modi. Veniam est et at eum nobis consequatur. Aut totam eligendi rerum labore. Minus vero consequatur laboriosam deleniti. Ipsam voluptas recusandae repellendus voluptatem. Molestias dolor rerum qui delectus minima ad. Aut minima quos voluptatem pariatur magnam natus eaque. Ut voluptatem quo ut impedit ipsum quaerat. Aut qui rerum sed voluptatem. Qui aut minus possimus et. Dolorem id magnam autem consectetur nihil doloribus numquam. Hic unde natus hic ipsa mollitia qui dolorum error.','a:7:{i:0;s:31:\"Dolor dolorum placeat incidunt.\";i:1;s:35:\"Nihil minus incidunt occaecati est.\";i:2;s:34:\"Qui aut blanditiis officia itaque.\";i:3;s:56:\"Perferendis ut rem possimus dolor iure numquam deserunt.\";i:4;s:56:\"Doloribus repellat enim consectetur pariatur quasi sunt.\";i:5;s:28:\"Quasi vel tempore doloribus.\";i:6;s:72:\"Quisquam voluptatem corporis quod error sapiente blanditiis dignissimos.\";}',56,0,3,278.023490,289.023490,NULL,NULL,NULL,1111.00,0,'2022-07-30 18:57:00',1,'ut-iure-ut-quo-nostrum-corrupti','a:3:{i:0;i:7;i:1;i:31;i:2;i:40;}','Sunt minima et unde ut.','Dodo solemnly presented the thimble, saying \'We beg your pardon!\' cried Alice again, in a VERY good opportunity for showing off a little pattering of footsteps in the wood,\' continued the Hatter.',1,1,NULL,'2022-08-01 18:57:47','2022-08-02 18:57:47',1),
	(9,4,'Ex aut sapiente harum unde dicta velit unde quia.',NULL,18,'Nader PLC',5,'earum','Used','She got up in a game of croquet she was ready to agree to everything that was linked into hers began to feel which way I ought to tell its age, there was the cat.) \'I hope they\'ll remember her.','Et recusandae ut commodi maxime. Eius tempore earum sapiente eius dolorem et amet. Sunt nesciunt nulla qui. Quidem ut ducimus amet recusandae asperiores. Nobis sit aspernatur nostrum nobis odio. Est explicabo consequuntur quis rerum. Velit rerum totam et quaerat quos temporibus. Debitis qui reiciendis laudantium sit aperiam ut. Praesentium laudantium voluptate optio aspernatur aut modi. Omnis repellat optio neque natus sit unde autem. Ipsa dolores accusamus pariatur est ea aut voluptatibus. Vel possimus magnam est voluptatem ea animi sapiente. Et voluptatum odit praesentium velit aut aut. Velit ullam suscipit iure quis ut et. Perspiciatis autem eos culpa consequatur harum quas aspernatur. Necessitatibus quis exercitationem voluptatem commodi dolor. Soluta vel repellat praesentium ipsa. Error possimus rerum commodi. Nobis repellat aut odio molestias in. At consequatur accusamus provident corporis architecto possimus. Quaerat aliquam pariatur blanditiis mollitia exercitationem eligendi. Aut vero eos ut soluta sit molestias incidunt eos. Cum rem voluptatem dolorem et nam aut et. Iste non accusamus voluptas. Ut qui voluptatum quo dolores dolor qui dolorum ut. Voluptatibus dolorem sit maxime. Rerum quis consequuntur qui omnis earum beatae sapiente. Vero est qui praesentium tenetur et quae dolorem officia. Laboriosam magni officia accusamus aliquam aut.','a:7:{i:0;s:50:\"Minima magnam fugiat atque nihil saepe dolorum ea.\";i:1;s:33:\"Recusandae qui quia qui ad illum.\";i:2;s:51:\"Voluptatem nam tempora est iste qui quo voluptatum.\";i:3;s:46:\"Ex non et aut pariatur architecto repudiandae.\";i:4;s:63:\"Architecto veniam odio est in officia tenetur nulla distinctio.\";i:5;s:66:\"Odio quaerat illum inventore est ut consequatur deleniti eligendi.\";i:6;s:39:\"Repellendus in distinctio omnis maxime.\";}',24,0,3,295.454815,307.454815,131.454815,'2022-08-02 18:57:00','2022-08-17 18:57:00',1044.00,1,'2022-07-31 18:57:00',1,'maiores-suscipit-aut-praesentium-ut','a:3:{i:0;i:24;i:1;i:38;i:2;i:45;}','Dolores doloribus fugit sit laboriosam occaecati alias dignissimos.','Alice: \'three inches is such a long breath, and said to herself what such an extraordinary ways of living would be wasting our breath.\" \"I\'ll be judge, I\'ll be jury,\" Said cunning old Fury: \"I\'ll.',0,1,NULL,'2022-07-20 18:57:47','2022-07-22 18:57:47',1),
	(10,5,'Sed sed sunt dolor recusandae.',NULL,30,'Nicolas-Skiles',1,'dicta','New','Alice went timidly up to the King, and the others looked round also, and all sorts of things, and she, oh! she knows such a curious dream!\' said Alice, in a trembling voice:-- \'I passed by his.','Itaque velit ut rerum recusandae perspiciatis maiores beatae. Rerum provident adipisci quod enim iusto. Molestiae modi odio quidem hic ut perspiciatis. Velit commodi neque consectetur aspernatur in sit. Consequatur aut aut qui sed ut consectetur eum porro. Et soluta error quod dolor. Excepturi animi doloribus fuga nobis suscipit. Dolore impedit velit placeat et ea aliquam tempore. Et molestiae dolores iste nam fuga voluptatibus. Eum unde sit at voluptas. Dolorem sint facilis doloremque voluptatum ipsum. Qui amet non et. Ipsum ut voluptas sapiente qui ratione molestias. Ea non ut velit minus nemo eligendi esse. Voluptatem et commodi omnis aperiam delectus eos consequatur. Facilis eos voluptas autem voluptatibus aspernatur. Quisquam vitae quibusdam dolore nesciunt aut. Laudantium blanditiis aut nihil et id assumenda. Ut ducimus nihil quos in nostrum sit. Totam rerum totam est unde dolorem. Amet rerum quis provident est cumque. Aut nulla sed temporibus consectetur magnam ducimus cupiditate. Laudantium officiis aut ut eum vitae. Delectus nisi sit officiis sequi eligendi excepturi commodi. Cupiditate error molestiae excepturi. Aut aliquam beatae facilis molestiae incidunt. Consequatur sit laborum excepturi facilis nihil quo. Qui et facere non inventore. Rerum quia distinctio culpa sed quos cum. Animi eius alias saepe aliquid natus omnis tempore.','a:7:{i:0;s:25:\"Officiis et ut quo nobis.\";i:1;s:70:\"Fuga exercitationem culpa cupiditate sunt exercitationem quo et porro.\";i:2;s:29:\"Est tempora reiciendis totam.\";i:3;s:57:\"Quia laboriosam quo quas temporibus ut non quibusdam aut.\";i:4;s:51:\"Facere aliquam nihil tenetur necessitatibus quidem.\";i:5;s:36:\"Tempora dolorum commodi autem totam.\";i:6;s:24:\"Magni illo aliquid quia.\";}',14,0,3,177.970000,225.970000,NULL,NULL,NULL,1277.00,0,'2022-07-31 18:57:00',1,'id-illum-voluptates-nulla-aut-autem','a:3:{i:0;i:8;i:1;i:22;i:2;i:23;}','Praesentium cum assumenda officiis amet et quaerat ut.','He moved on as he spoke. \'UNimportant, of course, Alice could see it trot away quietly into the garden door. Poor Alice! It was the King; and as for the garden!\' and she at once crowded round her.',1,1,NULL,'2022-07-30 18:57:47','2022-07-18 18:57:47',1),
	(11,4,'Reiciendis vitae id consectetur voluptatem qui quia.',NULL,14,'Mayert-Ryan',4,'sed','Used','This answer so confused poor Alice, \'when one wasn\'t always growing larger and smaller, and being ordered about by mice and rabbits. I almost wish I\'d gone to see what would be QUITE as much use in.','Culpa magnam ut sit aliquam saepe quaerat. Laborum pariatur et repudiandae commodi. Dolorum nesciunt fugit provident quis hic. Autem ullam rerum a iste sit corrupti. Nobis quae rem maiores numquam voluptate deleniti. Repudiandae deserunt praesentium ut accusantium consectetur laboriosam eius eum. Quos doloribus eaque eaque non labore aut. Amet dicta maiores delectus aliquid ut architecto maxime. Enim animi facilis voluptatem ipsa. Accusantium doloremque iure non voluptatibus. Cum magnam minima culpa. Nihil explicabo nihil nihil exercitationem accusamus ipsum fugiat. Velit odit aut ut quas est. Officia esse est et aspernatur ad quidem blanditiis. Velit hic quas veritatis velit et nobis est reprehenderit. Voluptatem ut necessitatibus commodi sunt ipsa. In et consectetur sed et. Maxime perspiciatis aut nulla ipsa. Eaque velit facere modi saepe ut. Delectus veritatis vitae inventore vel et. Est eum consectetur quidem repellat sequi mollitia. Assumenda sint in veritatis placeat aliquam molestiae. Nostrum rerum delectus amet et sit omnis occaecati. Eveniet doloremque eligendi sint neque harum in eaque quaerat. Veniam eos nihil consequatur expedita vitae debitis eligendi. Est eos dolores consequatur consequatur excepturi sint corrupti. Fugiat voluptatem inventore esse optio porro voluptatum ipsam. Sit inventore magnam omnis commodi totam eius quam qui. Voluptatibus veniam veritatis eius et inventore consequatur. Dignissimos dolorem quia molestiae numquam.','a:7:{i:0;s:53:\"Ut cumque adipisci enim praesentium voluptatibus aut.\";i:1;s:26:\"Iste est sed aut expedita.\";i:2;s:55:\"Consequatur assumenda praesentium est maxime voluptate.\";i:3;s:45:\"Cumque aut architecto vero odio nesciunt sed.\";i:4;s:44:\"Distinctio a expedita quibusdam veniam iste.\";i:5;s:48:\"Quibusdam nulla harum delectus corporis tempora.\";i:6;s:17:\"Minima id qui ad.\";}',19,0,3,254.658121,424.658121,NULL,NULL,NULL,1435.00,1,'2022-08-01 18:57:00',1,'corrupti-velit-praesentium-blanditiis-id','a:3:{i:0;i:4;i:1;i:20;i:2;i:49;}','Maiores quasi consectetur cupiditate.','And certainly there was a large mushroom growing near her, she began, rather timidly, saying to her that she knew she had got so close to her: its face in her French lesson-book. The Mouse gave a.',1,1,NULL,'2022-07-28 18:57:47','2022-08-02 18:57:47',1),
	(12,3,'Quia nisi facilis voluptatem quia ducimus saepe explicabo.',NULL,40,'Kovacek Group',4,'dolores','Refurbished','I don\'t want YOU with us!\"\' \'They were obliged to say \'Drink me,\' but the Hatter instead!\' CHAPTER VII. A Mad Tea-Party There was a queer-shaped little creature, and held it out again, so violently.','Minima harum suscipit aliquam similique. Consequuntur enim amet quibusdam. Animi labore quam aspernatur nobis et laborum consequatur. Reiciendis aperiam eligendi voluptate non quia maiores quia eos. Rerum cupiditate quae voluptatibus. Molestias ut ipsum vitae suscipit. Sint recusandae occaecati repellat. A vel labore eos. Repellat harum neque qui porro consequatur aut omnis. Velit aut consequatur aspernatur maiores ut reprehenderit expedita. Labore quia ipsa neque deserunt et maxime quis. Aliquam suscipit et eum ex. Mollitia omnis et amet fuga. Eligendi voluptatem perferendis natus autem expedita consequatur. Inventore ratione unde eligendi minus. Et sit fuga ipsam odit autem doloribus. Dolorem et ea voluptatem blanditiis hic omnis. Qui aut accusantium corrupti dolor. Laudantium et ut qui quia. Quod rerum officia dolores unde tempora nobis. Labore maxime dolore accusamus ut quis ipsum et et. Facilis nobis et veniam corrupti ut. Quod porro occaecati sunt laudantium minima. Voluptas quibusdam consequatur non debitis tempore quisquam nobis. Totam facilis beatae nisi fuga facere temporibus inventore. Quam aut quia est. Dolorem quo error tenetur adipisci veritatis. Ducimus harum eius est nobis. Dolores aut minima voluptatem incidunt occaecati et unde. Quis voluptates quasi amet ipsum provident unde expedita. Provident et molestiae impedit perferendis beatae. Nesciunt ullam pariatur consequuntur et est quis sed.','a:7:{i:0;s:55:\"Corrupti distinctio iusto voluptas porro quos et earum.\";i:1;s:35:\"Dignissimos sed ipsum veniam ut ad.\";i:2;s:43:\"Incidunt nulla sint id non occaecati rerum.\";i:3;s:25:\"Et molestias eligendi et.\";i:4;s:41:\"Ut architecto maxime commodi eaque vitae.\";i:5;s:51:\"Eos et veniam vel voluptas in accusantium eligendi.\";i:6;s:28:\"Animi itaque minima id quas.\";}',27,0,3,197.321406,334.321406,NULL,NULL,NULL,1476.00,1,'2022-08-01 18:57:00',1,'vitae-voluptatibus-facere-ut-eos','a:3:{i:0;i:22;i:1;i:33;i:2;i:49;}','Et ipsum iure ut et nihil.','I\'ve said as yet.\' \'A cheap sort of people live about here?\' \'In THAT direction,\' the Cat went on, \'I must be kind to them,\' thought Alice, and tried to get rather sleepy, and went stamping about.',0,1,NULL,'2022-07-19 18:57:47','2022-07-22 18:57:47',1),
	(13,1,'Rerum at ipsam quod laboriosam sapiente incidunt.',NULL,19,'Wilderman PLC',1,'dolores','Refurbished','Let me see: that would happen: \'\"Miss Alice! Come here directly, and get in at the great concert given by the hand, it hurried off, without waiting for turns, quarrelling all the rats and--oh dear!\'.','Ab excepturi omnis est qui magni provident aut. Voluptatem magni provident et facilis qui veniam. Qui eos itaque et quo ut. Enim officia voluptate aut enim nulla in. Quo animi eos voluptatem dolorum minima non. Sit veritatis illo et numquam minima consequatur ducimus. Aliquid facere nostrum ea distinctio rerum illum. Exercitationem velit harum est pariatur. Saepe minus qui doloribus enim. Sint ullam occaecati deserunt. Totam eligendi non sint praesentium odio ut quas. Cupiditate rerum aliquid ipsa quos. Illum consequatur consequuntur aspernatur. Consequatur dolor necessitatibus pariatur non eum aut et. Dolorem quis laborum voluptatibus in quia iste qui. Eaque nihil ducimus unde voluptatem magnam numquam animi aut. Quo debitis non nobis reiciendis repudiandae aspernatur corporis. Maiores aut vel placeat. Eos dignissimos cupiditate vel in qui aut iste. Eligendi accusamus consequatur quo eos. Ex quia et beatae id. Similique quidem est reprehenderit voluptas mollitia beatae voluptas. Aspernatur ab error ut cumque dolorum aut alias. Dolores repudiandae voluptates qui excepturi quo quidem ut in. Accusantium dolorem et ut facilis quis ex dolores. Impedit ipsa quod labore maiores. Sapiente magnam labore natus est libero libero. Facilis tempore eos deserunt aliquid quasi itaque. Vel porro et omnis vel blanditiis dolor sunt dolor. Facere laborum nobis voluptatum nobis recusandae quaerat nam.','a:7:{i:0;s:33:\"Esse possimus qui est laudantium.\";i:1;s:51:\"Voluptate enim qui fugiat consequatur eius tempore.\";i:2;s:54:\"Expedita ab architecto aspernatur veritatis accusamus.\";i:3;s:55:\"Aliquam laboriosam consequatur facilis corrupti soluta.\";i:4;s:56:\"Accusamus voluptatem sunt expedita debitis perspiciatis.\";i:5;s:65:\"Culpa dolore voluptatem nobis harum quod doloremque est deleniti.\";i:6;s:34:\"Labore minus eum voluptatibus cum.\";}',39,0,3,327.710000,508.710000,NULL,NULL,NULL,1228.00,0,'2022-08-01 18:57:00',1,'minus-blanditiis-perspiciatis-magnam-odio-deleniti-non','a:3:{i:0;i:10;i:1;i:33;i:2;i:41;}','Nihil modi in rerum assumenda odit.','I can\'t take more.\' \'You mean you can\'t think! And oh, I wish you would have this cat removed!\' The Queen smiled and passed on. \'Who ARE you talking to?\' said the Duchess: you\'d better finish the.',0,1,NULL,'2022-07-23 18:57:47','2022-08-02 18:57:47',1),
	(14,5,'Perspiciatis voluptas dolores veniam officiis voluptates eius corrupti.',NULL,27,'Nienow, Leuschke and Treutel',4,'possimus','New','King, \'that saves a world of trouble, you know, upon the other side. The further off from England the nearer is to France-- Then turn not pale, beloved snail, but come and join the dance. Would not.','Corrupti voluptatibus recusandae aut ratione. Vitae accusantium rem alias nisi modi quia. Distinctio ut quo praesentium consequatur. Tempore ex et tempora dolorum aut cum velit qui. Incidunt ut cupiditate porro sunt expedita consectetur esse. Sit voluptas sit ducimus est quia id ut. Ipsum consequuntur ducimus sed nisi necessitatibus. Amet inventore eius aut facilis illum. Consequatur est pariatur et expedita ex nemo. Asperiores velit nostrum ad molestias. Fuga omnis architecto repudiandae quod similique. Temporibus accusantium sequi reprehenderit modi. Consectetur et ea minima architecto fugiat repellendus doloremque. Atque quisquam autem soluta in. Ut libero enim ea sed molestias. Rerum voluptatem tenetur excepturi doloremque nisi. Vero in necessitatibus natus deleniti. Consequatur dolor aut est eaque nemo et sint. Occaecati adipisci aut ipsum aperiam omnis dolorem. Ea numquam tenetur eaque dolore. Expedita vero amet rem sint sint minima totam sunt. Officia optio adipisci in ut voluptates officia. Aliquid accusamus neque aut consequuntur quia. Sequi sint minima omnis magnam et. Sit vel sapiente delectus soluta ut. Aperiam ab itaque qui aut aliquid assumenda. Sapiente inventore eius iure ducimus corporis nisi sed maiores. At voluptatibus asperiores non. Iste quas officiis fugiat alias similique consequuntur. Iure et sed vitae laudantium. Excepturi error rerum molestiae qui necessitatibus earum ea. Magnam praesentium repellendus tempora harum facilis. Et commodi id fuga quo.','a:7:{i:0;s:35:\"Quia voluptas alias qui blanditiis.\";i:1;s:45:\"Quis occaecati consequatur labore doloremque.\";i:2;s:63:\"Minus est corrupti et reiciendis asperiores tempore amet nulla.\";i:3;s:47:\"Sit adipisci at aut voluptatem est consequatur.\";i:4;s:42:\"Eos est tempora aut fugiat iusto velit ut.\";i:5;s:64:\"Neque nihil occaecati dolores odio architecto culpa veniam sunt.\";i:6;s:35:\"Et accusamus expedita sunt commodi.\";}',81,0,3,173.000000,179.000000,92.000000,'2022-08-02 18:57:00','2022-08-23 18:57:00',1143.00,1,'2022-08-01 18:57:00',1,'aut-autem-architecto-voluptates-eaque-ab-enim','a:3:{i:0;i:9;i:1;i:18;i:2;i:39;}','Rerum dicta expedita ipsum.','I said \"What for?\"\' \'She boxed the Queen\'s hedgehog just now, only it ran away when it had come to the beginning of the soldiers had to leave off this minute!\' She generally gave herself very good.',0,1,NULL,'2022-07-27 18:57:47','2022-07-27 18:57:47',1),
	(15,5,'Reprehenderit aut blanditiis voluptatibus voluptates quas.',NULL,51,'Bednar Inc',2,'totam','Refurbished','Ann! Mary Ann!\' said the King triumphantly, pointing to Alice with one finger for the White Rabbit, \'but it doesn\'t matter which way you can;--but I must go back and see after some executions I have.','Optio sint ut adipisci est commodi suscipit molestiae. Dolores aut saepe non provident et enim id. Doloribus molestiae adipisci natus omnis. Nihil quos non unde totam voluptas ut. Iure mollitia modi dolores repellat voluptate earum libero sed. Qui nisi quo illo aut et. Sit molestiae pariatur laboriosam rem. Sequi praesentium animi est repellat aut aut. Amet voluptatibus consequatur vel hic voluptas consequatur iure. Explicabo error quia quidem modi et aut et. Voluptatem dolore ut enim optio consequatur et. Eius expedita aspernatur rerum numquam et itaque dolores. Molestias voluptates eveniet unde deleniti quis vero consequuntur. Accusantium ab recusandae consequuntur soluta natus fugit. Consequatur consequatur fugiat veritatis laboriosam. At velit sequi consequatur adipisci id consequatur similique. Tempore velit est laudantium repellat facilis excepturi ea. Illo facilis et placeat. Omnis nobis cum molestiae consequatur ut. Aut perferendis optio laboriosam quasi. Doloremque aliquid voluptatem expedita necessitatibus deleniti nam et. Dolores perferendis et quia asperiores autem. Magni praesentium ipsa accusamus praesentium. Repudiandae incidunt veniam quos cum magni sit velit. Quia nostrum eum officia sed. Pariatur voluptate dicta est rerum aliquid. Hic temporibus vitae iusto ut. At modi qui rerum suscipit aut deleniti cum.','a:7:{i:0;s:46:\"Sunt voluptatum ut in excepturi animi qui eum.\";i:1;s:45:\"Eos sit adipisci autem facilis eum qui omnis.\";i:2;s:46:\"Voluptatem vel sed vel inventore et nobis qui.\";i:3;s:47:\"Aut doloribus est velit beatae possimus itaque.\";i:4;s:50:\"Sed animi sit consequatur earum vitae consequatur.\";i:5;s:23:\"Ut commodi sed magni a.\";i:6;s:53:\"Tempora nihil et praesentium sint temporibus officia.\";}',31,0,3,215.650000,358.650000,NULL,NULL,NULL,217.00,0,'2022-07-30 18:57:00',1,'vel-nostrum-minima-adipisci-quod','a:2:{i:0;i:16;i:1;i:35;}','Sequi est repellat aliquid quibusdam.','I might venture to ask help of any one; so, when the Rabbit noticed Alice, as she swam nearer to watch them, and just as usual. \'Come, there\'s no room to open them again, and did not come the same.',0,1,NULL,'2022-07-30 18:57:47','2022-07-31 18:57:47',1),
	(16,2,'Et consectetur quo in inventore quas qui.',NULL,33,'Kovacek Group',2,'non','Used','Eaglet. \'I don\'t know the meaning of half an hour or so, and giving it something out of the water, and seemed to be said. At last the Dodo in an agony of terror. \'Oh, there goes his PRECIOUS nose\'.','Voluptates dolorum molestiae deleniti et. Possimus necessitatibus aspernatur illum quia non blanditiis repudiandae in. Ea occaecati hic qui. At qui aut voluptatem maxime ut aut nisi sapiente. Eius sunt qui eligendi pariatur asperiores voluptatem. Distinctio cupiditate ut sint ipsum exercitationem. Repellendus optio iure error. Aut est possimus mollitia et. Totam inventore sed error totam assumenda fugiat animi. Neque in adipisci accusantium est commodi. Rerum ex non aperiam facere officiis rerum. At sapiente vel necessitatibus. Autem id harum voluptatibus nihil consectetur possimus enim excepturi. Aliquid sequi adipisci et sit ducimus voluptates est. Facere dolore rerum occaecati aliquid necessitatibus est cupiditate. Animi quis mollitia qui voluptatem. Officiis cumque qui consectetur enim voluptatibus esse. Repellat rerum amet autem. Nesciunt exercitationem cum qui. Sunt quia sed quo voluptatem reprehenderit delectus. Eius aliquam quia rerum. Pariatur cum error ad recusandae. Dolores cupiditate nobis accusamus rerum nesciunt. Suscipit vel est beatae sed dolor autem quidem. Consequatur quisquam error eaque expedita rerum. Dolor occaecati tempore eaque rem. Rerum sint ut accusantium nesciunt. Suscipit iure repudiandae et vitae repellendus. Sed sit voluptatem dolores voluptatibus enim est. Officiis quae nesciunt dolorum alias voluptatem et. Totam et est unde minus. Ut est et tempora velit expedita.','a:7:{i:0;s:37:\"Sint corrupti ex eum explicabo rerum.\";i:1;s:40:\"Accusamus neque a nesciunt enim laborum.\";i:2;s:43:\"Neque illo magni aut minima odit optio non.\";i:3;s:21:\"Amet nemo vel itaque.\";i:4;s:53:\"Libero eius adipisci repellendus quis amet accusamus.\";i:5;s:52:\"Omnis laboriosam ducimus ipsa et ullam eligendi qui.\";i:6;s:69:\"Fuga reprehenderit cupiditate laborum facere expedita beatae tempora.\";}',22,0,3,244.140000,367.140000,214.140000,'2022-08-02 18:57:00','2022-08-23 18:57:00',163.00,1,'2022-07-31 18:57:00',1,'ut-numquam-doloribus-fugiat-officia-dolorem','a:3:{i:0;i:12;i:1;i:23;i:2;i:26;}','Iusto voluptatem et ut est porro quaerat.','VERY nearly at the March Hare moved into the air off all its feet at the beginning,\' the King and Queen of Hearts, and I shall think nothing of the court was a treacle-well.\' \'There\'s no sort of.',1,1,NULL,'2022-08-02 18:57:47','2022-08-02 18:57:47',1),
	(17,4,'In id rem quam temporibus totam.',NULL,3,'Olson, Kemmer and Schaden',5,'necessitatibus','New','Alice could not answer without a grin,\' thought Alice; \'but a grin without a great crowd assembled about them--all sorts of things, and she, oh! she knows such a capital one for catching mice you.','Praesentium et minima atque totam molestiae rerum laboriosam. Maxime eveniet fugiat sed vel delectus esse in necessitatibus. Officiis sapiente ratione mollitia enim exercitationem quia. Perferendis accusamus rem amet et nostrum sit deserunt. Occaecati sapiente cum ullam aut blanditiis enim suscipit id. Eaque perferendis fuga enim ex voluptas suscipit. Aperiam rerum possimus rem temporibus. Sit et maiores perferendis libero ea illo dolore delectus. Sapiente quod recusandae illum non veritatis. Et quis veritatis voluptatem illo. Consequatur labore quam doloremque modi. Accusantium voluptates eius aut ipsam. Doloribus perspiciatis qui voluptatem voluptatem. Nobis qui rerum magni rerum numquam sequi. Dolorum vitae corrupti ut qui. Nihil vel ut et quo dignissimos officia excepturi. Quam dolor dolor nihil quia. Aut veniam harum qui quae nesciunt. Dolores nobis nemo vero in voluptatem. Error reprehenderit sequi nihil et accusantium assumenda corporis quam. Ullam omnis animi vitae ipsa non. Alias magnam molestiae harum impedit sunt. Ipsa nihil et aut sunt. Officiis non quis cum excepturi rerum ut. Cumque sed saepe laudantium dolorum autem sit error. Sed magnam voluptatem qui itaque facere rem. Tempora quibusdam in dolores sunt. Perferendis sunt nihil inventore ut similique blanditiis asperiores officiis. Dolores eligendi voluptates distinctio ipsa assumenda placeat enim. Cupiditate non eveniet eum consectetur.','a:7:{i:0;s:33:\"Beatae odio consequatur rerum ea.\";i:1;s:42:\"Ducimus mollitia sed blanditiis molestias.\";i:2;s:55:\"Consequatur doloremque dolore rerum libero consequatur.\";i:3;s:35:\"Et earum autem distinctio suscipit.\";i:4;s:42:\"Tempore voluptatem sint id quisquam error.\";i:5;s:19:\"Nam qui sit aut id.\";i:6;s:36:\"Repellendus corrupti cupiditate eos.\";}',76,0,3,202.695000,336.695000,NULL,NULL,NULL,1213.00,0,'2022-08-01 18:57:00',1,'facere-a-qui-aut-aut','a:3:{i:0;i:10;i:1;i:23;i:2;i:45;}','Fugiat rerum molestiae sint facilis et nostrum.','Dormouse indignantly. However, he consented to go among mad people,\' Alice remarked. \'Right, as usual,\' said the King, \'that saves a world of trouble, you know, as we needn\'t try to find herself.',1,1,NULL,'2022-07-23 18:57:47','2022-07-28 18:57:47',1),
	(18,5,'Pariatur corporis asperiores odit aut laudantium sed.',NULL,44,'Welch-Rowe',5,'aliquid','Used','Cheshire Cat,\' said Alice: \'I don\'t see how he can thoroughly enjoy The pepper when he sneezes; For he can thoroughly enjoy The pepper when he sneezes; For he can thoroughly enjoy The pepper when he.','Porro ad minus ad in voluptatem rem provident. Aspernatur autem modi et sapiente. Maxime nobis quis ut suscipit non eum quidem excepturi. Debitis ipsa consequatur quaerat explicabo totam. Et ea minima eos delectus. Sed unde ipsum vel aut. Earum laudantium ea laboriosam sit nam repudiandae ut. Ex accusamus dolore deleniti. Inventore alias corrupti magnam accusantium deserunt qui ut iusto. Ipsam architecto rerum velit. Qui ea nihil consequuntur ut libero. Eligendi quos reiciendis rem ut nihil eveniet aliquam. Hic perspiciatis aliquam aperiam enim corporis sint et. Commodi quisquam nulla illo qui vel doloribus et similique. Omnis deserunt culpa saepe aliquid rerum sapiente quaerat. Modi velit rerum dolor aut. Modi omnis eveniet provident similique. Officiis reprehenderit quo accusamus id. Et sed nulla blanditiis sapiente veniam. Corporis voluptatem mollitia quos consectetur aliquam temporibus molestias. Dolorem facilis et rerum reiciendis quasi illum fugiat. Quia porro molestias facere aut qui. Consequatur sed laudantium enim. Distinctio officiis quo quos maiores cupiditate non quos in. Autem enim placeat iure unde voluptatem nesciunt. Dolore quos pariatur laboriosam temporibus qui rerum. Laudantium accusamus quisquam tempora optio eligendi vero. Sapiente et vitae dolorem omnis labore. Dolore et quia minus et et. Soluta libero repellat facere in.','a:7:{i:0;s:44:\"Harum neque tenetur aut repellat asperiores.\";i:1;s:57:\"Et occaecati consequatur dolores numquam libero quae qui.\";i:2;s:48:\"Iste labore aut sunt mollitia voluptate aperiam.\";i:3;s:42:\"Optio voluptatem recusandae odit suscipit.\";i:4;s:62:\"Fugiat consequatur aut quae autem esse nihil blanditiis velit.\";i:5;s:65:\"Asperiores tempore iure blanditiis quia dolorem voluptas tempore.\";i:6;s:44:\"Debitis illum corporis natus voluptate odio.\";}',50,0,3,371.922975,546.922975,186.922975,'2022-08-02 18:57:00','2022-08-22 18:57:00',391.00,0,'2022-08-01 18:57:00',1,'doloremque-sed-velit-facilis-est','a:2:{i:0;i:6;i:1;i:10;}','Provident qui qui consequatur.','What made you so awfully clever?\' \'I have answered three questions, and that you had been would have called him Tortoise because he taught us,\' said the Dodo, pointing to the jury, who instantly.',0,1,NULL,'2022-07-30 18:57:47','2022-07-23 18:57:47',1),
	(19,2,'Amet dolorem necessitatibus enim optio sed.',NULL,41,'Lemke and Sons',1,'nihil','Used','Alice looked at them with the words \'DRINK ME,\' but nevertheless she uncorked it and put back into the loveliest garden you ever eat a little scream of laughter. \'Oh, hush!\' the Rabbit came up to.','Natus voluptas doloribus fuga sed enim quia dolorum rem. Alias sunt tempora aut illum quaerat voluptas. Veniam nam est corporis perferendis quos omnis. Mollitia eaque cum velit qui itaque. Dolore cum cum ut dolor. Dolores quas consequatur at. Sed nihil ipsum temporibus quibusdam ut omnis quisquam. Nulla sed sed repellat dolor ut fugiat dolor inventore. Et voluptates sed dolorum nostrum inventore recusandae. Qui debitis quia nihil inventore. Animi in sit rem. Eos voluptas accusantium quia magnam voluptatem eius. Totam perferendis omnis voluptate ut. Quis nostrum officia necessitatibus odio. Et possimus debitis dicta sit veritatis aut ut. Aliquam nihil non enim. Ullam blanditiis quo dolorem voluptas. Quia ea est repellat cumque debitis qui consequatur. Nobis ut eum impedit eligendi amet. Et fugiat impedit aut autem in est eos. Id nihil ab beatae et eos asperiores. Dolor aspernatur vitae qui facere repellat quia. Possimus est illo dolores. Facere qui et magnam qui asperiores. Mollitia pariatur doloremque et animi enim velit excepturi optio. Voluptas eum debitis reprehenderit ratione mollitia. Corporis consequuntur eos ullam explicabo ipsum in. Cupiditate aut quia delectus est quod. Quis dolor excepturi quisquam earum nam. Ea voluptatum consequatur eveniet quo illo ab aut. Sunt nobis est incidunt numquam. Natus accusantium incidunt distinctio aut dolor neque ipsa. Ad dolorum neque quia quibusdam.','a:7:{i:0;s:33:\"Ducimus eveniet voluptatem sequi.\";i:1;s:57:\"Quisquam doloribus dolorum nostrum ipsa culpa quas dicta.\";i:2;s:49:\"Dignissimos earum itaque sint porro sint impedit.\";i:3;s:26:\"Sit omnis nihil rerum non.\";i:4;s:53:\"Facilis omnis nostrum dolores quod sapiente sapiente.\";i:5;s:39:\"Eum dignissimos voluptas doloremque in.\";i:6;s:32:\"Temporibus et sed est rem animi.\";}',75,0,3,63.468522,121.468522,84.468522,'2022-08-02 18:57:00','2022-08-13 18:57:00',1751.00,0,'2022-07-31 18:57:00',1,'pariatur-ut-dicta-asperiores-aliquid-laborum-occaecati-sed','a:2:{i:0;i:34;i:1;i:42;}','Unde voluptas sunt blanditiis alias vero consequuntur.','However, at last in the pool a little before she came upon a time there were ten of them, and just as if he wasn\'t one?\' Alice asked. The Hatter was the fan and gloves, and, as a last resource, she.',1,1,NULL,'2022-07-19 18:57:47','2022-08-01 18:57:47',1),
	(20,1,'Maxime recusandae possimus neque error tempora ipsa.',NULL,31,'McClure Group',4,'voluptatem','Used','Pigeon. \'I\'m NOT a serpent!\' said Alice in a hoarse, feeble voice: \'I heard the King had said that day. \'No, no!\' said the Gryphon, and the words all coming different, and then keep tight hold of.','Atque autem sed animi dolore qui sed. Vel unde aliquam omnis quasi ipsum consequatur ut. Est voluptas corrupti nesciunt repudiandae. Voluptatem ea aliquid praesentium unde. Autem ea at explicabo est aut voluptatem. Quibusdam ipsa at quo cupiditate et voluptates voluptas. Quos similique cum voluptas deleniti et. Expedita dolorem quia doloremque dolores harum vel perspiciatis. Minima modi exercitationem sed qui ut officia architecto. Rem optio esse dolorem quidem ad earum est modi. Architecto unde itaque impedit impedit cum exercitationem sequi. Vitae magni occaecati ipsa. Fuga et exercitationem omnis qui earum quos vero. Sunt voluptatem nihil dolorum est dolorum excepturi. Voluptatem aut explicabo nesciunt excepturi ipsum soluta omnis. Qui quod eveniet totam voluptatibus. Omnis consequuntur ad voluptatem quasi. Sed aut fugiat provident maxime odit quam distinctio. Veritatis nemo suscipit et. Expedita sed quidem temporibus dolor incidunt. Quia dolor nostrum quia accusamus. Et quia consequuntur sint vero quam. Aspernatur nostrum sequi distinctio exercitationem molestias ut ducimus. Voluptatibus minima maiores itaque vel vero harum sed. Perferendis dolores ea sed. Et dolores et qui corporis. Ipsa et distinctio corporis odit maxime eos. Officia repudiandae sint odit doloremque in a. Autem et rem animi minus tempore sint sint porro. Tempora molestiae iusto aperiam expedita dolor non. Sint amet provident non illum.','a:7:{i:0;s:50:\"Voluptatem neque hic perferendis in laudantium at.\";i:1;s:60:\"Tenetur sit est natus illum commodi doloremque tenetur quos.\";i:2;s:59:\"Ipsa quia voluptatum tenetur corporis nostrum placeat modi.\";i:3;s:48:\"Rerum quis tempore beatae numquam aliquid velit.\";i:4;s:53:\"Iure non est veniam rerum omnis provident quis omnis.\";i:5;s:55:\"Alias dolorem hic quia sunt quisquam voluptas deserunt.\";i:6;s:69:\"Magni architecto labore debitis sint reiciendis aliquid voluptatibus.\";}',39,0,3,357.000000,363.000000,NULL,NULL,NULL,1411.00,0,'2022-08-01 18:57:00',1,'in-cumque-ab-et-sit-rerum-suscipit','a:3:{i:0;i:15;i:1;i:21;i:2;i:45;}','Libero alias aliquid fugit saepe neque tempore id.','I mentioned before, And have grown most uncommonly fat; Yet you turned a back-somersault in at the door that led into a small passage, not much like keeping so close to her great delight it fitted!.',1,1,NULL,'2022-07-18 18:57:47','2022-07-31 18:57:47',1),
	(21,3,'Nulla adipisci nobis necessitatibus deserunt.',NULL,1,'Mayert-Ryan',1,'omnis','Used','RED rose-tree, and we put a stop to this,\' she said to herself how she would keep, through all her coaxing. Hardly knowing what she was looking down at them, and he says it\'s so useful, it\'s worth a.','Explicabo incidunt doloremque assumenda aut est ut maiores. Animi vero saepe non non quisquam officiis. Hic cum architecto iure laudantium qui neque. Debitis ipsam aliquid explicabo eaque. Laudantium consequatur quo ullam ducimus. Impedit ipsa aspernatur et corrupti ut omnis. Aut ad ut id voluptas. Voluptas suscipit placeat quia quia. Sed et quia repellendus eos. Eos repellendus quia deleniti ut earum magni. Illum dolores a vitae ipsam quia. Et animi porro sapiente ab aut. Quidem voluptatem qui ipsa et et. Pariatur fuga quo ut minima suscipit. Ipsum consequuntur qui corporis alias pariatur distinctio ut. Eum pariatur aut nostrum id eius deserunt aut. Quos atque ducimus blanditiis ex. Earum aut ea est ipsum quasi. Maiores ea dolorum voluptatem vel eveniet est est praesentium. Omnis ipsa ducimus et. Commodi quis et ipsa magni impedit. Sit libero officiis saepe quis accusamus sed doloribus. Voluptatem error temporibus quis eum dolorum harum ex dolorem. Voluptatem rerum quo inventore non voluptate enim. Quam qui similique dicta ea aliquid. Et qui in dolores quod rerum. Amet qui ad quia aut animi dicta consequuntur qui. Dicta est officiis magnam accusamus architecto quos architecto. Ad consequatur saepe ducimus. Voluptatibus vel in magnam et accusantium dolorum sed. Velit laborum nam eligendi reprehenderit accusantium eligendi consequuntur.','a:7:{i:0;s:38:\"Nemo velit ut qui est expedita cumque.\";i:1;s:53:\"Velit quisquam dicta voluptas error quia eum placeat.\";i:2;s:31:\"In id enim recusandae corporis.\";i:3;s:40:\"Autem repudiandae quis rem maxime qui a.\";i:4;s:47:\"Sit quidem doloremque quia commodi consectetur.\";i:5;s:44:\"Maxime similique numquam quam ut et aut qui.\";i:6;s:61:\"Doloribus placeat fuga adipisci enim asperiores ipsa laborum.\";}',65,0,3,127.667047,195.667047,NULL,NULL,NULL,1176.00,0,'2022-08-01 18:57:00',1,'autem-quia-iste-repellendus-consequuntur-ut-error-harum','a:2:{i:0;i:8;i:1;i:47;}','Sit aut vitae illum vero.','However, she got to grow up any more if you\'d rather not.\' \'We indeed!\' cried the Mouse, in a solemn tone, only changing the order of the deepest contempt. \'I\'ve seen a good many little girls of her.',1,1,NULL,'2022-07-28 18:57:47','2022-07-26 18:57:47',1),
	(22,3,'Omnis libero et amet sit.',NULL,38,'Lemke-Klocko',1,'ad','Refurbished','Then it got down off the fire, stirring a large pool all round the table, but there was nothing else to do, and in despair she put them into a butterfly, I should like to have no idea what to do.','Natus beatae sunt dolorem. Dolore consequatur praesentium quos voluptas quibusdam. Inventore iure quo ab et. Amet odit numquam eligendi accusamus dolores amet. Nisi repellendus fuga et vel quibusdam pariatur rerum. Rerum aut ut temporibus excepturi. Error libero in quia mollitia laudantium adipisci. Dolorem sit dolorem tempore qui eos. Nesciunt neque dolor ut. Quia iure laudantium error. Et ut odit amet architecto reprehenderit. Quasi alias ullam iste perferendis doloremque distinctio. Iure id aliquid optio eligendi fugit. Sed repellendus amet vitae facilis. Earum fugit adipisci ab ut at. Inventore atque iusto quis cumque a et tempore. Excepturi sit tenetur nihil pariatur. Ipsa qui dolore earum enim rerum. Ducimus expedita enim fugit voluptatem. Asperiores reprehenderit dignissimos sequi similique quo repudiandae. Voluptatem voluptas vel qui sunt. Dolore culpa molestiae similique explicabo id iure velit. Vel sit quas omnis. Facilis quos enim dicta tenetur. Nam ut incidunt debitis minima autem vero voluptatibus. Est sed velit sint aut esse. Ab animi id et placeat tempora. Ipsam sequi incidunt tenetur id autem aspernatur corrupti reiciendis. Quia minima ipsam doloremque minima soluta perferendis consequatur. Aut reiciendis omnis perspiciatis iusto est asperiores. Numquam accusamus minus aperiam voluptas aut harum. Aliquam alias facere et consequatur aut. Eum repudiandae nostrum at aliquam. Aliquid illum libero ad doloremque delectus. Et voluptate et dolorem atque vero harum.','a:7:{i:0;s:46:\"Voluptatem vero adipisci soluta illo modi sed.\";i:1;s:29:\"Temporibus ut sunt sunt nemo.\";i:2;s:30:\"Illum omnis dicta quis quo et.\";i:3;s:48:\"Architecto fuga velit repudiandae reprehenderit.\";i:4;s:32:\"Et nemo et et quia a et commodi.\";i:5;s:53:\"Vitae dolores velit quos excepturi consectetur atque.\";i:6;s:51:\"Ut enim exercitationem tempora at fuga omnis ipsam.\";}',13,0,3,272.800000,438.800000,NULL,NULL,NULL,1906.00,1,'2022-07-30 18:57:00',1,'et-consequuntur-ratione-hic-dolores','a:3:{i:0;i:23;i:1;i:29;i:2;i:40;}','Asperiores dolor quisquam et ut.','Gryphon is, look at it!\' This speech caused a remarkable sensation among the distant sobs of the Mock Turtle. \'She can\'t explain MYSELF, I\'m afraid, sir\' said Alice, who felt very glad that it made.',0,1,NULL,'2022-07-28 18:57:47','2022-07-19 18:57:47',1),
	(23,3,'Quia omnis labore ipsam eligendi aut dolorum ducimus eum.',NULL,18,'Nicolas-Skiles',2,'laudantium','Refurbished','And with that she was exactly the right size again; and the three gardeners instantly threw themselves flat upon their faces. There was nothing on it in the common way. So they began moving about.','Quae explicabo velit dolor accusantium vel nam omnis. Alias molestiae earum facere voluptas nihil libero et. Aut non nobis ut qui deleniti. Id omnis rerum quia non. Provident voluptas veniam veniam unde. Ipsum aliquam temporibus labore vero eligendi. Omnis blanditiis nostrum minus saepe ut. Odit qui ea perferendis ut quia distinctio. In sit omnis sunt quia distinctio quo. Et fugit enim dignissimos voluptates soluta eum consequatur. Voluptatem sit quisquam delectus voluptatum possimus ullam. Inventore est aliquam debitis est. Magni odio deleniti non eligendi veritatis ea. Dicta veritatis ut enim aut sed dicta. Vitae sint eveniet sed natus consequatur voluptas. Modi ipsum sit id molestias adipisci eligendi maiores. Vitae doloribus illum qui illo enim officiis. Iure nesciunt sit quaerat et. Distinctio praesentium ipsam consectetur voluptatem totam. Sit culpa alias corrupti asperiores reprehenderit est accusamus. Quisquam quaerat sit corporis non qui occaecati. Laborum officiis illo et voluptas totam recusandae illum a. Quae qui ex dolorum. Sit quia mollitia facere et perspiciatis eos. Ea est recusandae cumque qui. Impedit ab voluptatum aut magni ex. Minima impedit molestiae veritatis natus perspiciatis. Optio modi quisquam qui. Qui porro libero magni rerum non omnis sed. Distinctio exercitationem rerum sapiente illo. Et quas illum beatae eligendi aspernatur hic.','a:7:{i:0;s:56:\"Unde sed voluptas asperiores amet omnis blanditiis sint.\";i:1;s:32:\"Facere est odit itaque magni et.\";i:2;s:72:\"Quisquam autem molestiae sit magni voluptatibus voluptas qui laboriosam.\";i:3;s:31:\"Ea quia reprehenderit ipsa hic.\";i:4;s:51:\"Similique praesentium quo eum laborum aut adipisci.\";i:5;s:43:\"Deleniti et tenetur dolore et atque et est.\";i:6;s:30:\"Ut sed quidem repellat ad vel.\";}',29,0,3,76.000000,80.000000,NULL,NULL,NULL,1061.00,0,'2022-08-01 18:57:00',1,'omnis-dolore-assumenda-voluptas-explicabo-illo-cupiditate-sapiente','a:3:{i:0;i:34;i:1;i:37;i:2;i:48;}','Quaerat temporibus consequuntur ut aliquid placeat quibusdam.','Dodo in an offended tone, and she jumped up in a deep sigh, \'I was a table in the pool, \'and she sits purring so nicely by the officers of the ground--and I should be raving mad after all! I almost.',0,1,NULL,'2022-07-23 18:57:47','2022-07-26 18:57:47',1),
	(24,3,'Dicta cum magni itaque repellendus.',NULL,43,'acme',2,'eos','Used','Lizard in head downwards, and the three gardeners, but she could not remember the simple rules their friends had taught them: such as, that a moment\'s pause. The only things in the distance. \'Come.','Consequatur perspiciatis qui nulla omnis sint qui. Repellat rerum consequatur vero facilis et ducimus nisi. Eaque voluptas ipsa quos itaque. Nesciunt molestiae eos sit dolor. Est deserunt dolor facere est magnam. Voluptatibus quo est in porro nulla velit sit. Excepturi vel ipsum et illum. Et odio quisquam ab similique omnis. Sequi itaque consequatur explicabo qui commodi eligendi amet. At libero minima quidem aut blanditiis. Non quas eaque est ut est cumque. Quia voluptatum ut nulla. Voluptates similique quaerat ullam sunt praesentium dolore. Aliquid ipsum iusto veritatis. Est quia aut ratione nihil qui. Ipsa non voluptate nesciunt et enim. Est enim facere dignissimos dolore et et cupiditate. Doloribus et ut voluptas quia dolorum. Sit voluptas laborum quae est aliquid earum. Ut ex est nisi rerum voluptatum atque. Quia nemo qui accusantium. Voluptatem et rerum quis laudantium facilis. Quaerat cupiditate qui sint incidunt vel debitis. Cumque odit illum quos a aut voluptatem nam. Rem voluptatem vel quibusdam quidem quia. Eveniet dolores et quam ea. Earum quia quo dolore neque neque fugiat quia. Eveniet architecto dolorem sit nemo nemo suscipit. Nesciunt explicabo laboriosam repellat voluptatem porro perferendis. Ullam temporibus qui mollitia. Eaque et dolores sunt. Molestiae rerum sed odio nemo aut est. Consequuntur quae quae quibusdam autem sunt ad qui. Qui consequatur debitis sit minus. Consequatur dolores atque tenetur. Qui esse facere voluptas amet laborum aut.','a:7:{i:0;s:37:\"Eum quae tempore officia vitae fugit.\";i:1;s:32:\"Amet facilis possimus non porro.\";i:2;s:45:\"Hic et quia saepe sit quis quisquam quo unde.\";i:3;s:36:\"Ut quasi praesentium odit quia vero.\";i:4;s:48:\"Quo quia id facere pariatur omnis illum dolorem.\";i:5;s:21:\"Quos maiores est nam.\";i:6;s:57:\"Dolores qui sit rem incidunt rem accusantium consequatur.\";}',49,0,3,169.060000,315.060000,NULL,NULL,NULL,1006.00,0,'2022-07-30 18:57:00',1,'aut-aliquid-doloribus-inventore-non-itaque-odio-et','a:2:{i:0;i:13;i:1;i:40;}','Maiores labore temporibus reprehenderit beatae omnis.','The Hatter was the Rabbit actually TOOK A WATCH OUT OF ITS WAISTCOAT-POCKET, and looked at it uneasily, shaking it every now and then at the Hatter, and here the Mock Turtle. \'She can\'t explain it,\'.',1,1,NULL,'2022-07-26 18:57:47','2022-08-01 18:57:47',1),
	(25,4,'Voluptas nesciunt nostrum non voluptatem.',NULL,1,'Wilderman PLC',1,'repellat','Used','Queen, turning purple. \'I won\'t!\' said Alice. \'Why not?\' said the Caterpillar. \'Well, I\'ve tried banks, and I\'ve tried banks, and I\'ve tried to say anything. \'Why,\' said the Duchess. An invitation.','Necessitatibus mollitia sit nesciunt ut quia nisi molestiae. Repudiandae temporibus aut eum ut voluptas unde. Quod nam velit assumenda est. Sed numquam sit quo molestiae amet rem. Ut rerum minus nulla exercitationem sed. Pariatur doloremque sunt quasi consequuntur et doloremque magni. Nemo eius harum iste ipsum odio. Est officiis corporis molestiae non minima. Nemo reiciendis odio aliquid occaecati ad et. Autem autem optio iste. Vel amet et aliquam omnis quam. Adipisci qui qui nesciunt ut facere voluptate et. Quam nobis ut voluptatum quas aliquam et. Quia ut rerum et dolor. Non eligendi consectetur voluptatibus magni et rerum nihil. Qui voluptatem ab asperiores pariatur sequi fuga voluptas ut. Nemo laborum sunt adipisci voluptates dolore. Fugiat necessitatibus error voluptas provident voluptatem nisi. Ipsam deserunt itaque blanditiis nostrum eveniet voluptatem. Optio nobis modi dolorum voluptas minus corporis est. Ratione quod est in minima qui. Ea doloribus et iusto atque consequatur culpa. Velit adipisci magnam qui dicta et. Esse aut quia doloremque omnis. Qui voluptas voluptas laborum magni eum sit illo. Delectus possimus nihil nam qui. Qui necessitatibus vel et earum ut. Tenetur nobis officiis nam qui architecto ut quia. Ea id accusamus in sapiente unde voluptate aliquid. Voluptate qui explicabo repudiandae omnis. Accusantium aspernatur repudiandae voluptatem. Eum laudantium accusantium voluptatem nobis fugiat occaecati.','a:7:{i:0;s:65:\"Necessitatibus et ut voluptas corporis maiores reiciendis magnam.\";i:1;s:26:\"Eius porro recusandae non.\";i:2;s:58:\"Iusto eligendi repudiandae nulla expedita architecto odio.\";i:3;s:66:\"Consectetur nisi accusamus blanditiis vel incidunt praesentium ad.\";i:4;s:56:\"Maxime eius perferendis reprehenderit ad quo aut cumque.\";i:5;s:51:\"Mollitia ut qui voluptatibus nam facilis accusamus.\";i:6;s:46:\"Temporibus ea incidunt ut quos alias sit quos.\";}',53,0,3,52.686165,237.686165,NULL,NULL,NULL,1522.00,1,'2022-07-31 18:57:00',1,'cupiditate-quidem-eos-illo','a:2:{i:0;i:20;i:1;i:39;}','Quia voluptatem sapiente assumenda nihil non consectetur est.','PERSONS MORE THAN A MILE HIGH TO LEAVE THE COURT.\' Everybody looked at the righthand bit again, and put it more clearly,\' Alice replied thoughtfully. \'They have their tails fast in their mouths; and.',1,1,NULL,'2022-07-25 18:57:47','2022-07-19 18:57:47',1),
	(26,1,'Quae error cum aliquid quo hic ut ut.',NULL,4,'Schinner, Huel and Kunze',2,'hic','Used','ME,\' said Alice doubtfully: \'it means--to--make--anything--prettier.\' \'Well, then,\' the Cat remarked. \'Don\'t be impertinent,\' said the Queen said severely \'Who is this?\' She said the Lory. Alice.','Culpa quis totam eum aliquam aut rerum rerum. Impedit impedit incidunt ut quae dolor placeat veritatis voluptatem. Dicta quia libero dolorum nihil. At dolorem sunt nulla optio accusantium. Dolorem et quo quis eum quia aliquam omnis. Possimus nobis alias culpa maiores sed. Aspernatur nostrum quos vel et. Omnis voluptatem perferendis voluptas dolorem fuga architecto. Maiores a iusto reprehenderit quod qui exercitationem et. Et esse omnis velit architecto fugiat. Quo quo quia id aut rerum et labore. Pariatur rerum libero error maxime reiciendis vitae qui qui. Eum labore cumque voluptatem voluptas minus iste. Aut cupiditate facere voluptas. Placeat adipisci ut qui omnis corporis nesciunt. Autem eligendi veritatis pariatur eius illo architecto. Non nulla quia quibusdam in. Excepturi cumque nulla quo. Et debitis repudiandae eaque possimus et at. Non voluptas excepturi libero unde vel reprehenderit. Laudantium totam id quia eum adipisci sint ab nemo. Sint cum impedit veniam est ex pariatur consequatur. Molestias at et sunt earum quidem amet. Sunt enim accusamus repellat architecto. Voluptas voluptatum est consequuntur aperiam voluptatem accusantium odio. Beatae et quae voluptatem sint itaque exercitationem omnis. Maxime animi exercitationem id quo maxime numquam qui. Autem et maiores voluptates est rerum.','a:7:{i:0;s:60:\"Fuga fugiat deleniti doloremque minima quod molestiae dolor.\";i:1;s:28:\"Ad quasi sint rerum placeat.\";i:2;s:53:\"Et adipisci iure quaerat praesentium illum eum eaque.\";i:3;s:25:\"Qui porro neque quia hic.\";i:4;s:47:\"Nemo excepturi molestias accusamus nostrum sed.\";i:5;s:40:\"Rerum recusandae cum sint at quia et ut.\";i:6;s:47:\"Aut amet quia nam inventore mollitia esse quia.\";}',90,0,3,177.127117,277.127117,225.127117,'2022-08-02 18:57:00','2022-08-21 18:57:00',1326.00,0,'2022-07-31 18:57:00',1,'ea-et-alias-voluptas-consectetur-quam','a:2:{i:0;i:17;i:1;i:45;}','Unde adipisci maiores sapiente voluptatum consequatur totam cupiditate.','There was a long argument with the day of the thing Mock Turtle had just upset the milk-jug into his cup of tea, and looked very anxiously into its nest. Alice crouched down among the trees, a.',1,1,NULL,'2022-07-31 18:57:47','2022-07-18 18:57:47',1),
	(27,5,'Molestiae quo autem laborum hic odio possimus temporibus.',NULL,17,'Mayert-Ryan',4,'voluptas','Refurbished','Improve his shining tail, And pour the waters of the cattle in the sun. (IF you don\'t know one,\' said Alice, surprised at this, she came upon a neat little house, on the trumpet, and then she.','Beatae nesciunt ex laudantium consequatur maxime asperiores est. Velit repudiandae sint quis nobis iure tenetur dolore. Mollitia rerum dolorum laudantium ullam voluptas ut asperiores voluptatem. Natus assumenda sunt ut. Eius consequatur qui eum assumenda quo quia cupiditate. Et nisi reprehenderit qui enim maxime autem quaerat nobis. Qui nulla omnis assumenda blanditiis distinctio sint. Aperiam incidunt sunt autem qui dolores qui modi. Est ipsum non et asperiores iure. Sit et eum soluta dicta dolore vel eius. Odio in ut inventore aliquid. Et recusandae dolorum totam blanditiis. Sunt aperiam velit nam magnam totam. Recusandae recusandae consequatur distinctio amet id. Aut numquam ducimus quidem incidunt deleniti velit. Ut quod ut harum animi aut veniam molestias. Ut laboriosam reiciendis praesentium quae id ut officia nam. Ut facere omnis sunt nulla beatae sequi dolores. Pariatur quia ut cupiditate repellendus aperiam unde. Aut et aliquid expedita quibusdam et eligendi incidunt. Corporis saepe aut animi sit blanditiis accusantium. Praesentium velit a tempore cumque. Repellat eius incidunt fugiat itaque ea. Fugiat aut impedit aut. Nulla velit iure rem placeat velit. Aut et aliquid aperiam necessitatibus. Sunt expedita aut est repudiandae. Aliquid quibusdam facilis eos officia. Ea reiciendis rem error sed sint ab vel. Quidem non culpa velit voluptas quasi modi rem. Deleniti reprehenderit tempora fuga aut. In tempora at iusto qui itaque.','a:7:{i:0;s:29:\"Et magnam non exercitationem.\";i:1;s:41:\"Fugit quis sit occaecati ipsa temporibus.\";i:2;s:69:\"Exercitationem voluptatem cumque non enim placeat perspiciatis vitae.\";i:3;s:29:\"Expedita ut rerum a corporis.\";i:4;s:78:\"Consequatur excepturi dicta deleniti saepe perferendis delectus reprehenderit.\";i:5;s:49:\"Dolor non aut consequatur qui ea numquam quaerat.\";i:6;s:47:\"Voluptates nam culpa magnam aperiam recusandae.\";}',80,0,3,367.187479,526.187479,NULL,NULL,NULL,1842.00,0,'2022-07-31 18:57:00',1,'laudantium-provident-modi-eos-reiciendis','a:3:{i:0;i:13;i:1;i:14;i:2;i:17;}','Dicta inventore quis ex odio quasi eum.','Dormouse, not choosing to notice this last remark, \'it\'s a vegetable. It doesn\'t look like it?\' he said, turning to Alice: he had a vague sort of chance of this, so that they could not help bursting.',1,1,NULL,'2022-08-02 18:57:47','2022-07-24 18:57:47',1),
	(28,4,'Amet voluptate nesciunt possimus dolor.',NULL,2,'Goodwin Group',3,'saepe','Refurbished','Gryphon, and, taking Alice by the soldiers, who of course had to fall a long and a Long Tale They were indeed a queer-looking party that assembled on the floor, as it went, \'One side of the bottle.','Rem soluta eveniet voluptatem omnis aut sint. Quia voluptas et et est. Illo ea minus fugiat ratione. Deserunt et architecto aliquid quis. Et fugit corrupti in quaerat non quasi. Molestiae atque laudantium voluptas expedita consequuntur minima laborum. Ab beatae cumque accusantium nisi quidem consequatur. Voluptatibus repellat dignissimos ex expedita. Assumenda fugit ad consequatur quae. Voluptatem ut eos rerum commodi. Vel quas expedita expedita dolores. Necessitatibus in rerum impedit est. Eveniet illum sit sed. Eaque facere vero a tempore. Nihil beatae modi quam impedit. Doloribus doloremque delectus nam. Occaecati enim rerum aspernatur ea est nostrum eos neque. Blanditiis laudantium nisi qui labore ab. Magnam facere quidem non dolore. Est et dolores ut. Similique quibusdam suscipit placeat dolorum nesciunt impedit. Rerum porro quia quasi illum. Et sint maxime incidunt ipsam temporibus. Ut earum eius ad voluptatem distinctio et possimus facilis. Tenetur est est quod totam. Omnis at vel alias molestiae laboriosam atque aut. Autem et aut iusto vel repellat et. Delectus cupiditate tenetur voluptatum. Nulla aut aut consequatur rerum. Quo placeat aut quibusdam est maxime. Adipisci tempore ratione ut ut. Cupiditate inventore est repellat et reiciendis. Eum est aliquam quae magnam. Officiis asperiores officiis ut quos rerum nisi unde. Nesciunt dolorem quia sunt asperiores adipisci rerum. Similique fugiat et quo nemo velit.','a:7:{i:0;s:29:\"Ullam est animi quia tenetur.\";i:1;s:50:\"Reprehenderit rerum et ut sit repellendus ducimus.\";i:2;s:30:\"Perferendis optio quod maxime.\";i:3;s:60:\"Adipisci possimus dicta iste qui ducimus assumenda deserunt.\";i:4;s:23:\"Qui delectus sit earum.\";i:5;s:61:\"Voluptas neque dolor illum accusamus enim quasi dolore earum.\";i:6;s:44:\"Est consequatur voluptatum est dolorem sunt.\";}',60,0,3,257.218300,276.218300,NULL,NULL,NULL,1341.00,1,'2022-07-31 18:57:00',1,'rerum-sint-natus-in-laudantium-harum-optio','a:2:{i:0;i:30;i:1;i:40;}','Iusto ut in rerum vitae.','So she began fancying the sort of way, \'Do cats eat bats?\' and sometimes, \'Do bats eat cats?\' for, you see, Miss, we\'re doing our best, afore she comes, to--\' At this moment the door as you might.',1,1,NULL,'2022-07-18 18:57:47','2022-07-25 18:57:47',1),
	(29,2,'Sed dolorem dolor occaecati.',NULL,11,'Bartoletti-Wiegand',3,'dolores','New','Alice, \'it would be like, \'--for they haven\'t got much evidence YET,\' she said to herself, \'to be going messages for a conversation. Alice felt so desperate that she hardly knew what she was now.','Ut enim nostrum rem voluptas. Nobis quae nobis rerum asperiores quae. Consequatur voluptatem odit alias nisi illum cupiditate incidunt aut. Rerum dolores voluptatum odit. Excepturi et sapiente aut repellendus qui officia in. Qui aut aut et officia eos rerum maxime. Dicta asperiores vero adipisci. Recusandae voluptatum voluptatem ipsam perferendis ea voluptatem mollitia. Debitis non repudiandae incidunt. Quasi atque in voluptatem non. Provident eius repellat omnis aut nam. Facere velit reprehenderit consequatur et. Ratione voluptatem sequi rem dicta accusamus odit. Inventore animi molestiae veniam atque velit ut. Voluptatem aut est temporibus ut delectus laborum. Odio inventore esse est et fugiat eos voluptatem laborum. Excepturi molestiae et et vel. Omnis eum non et recusandae. Accusamus atque voluptatem consequatur quod modi autem. Sequi voluptate magni nihil nulla molestiae qui. Quo nostrum eum facilis dolor molestiae a. Qui cupiditate voluptatibus debitis ducimus voluptate. Cupiditate cum laudantium eum omnis reprehenderit ea nihil dignissimos. Qui enim omnis necessitatibus exercitationem voluptatem et. Omnis eaque eius asperiores officia. Nihil dolorem sunt voluptates et reprehenderit laudantium. In id in error.','a:7:{i:0;s:60:\"Quis numquam voluptatem cupiditate mollitia odit nobis sint.\";i:1;s:35:\"Sunt eum aliquam qui sit occaecati.\";i:2;s:38:\"Tenetur et incidunt velit dolor omnis.\";i:3;s:47:\"Corrupti quia maiores quibusdam molestias sunt.\";i:4;s:44:\"Odit quibusdam veritatis expedita inventore.\";i:5;s:30:\"Sed temporibus praesentium et.\";i:6;s:64:\"Praesentium ut sunt quia quibusdam qui deleniti ducimus tempore.\";}',70,0,3,207.774581,381.774581,218.774581,'2022-08-02 18:57:00','2022-08-17 18:57:00',681.00,1,'2022-07-31 18:57:00',1,'repellat-labore-et-iure-non-tempora','a:2:{i:0;i:12;i:1;i:20;}','Et sapiente laborum et nesciunt autem quidem.','Gryphon: and Alice was so long that they would go, and making faces at him as he spoke. \'UNimportant, of course, I meant,\' the King said, for about the twentieth time that day. \'A likely story.',0,1,NULL,'2022-07-27 18:57:47','2022-07-19 18:57:47',1),
	(30,1,'Totam et voluptatem quia dolorum est perferendis.',NULL,32,'Nienow, Leuschke and Treutel',2,'exercitationem','New','Gryphon. \'I mean, what makes them sour--and camomile that makes the matter worse. You MUST have meant some mischief, or else you\'d have signed your name like an arrow. The Cat\'s head with great.','Soluta nemo ipsum voluptatem voluptatem accusamus praesentium dolore facilis. Eum omnis magnam quo enim architecto quis est. Quis est cum inventore culpa voluptatum doloremque. Iure sint repellendus voluptatem aut ratione porro. Quam quod et rerum quisquam nam. Enim ex numquam et molestiae. Harum voluptatem dolores veritatis animi aut reiciendis. Vitae eum mollitia voluptatem quam qui consequuntur. Enim voluptatem sunt facere et. Quia est qui provident qui enim alias voluptas. Cupiditate eos odit exercitationem est. Libero quod deserunt debitis ut. Voluptatibus adipisci quas porro optio amet perspiciatis voluptatem. Sit consequatur voluptas voluptate non nostrum odit. Quia fugit iure necessitatibus itaque similique voluptas blanditiis nihil. Sint sint omnis et nihil saepe minus repellendus. Esse exercitationem excepturi vel aut. Corporis eos ipsa molestiae sit doloribus et maiores pariatur. Omnis facilis consequuntur odio minima. Aut itaque odio excepturi nemo est et aut. Aliquid repellat ut iste est. Corporis velit tempore eius minus. Officiis et est reprehenderit facere dolore veritatis aut magnam. Doloribus aliquid ratione ratione quod fugiat. Aspernatur delectus cum libero neque harum assumenda et. Incidunt et excepturi maiores occaecati id in. Eveniet rerum ducimus molestias autem quis accusantium veritatis. Asperiores repellat recusandae et officiis perspiciatis tenetur est. Eveniet dolor corrupti quae consequatur.','a:7:{i:0;s:29:\"Ut ea recusandae quae libero.\";i:1;s:35:\"Aut aliquid vel consectetur in sit.\";i:2;s:37:\"Quis cum placeat ea corporis debitis.\";i:3;s:54:\"Velit at ducimus occaecati a minima molestias debitis.\";i:4;s:57:\"Qui adipisci repellendus molestias doloribus nulla autem.\";i:5;s:32:\"Laboriosam sunt vitae molestiae.\";i:6;s:44:\"Voluptatem qui excepturi et rem consequatur.\";}',46,0,3,170.041000,296.041000,NULL,NULL,NULL,1571.00,0,'2022-08-01 18:57:00',1,'et-deleniti-nesciunt-iusto-et-eligendi','a:3:{i:0;i:9;i:1;i:36;i:2;i:40;}','Repudiandae aliquam voluptas molestiae blanditiis voluptatum est.','March--just before HE went mad, you know--\' \'But, it goes on \"THEY ALL RETURNED FROM HIM TO YOU,\"\' said Alice. \'I don\'t see how he can thoroughly enjoy The pepper when he pleases!\' CHORUS. \'Wow!.',1,1,NULL,'2022-08-02 18:57:47','2022-07-29 18:57:47',1),
	(31,1,'Quis eos ea alias dignissimos soluta.',NULL,36,'Nader PLC',2,'molestiae','New','March Hare: she thought it would,\' said the Queen, and Alice, were in custody and under sentence of execution. Then the Queen of Hearts were seated on their hands and feet at the stick, running a.','Dolores distinctio eligendi repellendus placeat et deleniti. Eum eos et dolore vel. Quo libero tempora omnis dolores. Culpa qui ex odit officiis sit ut neque itaque. Sunt non nemo enim quia suscipit. Quod quis consectetur quasi laudantium dolor. Facere delectus quo ut quo et occaecati labore voluptas. Voluptatem doloribus sit rerum quae recusandae. Repellat vitae et ut placeat voluptatem ut quis maxime. Vel sint minus blanditiis et expedita. Rem facere sed aut recusandae nisi ut cumque. Qui blanditiis ea et et totam nisi est autem. Quibusdam architecto animi odit architecto ut. Iste vel illum eos blanditiis et est labore. Non aliquid doloribus veniam est enim. Id in sit quam magni harum. Cum vel nihil eos veniam temporibus aliquam. Voluptatem velit laborum maxime aliquid quod voluptatem quia temporibus. Nihil sed fuga ut impedit ut non cum. Voluptas distinctio consequuntur nobis quia quaerat. Minima placeat sunt asperiores consequatur. Eum consequatur ut consequatur voluptate odio facilis officiis ratione. Iste aut consequatur aut unde quas nobis autem enim. Error fugit explicabo ullam explicabo eos. Praesentium velit unde non et. Voluptas commodi sapiente iusto rem provident. Neque est praesentium est deleniti ea nemo asperiores libero. Omnis dolores voluptatem numquam quidem ducimus. Sint natus consequuntur occaecati quo eveniet debitis. Culpa sunt consequatur illo voluptas accusamus qui quas.','a:7:{i:0;s:71:\"Perspiciatis maxime consectetur natus ab voluptate quam nulla expedita.\";i:1;s:36:\"Optio aliquam porro qui et delectus.\";i:2;s:43:\"Nam ut ipsa consequuntur maiores sit animi.\";i:3;s:46:\"Illo ad corporis maxime nihil veritatis nihil.\";i:4;s:27:\"Quo quia dolore amet iusto.\";i:5;s:31:\"Qui illo saepe sed ab voluptas.\";i:6;s:52:\"Id voluptatum reiciendis illo omnis tenetur nostrum.\";}',83,0,3,106.710000,237.710000,142.710000,'2022-08-02 18:57:00','2022-08-15 18:57:00',969.00,1,'2022-08-01 18:57:00',1,'qui-exercitationem-dolor-magnam-vitae-ut-libero','a:2:{i:0;i:2;i:1;i:42;}','Qui quos ab magni nisi consequatur blanditiis.','I can go back and see after some executions I have to whisper a hint to Time, and round goes the clock in a bit.\' \'Perhaps it hasn\'t one,\' Alice ventured to ask. \'Suppose we change the subject. \'Ten.',0,1,NULL,'2022-07-23 18:57:47','2022-07-27 18:57:47',1),
	(32,2,'Sunt ab error quis nulla unde magnam non.',NULL,38,'Nader PLC',3,'non','Used','March Hare said to the end of every line: \'Speak roughly to your little boy, And beat him when he sneezes; For he can EVEN finish, if he wasn\'t one?\' Alice asked. \'We called him a fish)--and rapped.','Sint ut tempora et fuga quia ab aut. Quibusdam assumenda voluptatem omnis asperiores doloribus occaecati qui. Maiores rerum qui rerum quis totam. Id minus praesentium provident doloremque maxime. Fuga aperiam consequatur ea qui eveniet. Voluptate consequatur excepturi voluptatem hic et aliquam. Amet accusantium aliquam id sit distinctio in. Vel ea inventore quasi nesciunt et labore. Deleniti quas eveniet alias ea. Rerum aut saepe eum et. Aspernatur voluptate aspernatur sapiente quasi et sit dolorum. Delectus sed ut laborum non vero ab nihil error. Est facere cumque ipsum aut qui officia. Doloremque id at nihil ut. Voluptatem voluptatem nesciunt molestiae qui. Molestiae porro itaque incidunt unde quia. Corporis id voluptatum tempore consequatur omnis vel ea. Maxime minima voluptas aliquam nesciunt qui velit. Debitis sunt est soluta sunt illum. Impedit voluptatem ut quam dignissimos sunt. Deleniti neque voluptates nam et ex maiores iusto. Aliquid distinctio nam molestias aspernatur at odio consequatur. Dolore qui sed voluptatibus deserunt. Quaerat non ea aut quibusdam ut est. Velit exercitationem assumenda ut facilis nemo quia. Est sit veniam et temporibus ipsa quia consequatur. Modi voluptatem sed veniam omnis quos omnis dolores. Est nam rerum cum autem aliquam molestiae. Ut dolores aut cupiditate aut fugit vel velit et. Omnis aut rem cupiditate voluptate harum tempora. Dicta et nesciunt ipsa alias non. Et animi vitae in dolores. Velit distinctio modi alias natus voluptate.','a:7:{i:0;s:50:\"Blanditiis dolores consequuntur maxime veniam eos.\";i:1;s:28:\"Voluptas et aut velit error.\";i:2;s:30:\"Id qui qui non assumenda enim.\";i:3;s:48:\"Voluptatem praesentium pariatur dolorum ut odit.\";i:4;s:22:\"Sit ea eos amet error.\";i:5;s:40:\"Rerum qui quia beatae culpa aut ut quos.\";i:6;s:39:\"Aut est aliquam itaque ut voluptatibus.\";}',29,0,3,324.674660,482.674660,NULL,NULL,NULL,1235.00,1,'2022-08-01 18:57:00',1,'aut-asperiores-odio-omnis-dolor-harum','a:2:{i:0;i:16;i:1;i:19;}','Incidunt impedit deserunt repellendus dolor eos.','Alice said with a table in the pictures of him), while the Dodo said, \'EVERYBODY has won, and all the rest of the cattle in the way down one side and then Alice dodged behind a great hurry to get.',0,1,NULL,'2022-07-22 18:57:47','2022-07-19 18:57:47',1),
	(33,1,'Adipisci harum ipsum et tempora omnis blanditiis hic.',NULL,1,'Olson, Kemmer and Schaden',1,'excepturi','Used','Dinn may be,\' said the White Rabbit, \'but it seems to like her, down here, and I\'m sure she\'s the best of educations--in fact, we went to school in the middle, being held up by two guinea-pigs, who.','Sit doloremque suscipit quisquam assumenda quibusdam voluptate. Consequatur magnam id vel ut sapiente minima eligendi. Voluptatibus aliquid sed iusto corrupti. Fuga nihil possimus quos sequi. Dolore in vitae ut minus quo sed natus qui. Non ullam est id. Inventore blanditiis aut et dolores sed. At nostrum facilis quas. Enim iure et tenetur. Aut laudantium nisi quam quasi eveniet. Animi rerum ea distinctio temporibus quae. Quidem excepturi necessitatibus molestiae cupiditate ipsam illo. Ut sed aperiam odio non quos unde accusamus. Aliquam quia voluptatem ut aliquid nemo. Soluta quia necessitatibus sed et. Nulla nihil quis ullam expedita officia. Adipisci quo dolor voluptas eum consequatur iste. Maxime in exercitationem beatae eveniet voluptatibus. Culpa dolores eum voluptatibus omnis commodi. Nesciunt alias unde ut quod. Quibusdam quidem beatae esse similique nesciunt at ut. Pariatur optio delectus minima omnis. Fuga quia omnis voluptatibus iure necessitatibus inventore. Et modi rem qui quae error. Et sit ut sed expedita. Expedita enim iure ut illo quo iste enim rerum. Velit ex dolorem quidem nostrum ut. Esse cum aut accusantium et. Atque et cupiditate assumenda velit reprehenderit veritatis eos. Et consectetur iusto dolorum veniam. Iusto quod fugit optio soluta et. Voluptates officiis dicta eaque asperiores. Consequatur itaque neque cupiditate ab excepturi corporis voluptatibus itaque.','a:7:{i:0;s:33:\"Voluptatum illo nemo harum culpa.\";i:1;s:53:\"Excepturi fugit rerum voluptas numquam eligendi sunt.\";i:2;s:18:\"Eos et et et iure.\";i:3;s:43:\"Molestiae in beatae temporibus sed in sint.\";i:4;s:41:\"Laboriosam odio quam quia non dolores et.\";i:5;s:35:\"Voluptatem quo expedita officia et.\";i:6;s:44:\"Distinctio velit harum amet aut consectetur.\";}',85,0,3,252.638670,335.638670,NULL,NULL,NULL,1388.00,0,'2022-07-31 18:57:00',1,'repellat-numquam-sit-error-quis-ad-distinctio-qui','a:3:{i:0;i:14;i:1;i:28;i:2;i:43;}','Reprehenderit perferendis sed iste consequatur blanditiis molestiae id.','March Hare. \'Exactly so,\' said Alice. \'Of course they were\', said the Hatter: \'I\'m on the stairs. Alice knew it was out of a well--\' \'What did they live at the top of its mouth again, and Alice.',0,1,NULL,'2022-07-24 18:57:47','2022-07-28 18:57:47',1),
	(34,2,'Et incidunt autem non incidunt laboriosam aut asperiores.',NULL,14,'Welch-Rowe',5,'laudantium','New','Alice. \'Why, there they lay on the shingle--will you come to an end! \'I wonder what they\'ll do well enough; don\'t be nervous, or I\'ll kick you down stairs!\' \'That is not said right,\' said the Mock.','Molestiae maiores quis aliquid qui itaque veritatis voluptatem hic. Quisquam delectus libero optio sunt iste. Distinctio minus consectetur facere est deleniti ipsam. Quos repellat qui ut. Veniam est quidem id commodi atque et non. Id et quo ut explicabo vel. Debitis possimus rerum autem quam porro. Ut voluptatem suscipit molestiae et. A voluptatem occaecati blanditiis beatae blanditiis ut. Incidunt eos omnis quis explicabo earum. Quos fugiat laboriosam et magnam qui. Ea reprehenderit similique aut quasi omnis molestiae. Molestiae cumque et nihil nam quia quia. Voluptas doloribus ab ipsum non. In at ut aut. Aut voluptatum corrupti sequi dicta qui suscipit ut recusandae. Ut voluptates provident sunt saepe molestias necessitatibus. Fugiat voluptatibus sint adipisci consequuntur animi omnis. Saepe eaque minima minima ut. Officia commodi qui est voluptatibus. Ea numquam eveniet blanditiis velit dolores ullam. A suscipit dolores dolores architecto perspiciatis. Earum dolores odit ut rerum et. Rerum perspiciatis eum et recusandae. Sint aut doloribus maiores labore eius vero architecto. Molestias neque aut aut dolor repudiandae ut minus. Qui eveniet ut in eligendi velit ab. Et nesciunt veniam in in alias dolores reiciendis officiis. Molestias porro voluptate autem velit voluptatum. Aspernatur dolor nostrum facere quae corrupti libero laboriosam eum. Inventore accusantium accusamus ullam nobis nemo natus. Aut beatae soluta earum eaque. Voluptas consectetur quam ut eos.','a:7:{i:0;s:58:\"Modi explicabo vel qui distinctio assumenda quisquam quos.\";i:1;s:19:\"Sit ut magni minus.\";i:2;s:56:\"Et praesentium voluptas accusamus et cupiditate tempore.\";i:3;s:54:\"Debitis a velit similique explicabo sint eveniet enim.\";i:4;s:59:\"Reprehenderit maiores quibusdam ipsum sint sed dolore modi.\";i:5;s:25:\"Ipsum et sed impedit aut.\";i:6;s:52:\"Quia cumque molestiae sunt omnis aut et consequatur.\";}',55,0,3,128.254040,262.254040,NULL,NULL,NULL,1302.00,0,'2022-07-31 18:57:00',1,'provident-qui-architecto-voluptatibus-veniam-sunt-harum','a:3:{i:0;i:20;i:1;i:39;i:2;i:40;}','Fuga est est a impedit deleniti eius.','Dormouse followed him: the March Hare took the place where it had been. But her sister on the bank, with her friend. When she got into a cucumber-frame, or something of the tail, and ending with the.',1,1,NULL,'2022-07-18 18:57:47','2022-07-29 18:57:47',1),
	(35,3,'Eius quo omnis nesciunt accusantium.',NULL,25,'Nader PLC',4,'maxime','New','ARE you doing out here? Run home this moment, I tell you!\' But she did it so quickly that the meeting adjourn, for the next witness.\' And he added looking angrily at the corners: next the ten.','Velit a sed dignissimos vel ad. Rerum temporibus sapiente consectetur non est eos. Eveniet voluptate non accusamus nemo. Aut aliquid culpa eum officiis et consequatur. Eaque modi sed totam sed laboriosam saepe qui et. Et odio dicta quis ut et. Qui voluptatem dicta ex. Et atque quibusdam quia. Corporis ratione quod dolor aperiam. Sint dolor ut qui magni non voluptate qui. Expedita eum amet aliquid consequatur. Ratione blanditiis labore vel quia. Veniam aut aut itaque ea. Explicabo rerum doloremque in laudantium et error. Voluptates esse velit exercitationem error perspiciatis sed tempore. Esse sit repellendus sint impedit recusandae. Vel est voluptas occaecati quae quidem reiciendis. Vel iure quia nesciunt aut. Reiciendis magni nesciunt veniam libero. Modi qui minus in sint. Eos et temporibus velit voluptatem. Quidem dolorem molestiae nobis laudantium ea. Et rerum sed suscipit. Est maxime eaque facilis temporibus sit mollitia. Ut ut est sit cupiditate consequuntur molestiae sed. Pariatur est ratione molestiae praesentium quas quae maiores. Nulla iusto ut maxime suscipit nemo. Nulla ad dolorem modi suscipit. Aut quia soluta debitis corporis illo laborum. Voluptatem voluptas ea molestiae eligendi pariatur provident. Maxime occaecati et ut deserunt omnis id. Quas ut vel cumque quas enim. Eveniet rerum nemo et quis quia debitis. Dolorum ad enim laboriosam qui placeat. Molestias quas quibusdam nihil. Molestias reprehenderit ad est.','a:7:{i:0;s:32:\"Magni tenetur libero aut ea est.\";i:1;s:55:\"Quo non doloremque labore voluptatibus impedit dolores.\";i:2;s:35:\"Aut ut eveniet dolor sed quis enim.\";i:3;s:29:\"Sit recusandae porro nostrum.\";i:4;s:38:\"Aperiam et autem illo ea quasi veniam.\";i:5;s:48:\"Molestias ipsum consectetur voluptatem possimus.\";i:6;s:46:\"Dolor et dolorem ipsam itaque explicabo magni.\";}',33,0,3,252.753700,413.753700,NULL,NULL,NULL,836.00,1,'2022-07-30 18:57:00',1,'voluptatem-sequi-est-sit-odit','a:3:{i:0;i:24;i:1;i:32;i:2;i:43;}','Aut qui natus quibusdam error et modi.','I\'d been the right size, that it was growing, and very neatly and simply arranged; the only difficulty was, that if you want to stay with it as to go nearer till she was dozing off, and had just.',0,1,NULL,'2022-08-01 18:57:47','2022-07-27 18:57:47',1),
	(36,4,'Sint quia quia quo commodi.',NULL,14,'Goodwin Group',2,'facilis','Refurbished','I know is, it would be as well be at school at once.\' And in she went. Once more she found herself in the sand with wooden spades, then a great hurry; \'and their names were Elsie, Lacie, and Tillie.','Aut voluptate neque accusamus ex incidunt adipisci animi. Quia qui minima quibusdam assumenda cupiditate modi sed. Dolorum commodi eum alias doloremque eos. Provident laboriosam accusamus reprehenderit ut dolor. Deserunt facere ut sed repellendus id. Id assumenda accusamus aut. Aut aut eos omnis. Quisquam est laudantium ea molestiae. Voluptatem nisi tempora voluptatum earum. Ea explicabo recusandae ut eligendi. Deleniti consequatur culpa tempore veniam nemo. Fuga quia non porro ut quia cum. Nihil nulla consequatur debitis rerum recusandae. Vel odio iusto nisi perferendis nesciunt odio qui. Perferendis debitis est non nisi. Consequuntur ut est voluptatum qui inventore molestias quidem. Dicta et quia quod nulla numquam rerum. Omnis qui debitis aut et hic asperiores. Labore nemo qui impedit aut autem quis. Dolorem quam esse repudiandae a modi est. Vero molestiae unde voluptatum. Sed in itaque corporis qui magnam est. Maxime unde nulla repellat et. Molestiae aut voluptates aperiam esse. Saepe ut sint cum quis quos harum aspernatur. Nam neque ipsam necessitatibus et amet illum expedita. Ut veniam qui eligendi id consequatur omnis porro recusandae. Aut sed tenetur quam corporis. Voluptatem voluptate omnis dignissimos. Qui perferendis eligendi corrupti tempora dolorem est. Velit delectus accusantium molestias ut dicta. Qui voluptas et officia qui veniam.','a:7:{i:0;s:70:\"Dolor debitis accusamus quia quidem dolorum quis voluptatibus tenetur.\";i:1;s:37:\"Adipisci adipisci autem non adipisci.\";i:2;s:61:\"Autem sint et libero ex tempore voluptatibus quasi similique.\";i:3;s:61:\"Est sit aut nulla distinctio ducimus sequi similique maiores.\";i:4;s:27:\"Sunt at labore cumque quia.\";i:5;s:40:\"Adipisci voluptatem quae in ullam in et.\";i:6;s:54:\"Vel tempore qui est consequatur consequuntur ipsum ea.\";}',76,0,3,360.409000,410.409000,NULL,NULL,NULL,125.00,1,'2022-08-01 18:57:00',1,'odio-qui-id-qui-molestiae-nihil','a:3:{i:0;i:12;i:1;i:41;i:2;i:43;}','Reiciendis sit accusantium id non neque et.','Mouse only shook its head impatiently, and said, \'It was the Cat remarked. \'Don\'t be impertinent,\' said the Dodo, pointing to the cur, \"Such a trial, dear Sir, With no jury or judge, would be.',0,1,NULL,'2022-07-28 18:57:47','2022-08-02 18:57:47',1),
	(37,3,'Et ea magnam non non magnam debitis beatae nostrum.',NULL,13,'Goodwin Group',2,'est','New','Dormouse was sitting on the whole cause, and condemn you to sit down without being seen, when she had not gone far before they saw the White Rabbit, trotting slowly back again, and said, \'It WAS a.','Porro rem et sapiente id beatae dolore. Molestiae optio necessitatibus corrupti facere quam et expedita dolor. Voluptatem voluptas praesentium voluptatibus cupiditate. Voluptatum non sit illum quod. Aut voluptas voluptas placeat facilis non excepturi distinctio. Quasi quidem sunt id ullam asperiores natus repudiandae explicabo. Eum et exercitationem odit pariatur. Voluptas amet cum voluptatem recusandae. Et nemo totam voluptas et. Dolorem odio hic accusantium accusamus illo sapiente. Eos architecto qui asperiores dicta sed dolorum. Quo vitae magni qui maxime. Et accusamus quod explicabo quis. Maxime voluptatem cumque iste beatae voluptates cum quia qui. Suscipit odio in et corrupti ducimus. Cum in soluta quos sed distinctio. Ut quaerat qui perspiciatis ratione sunt ullam. Quo eum nihil in laborum eius animi nihil. Nemo sit explicabo beatae ad. Aut laudantium minima et adipisci. Et ullam tenetur minima quidem quod fuga facere laboriosam. Repellat et ipsum voluptas magnam rerum blanditiis. Eius quis sint eveniet excepturi. Excepturi quo voluptatum sint ut. Exercitationem animi et omnis. Iste sint dolore nostrum alias molestiae eius qui voluptatibus. Eos recusandae sequi consectetur repellat. Culpa quaerat id cumque magni illum aliquam ea similique. Aut placeat expedita quia voluptas aut cumque. Expedita eveniet voluptatem nisi quam id et. Eos et saepe ullam. Et rerum unde odio doloribus est ex dolore. Tenetur ut quos dolorem maiores et consequatur.','a:7:{i:0;s:37:\"Quis nam nihil fugiat rerum non odio.\";i:1;s:50:\"Aut est id fugiat sed suscipit ab excepturi nulla.\";i:2;s:27:\"Est et voluptatem quia eum.\";i:3;s:43:\"Debitis non tempore amet amet ducimus eius.\";i:4;s:22:\"Et minus ab aut atque.\";i:5;s:54:\"Velit autem molestiae et quos molestiae quaerat autem.\";i:6;s:57:\"Adipisci facilis quam natus cum iusto reprehenderit sint.\";}',98,0,3,354.800000,478.800000,381.800000,'2022-08-02 18:57:00','2022-08-16 18:57:00',1417.00,1,'2022-07-31 18:57:00',1,'quibusdam-facilis-nihil-similique-consequatur-fugiat','a:2:{i:0;i:12;i:1;i:44;}','Delectus laboriosam optio vitae vel.','She gave me a good deal until she had felt quite relieved to see anything; then she walked up towards it rather timidly, as she could remember about ravens and writing-desks, which wasn\'t much. The.',1,1,NULL,'2022-07-27 18:57:47','2022-07-30 18:57:47',1),
	(38,3,'Deleniti provident eos et sunt ipsa qui.',NULL,47,'Mayert-Ryan',1,'commodi','Used','I had it written down: but I shall be punished for it to her feet, they seemed to be sure; but I shall have to fly; and the great hall, with the game,\' the Queen had only one who got any advantage.','Aut occaecati expedita sed magnam. Facilis in est doloribus ut voluptatem et. Officia veritatis minima repellat commodi nemo blanditiis perferendis. Id mollitia quibusdam voluptatibus fugiat sint. Et consequatur possimus cupiditate voluptatum. Earum ut molestiae vitae accusantium et voluptas. Pariatur nostrum inventore consequuntur. Voluptatibus aperiam aut quo molestiae ex ea. Fuga qui consequatur eaque molestias. Consequuntur sequi laboriosam molestiae cum. Sint architecto labore cumque magnam quas. Dolorem magnam facilis ipsam dignissimos. Adipisci deserunt et quidem et iusto ipsa consequatur. Sed consequuntur omnis et. Reiciendis earum quibusdam tempore libero iure. At repellat eius iusto. Eum quasi dolor numquam adipisci natus ratione. Libero fuga similique quisquam nemo culpa dolorem. Esse esse ut doloribus nostrum reprehenderit eveniet qui. Aut fugiat in perferendis suscipit necessitatibus in voluptates culpa. Accusantium cumque sint et vel itaque. Officiis consequuntur praesentium quisquam ratione. Eius sunt deserunt ipsum magni ab facilis ut quis. Nemo magnam sunt eligendi nisi accusamus animi est iure. Impedit accusantium quia autem dolore. Blanditiis ea quod dignissimos quia cum. Reiciendis modi earum fugit a molestias molestiae architecto. Fugit suscipit rerum earum deserunt. Vel modi dolores quis dolorum dolor. At voluptatum aut eum qui suscipit vero.','a:7:{i:0;s:59:\"Illum doloremque itaque dolor et est molestiae incidunt et.\";i:1;s:30:\"Et et iste aut odit omnis est.\";i:2;s:36:\"Iusto et id veniam eos quia maiores.\";i:3;s:31:\"Aut qui laborum sunt excepturi.\";i:4;s:36:\"Maxime eveniet dolor non a aut quia.\";i:5;s:35:\"Hic cumque tempore autem ea sed ea.\";i:6;s:49:\"Amet consequatur exercitationem nulla enim saepe.\";}',17,0,3,65.604000,149.604000,NULL,NULL,NULL,1863.00,1,'2022-08-01 18:57:00',1,'aut-cupiditate-incidunt-quod-nisi-qui-ratione','a:2:{i:0;i:10;i:1;i:34;}','Ea earum eaque voluptas atque.','ONE.\' \'One, indeed!\' said Alice, quite forgetting her promise. \'Treacle,\' said a sleepy voice behind her. \'Collar that Dormouse,\' the Queen jumped up and down in a trembling voice, \'Let us get to.',1,1,NULL,'2022-07-26 18:57:47','2022-07-27 18:57:47',1),
	(39,5,'Tempora soluta occaecati id ut.',NULL,13,'Schinner, Huel and Kunze',3,'sint','Refurbished','Mock Turtle, and said \'No, never\') \'--so you can find out the words: \'Where\'s the other side of WHAT?\' thought Alice; \'but when you come and join the dance. \'\"What matters it how far we go?\" his.','A mollitia placeat aut nulla facilis quia. Nesciunt et commodi recusandae veniam. Dolorum dolore rem rerum nisi. Voluptatem sunt in officiis similique. Ex fugiat qui at vel voluptas sapiente. Commodi sit et dolore temporibus sed quod voluptatem. Sit minima adipisci nam et expedita repellendus. Et nemo maiores cum sed. Eius veniam necessitatibus corrupti quod aut. Magni repellendus officiis perspiciatis. Non quod atque hic sed illum error. Est eius explicabo vero ipsam cum nulla atque et. Id tenetur quia consequatur rerum aliquid est. Ut excepturi aliquam fuga illum voluptatem eaque. Aut porro temporibus sunt blanditiis. Error et iure dolores nulla. Quia veniam et blanditiis. Minima et libero ratione cupiditate. Modi odit praesentium aperiam ut quo. Fuga voluptatem iste sint nihil ex quia reiciendis. Vel vitae non qui. Sapiente sequi voluptas ipsa dolorem eos dolorum sunt. Quas exercitationem fugiat ut nihil. Reprehenderit ex vitae veniam nemo aliquid. Libero dolorem delectus assumenda. Consequuntur velit enim est sequi. Repellat ex incidunt ea nobis temporibus aliquam. Facere natus odio unde quis esse natus. Nam dolorem nesciunt non dolores molestiae. Cumque fugit nulla distinctio. Totam voluptates blanditiis totam iusto debitis tempora maiores. Est quia blanditiis fugiat rem autem. Aut qui consequatur blanditiis omnis reiciendis et.','a:7:{i:0;s:27:\"Voluptatem ut quos sequi a.\";i:1;s:50:\"Qui tenetur iste autem et molestiae quis officiis.\";i:2;s:30:\"Quia praesentium fuga cum est.\";i:3;s:44:\"Ducimus nisi delectus explicabo nihil totam.\";i:4;s:44:\"Quae itaque at quae non minima enim dolorem.\";i:5;s:55:\"Aliquid repellat natus et harum reprehenderit ut sequi.\";i:6;s:52:\"Repellendus facilis ut alias et sit quaerat tempore.\";}',13,0,3,168.800000,174.800000,121.800000,'2022-08-02 18:57:00','2022-08-14 18:57:00',1308.00,1,'2022-08-01 18:57:00',1,'quam-aut-ex-cupiditate-architecto-qui-omnis-excepturi','a:2:{i:0;i:0;i:1;i:13;}','Ab quae aliquid occaecati sint soluta praesentium.','Caterpillar. Alice folded her hands, wondering if anything would EVER happen in a loud, indignant voice, but she got up this morning? I almost wish I\'d gone to see what would be quite absurd for her.',1,1,NULL,'2022-07-19 18:57:47','2022-07-22 18:57:47',1),
	(40,4,'Laborum at numquam cumque dicta esse.',NULL,49,'Bednar Inc',1,'labore','Used','I was thinking I should think you\'ll feel it a very grave voice, \'until all the jelly-fish out of sight: \'but it sounds uncommon nonsense.\' Alice said nothing: she had plenty of time as she fell.','Architecto placeat aut fugit. Nihil possimus molestiae provident esse ipsa sit. Rerum odio repudiandae voluptas accusamus quasi facere temporibus explicabo. Soluta culpa commodi sed similique iure repudiandae in. Dolor amet laudantium vitae minima nihil ab. Esse ipsa accusamus placeat sed. Blanditiis inventore voluptatem ullam sapiente repellat a qui. Qui ut molestiae sed tempora unde modi nostrum. Molestiae vel perspiciatis rerum maiores ab dolorem autem voluptas. Eum qui libero officia est deleniti et nihil sint. Magnam et distinctio sit ut repudiandae in. Ut tempora enim omnis. Cumque optio ipsum aliquid dolore et officiis. Quisquam quos soluta dolore expedita error eum tenetur. Et quae autem et voluptatibus aut. Quam ut iste et nihil architecto occaecati perferendis. Quas odio nostrum dicta praesentium nobis. Distinctio id expedita sunt vero. Quos consectetur est commodi eos. Et neque aliquam ut ut voluptas molestias. Unde enim veritatis et et. Quae maiores odit nesciunt ut. Consequatur rerum ea dolorum est. Voluptatem cumque corporis sint hic magnam autem debitis rerum. Sit et praesentium aut explicabo mollitia dolor. Saepe voluptatem et voluptatibus modi. Itaque error illo ratione. Veritatis quis ratione debitis ad dolor. Animi dolor enim reiciendis earum. Ut facere excepturi temporibus molestiae ducimus. Maxime ut minus et ipsam temporibus molestiae laudantium. Cumque ut eligendi aut qui quia dolor temporibus. Voluptatem nisi vel rerum sint itaque dolores.','a:7:{i:0;s:43:\"Est nemo veritatis facere iure dignissimos.\";i:1;s:32:\"Dolorum ducimus qui dolor iusto.\";i:2;s:52:\"Totam vitae nemo enim aspernatur deserunt hic magni.\";i:3;s:29:\"Maiores aperiam est odio aut.\";i:4;s:60:\"Eaque et labore praesentium voluptates dolor autem unde qui.\";i:5;s:28:\"Suscipit et nisi nulla quia.\";i:6;s:47:\"Adipisci quos et est rerum voluptatem ipsa non.\";}',21,0,3,179.820000,331.820000,NULL,NULL,NULL,251.00,0,'2022-08-01 18:57:00',1,'nihil-quia-ullam-quia-qui-natus-quae','a:2:{i:0;i:10;i:1;i:46;}','Minima earum in consequuntur reiciendis sint nihil dolore rerum.','I didn\'t know that Cheshire cats always grinned; in fact, a sort of knot, and then turned to the jury. \'Not yet, not yet!\' the Rabbit angrily. \'Here! Come and help me out of sight, he said to the.',0,1,NULL,'2022-08-02 18:57:47','2022-07-30 18:57:47',1),
	(41,5,'Voluptate explicabo qui sunt dolores ut.',NULL,31,'Lemke and Sons',5,'commodi','Refurbished','ME\' were beautifully marked in currants. \'Well, I\'ll eat it,\' said the Rabbit came up to her usual height. It was the Hatter. \'Nor I,\' said the White Rabbit, with a shiver. \'I beg pardon, your.','Quisquam aspernatur nihil veniam tempora quia. Est suscipit qui doloribus doloremque molestias ab. Officiis et aut quisquam nisi qui aut. Iure et sit debitis fugiat. Non dolores eos et est qui quibusdam architecto. Tenetur molestiae nesciunt cum. Consectetur omnis ex dolore. Ipsam unde quae doloremque voluptas id ut. Voluptates pariatur perspiciatis qui qui vero omnis in. Ullam aliquid nam illo qui voluptas qui voluptatibus. Repellat mollitia ut quos id et expedita et. Nihil vero voluptatem qui necessitatibus voluptates ut. Ut quia perspiciatis et voluptatem corporis. Totam aut quos ex omnis ab fuga quam ipsam. Sint repellendus ratione harum laudantium ut est perspiciatis. Fuga ipsum soluta eos quae soluta. Possimus libero modi et doloremque labore. Amet delectus eius nemo voluptatem iure. Ea id dolorum rerum nihil amet quis. Autem non id a deleniti quisquam id natus culpa. Voluptatem odio aliquid ea cum sunt est et ut. Sequi vitae nihil ipsum ex rerum nostrum. Qui provident et neque mollitia velit explicabo. Est autem aut in aut. Et fuga nesciunt et voluptas. Ut soluta debitis repellendus quo culpa est voluptatem. Doloremque veniam quia consequatur in ad nesciunt. Et veniam ratione expedita est. Excepturi qui magni quasi aliquam voluptas placeat alias quis. Expedita corrupti et quia et necessitatibus quo et. Aliquid omnis sunt ipsam deserunt enim. Et mollitia dolores nobis numquam. Et laudantium perspiciatis sint et. Quibusdam est aut et. Sit inventore explicabo doloremque.','a:7:{i:0;s:45:\"Dolorem temporibus itaque laboriosam eum cum.\";i:1;s:49:\"Est asperiores dolor voluptatem voluptas tempore.\";i:2;s:31:\"Nihil inventore quasi id totam.\";i:3;s:34:\"Explicabo ut dolor explicabo quia.\";i:4;s:22:\"Veniam ipsum cum illo.\";i:5;s:72:\"Voluptates quae et nihil reprehenderit deleniti voluptatem est delectus.\";i:6;s:52:\"In eos veritatis repellat quos velit sed blanditiis.\";}',52,0,3,297.363000,324.363000,NULL,NULL,NULL,1413.00,0,'2022-07-30 18:57:00',1,'sapiente-laudantium-odio-iste-voluptas-quos-consequatur-iure-architecto','a:2:{i:0;i:28;i:1;i:42;}','Ab minus distinctio laborum aut molestiae consectetur eum.','So she began: \'O Mouse, do you know about this business?\' the King said to Alice, they all stopped and looked at the place of the busy farm-yard--while the lowing of the goldfish kept running in her.',1,1,NULL,'2022-07-24 18:57:47','2022-07-23 18:57:47',1),
	(42,2,'Deserunt rerum quae ut qui corrupti.',NULL,34,'Bednar Inc',3,'cumque','Used','King said, for about the right thing to get in at the Hatter, \'when the Queen said severely \'Who is this?\' She said it to annoy, Because he knows it teases.\' CHORUS. (In which the March Hare went.','Ducimus quae culpa et aliquam. Voluptatem harum et dolore. Esse aliquid aperiam aut eos consequatur. Ut asperiores quisquam aut. Excepturi eum explicabo exercitationem blanditiis hic tempore. Qui blanditiis sunt dolor eum. Nobis autem et natus voluptates magni quia. Blanditiis dignissimos possimus ut nostrum voluptatem consequuntur. Quaerat itaque molestias omnis et odit accusamus pariatur dolores. Non qui culpa voluptatum numquam. Doloribus culpa repellendus quas cumque voluptates neque sint. Ad qui quis velit assumenda eos pariatur amet. Unde provident exercitationem itaque possimus. Vitae error officia consequatur quam. Repellendus voluptatem aut expedita corporis qui magni maiores. Ut sequi tenetur sed quisquam modi. Eum non sequi dolorum rerum. Quidem nostrum at labore aut qui non fuga. Aut quidem earum est molestiae iusto assumenda aut. Omnis sequi aliquam animi consectetur hic necessitatibus. Qui dolorem quo et voluptas. Aut voluptatem et sed nemo mollitia. Culpa recusandae deleniti quia fugiat et. Occaecati nihil odit quasi quas eaque praesentium sed ut. Beatae aut quo voluptas similique natus. Et voluptas minus commodi fugiat ducimus quaerat numquam perspiciatis. Adipisci aliquid maiores perferendis eius. Quas officia vel non. Dolores voluptas nesciunt earum rerum odit possimus sunt. Sint quia optio quis repudiandae ut aspernatur qui. Debitis nihil voluptate beatae aliquam facere possimus rerum. Ratione praesentium earum perspiciatis maiores deleniti.','a:7:{i:0;s:51:\"Repellat ipsam aut rerum consequatur nulla numquam.\";i:1;s:63:\"Nesciunt ullam eum voluptatem totam eos aperiam velit voluptas.\";i:2;s:28:\"Magnam eos maiores nesciunt.\";i:3;s:32:\"Quo quis minima iste doloremque.\";i:4;s:38:\"Voluptatem expedita magnam cupiditate.\";i:5;s:56:\"Sit et sequi accusamus sit numquam perspiciatis dolorem.\";i:6;s:49:\"Sit amet ad exercitationem aut tempore vitae cum.\";}',15,0,3,179.525486,291.525486,246.525486,'2022-08-02 18:57:00','2022-08-05 18:57:00',144.00,0,'2022-08-01 18:57:00',1,'molestiae-quod-sed-maiores','a:2:{i:0;i:21;i:1;i:35;}','Praesentium distinctio architecto soluta maiores aperiam quaerat ex.','No, I\'ve made up my mind about it; if I\'m not looking for eggs, as it was only the pepper that had slipped in like herself. \'Would it be of any that do,\' Alice hastily replied; \'at least--at least I.',1,1,NULL,'2022-08-02 18:57:47','2022-07-30 18:57:47',1),
	(43,1,'Corrupti tenetur incidunt a illo.',NULL,24,'Nicolas-Skiles',2,'placeat','New','I\'m a hatter.\' Here the Queen in a soothing tone: \'don\'t be angry about it. And yet I don\'t like them!\' When the sands are all dry, he is gay as a last resource, she put her hand again, and we won\'t.','Eaque quo quas quam saepe dolorum. Voluptatem saepe sapiente nihil qui odio. Et quia minima nesciunt occaecati sit. Consequatur fuga nam ipsum cupiditate animi. Delectus beatae dolorum eius facilis molestias nihil. Ducimus recusandae asperiores accusantium labore. Molestiae magnam expedita dolores ut porro hic dolore. Omnis dolore quia ex error et totam quaerat et. Debitis ut quod in iste hic qui et autem. Ea quaerat ducimus explicabo quas. Eum rerum veritatis et sint saepe eos. Assumenda sit dolor laudantium. Quod eaque voluptatibus dignissimos sed doloremque omnis nostrum est. Cumque aut deleniti odit vel. Temporibus sint saepe voluptas sequi fuga est ut repellat. Ratione rerum ex ullam harum omnis rerum vel quo. Ut illo quibusdam fugiat molestiae. Aut tenetur qui qui cum adipisci natus. Excepturi voluptas sapiente alias voluptate. Aut hic quia aut amet magnam. Tenetur odio voluptatem assumenda voluptas sit. Non aut soluta esse quibusdam dolorem in harum. Fuga deleniti aut sunt sequi suscipit vel et eaque. Id ipsum recusandae est cum. Laboriosam veniam cupiditate aut ad quia et laborum. Mollitia voluptas reprehenderit sequi et incidunt. Qui fuga quos quia eos perspiciatis. Qui amet saepe dolores similique iusto est non enim. Consectetur nesciunt sed rerum nihil et et earum sit. Molestias sit qui sit dolor. Atque deleniti sed vel et aut accusamus illo rem. Et consectetur minus recusandae nihil rerum qui ex nesciunt. Eum ratione nesciunt neque ipsa quaerat quia natus.','a:7:{i:0;s:29:\"Omnis rem ea qui enim libero.\";i:1;s:29:\"Repellat ea et nulla tempora.\";i:2;s:30:\"Est eligendi nihil ad dolorum.\";i:3;s:50:\"Et et et hic aspernatur iure hic vel voluptatibus.\";i:4;s:52:\"Earum omnis facere explicabo velit ducimus nesciunt.\";i:5;s:32:\"Deserunt enim expedita nam quos.\";i:6;s:51:\"Eaque tenetur voluptas quasi odio ratione nesciunt.\";}',13,0,3,361.444384,510.444384,306.444384,'2022-08-02 18:57:00','2022-08-22 18:57:00',968.00,0,'2022-07-31 18:57:00',1,'ab-unde-illo-consequatur-quae-tenetur-officia','a:3:{i:0;i:0;i:1;i:42;i:2;i:43;}','Similique quis facilis saepe vitae sint pariatur ipsa.','Alice: he had come back with the Gryphon. Alice did not like the three gardeners, oblong and flat, with their heads downward! The Antipathies, I think--\' (she was obliged to write this down on the.',0,1,NULL,'2022-08-01 18:57:47','2022-07-22 18:57:47',1),
	(44,3,'Consequatur enim excepturi aperiam qui iure provident non.',NULL,47,'Olson, Kemmer and Schaden',4,'laboriosam','Used','And here Alice began to cry again, for she could not help bursting out laughing: and when she noticed a curious dream!\' said Alice, in a languid, sleepy voice. \'Who are YOU?\' said the Lory. Alice.','Dolore ducimus ad occaecati sint dolores aut quia saepe. Nihil architecto facere eaque repudiandae. Amet at suscipit culpa dolor facere. Et omnis dolor et dolores inventore illum culpa. Harum tempore id itaque itaque. Dolorum rerum id ea debitis dignissimos a debitis laboriosam. Et quia molestias reprehenderit distinctio natus. Expedita at esse enim nostrum nihil omnis officiis. Quia quo ea culpa numquam consequatur consequuntur et qui. Id ipsa est architecto praesentium voluptatem. Enim qui minus non numquam cum doloribus. Consequatur vel saepe iusto quisquam autem dolor eos. Ex dolore saepe molestiae. Deserunt sunt est blanditiis ut maiores eius nemo id. Libero sunt ipsum omnis dicta ipsam. Sed consequatur quia enim at sed enim. Consequatur ea laudantium incidunt eum eos culpa et illum. Illum occaecati enim quia. Eos nihil voluptas voluptas in. Id sequi dolores sed et. In voluptatum unde enim animi consequatur nam fuga in. Harum nihil aut quam natus est illum eum doloribus. Quia voluptate cupiditate eum sed. Quo quia facilis possimus repellat. Quia consectetur libero dignissimos. Aliquam amet libero provident perspiciatis. Hic beatae molestias ut tempora molestiae tenetur iusto. Facere illum voluptatem porro totam. Vel cumque quia qui perspiciatis in. Exercitationem sed a perspiciatis assumenda aut dicta. Voluptas sint consequatur alias hic nostrum enim maiores est.','a:7:{i:0;s:36:\"Quo non illum temporibus magnam qui.\";i:1;s:52:\"Sunt assumenda voluptas nulla ad autem totam dolore.\";i:2;s:25:\"Quo quia est dolorem est.\";i:3;s:46:\"Nobis quam aut et in tempora beatae molestias.\";i:4;s:28:\"Aperiam dolor animi aut aut.\";i:5;s:50:\"Dolores culpa ut perferendis natus sit voluptatem.\";i:6;s:22:\"Quia rerum ut sed non.\";}',64,0,3,110.762170,303.762170,NULL,NULL,NULL,1194.00,0,'2022-07-30 18:57:00',1,'sint-ducimus-eos-facilis-nulla-quam','a:3:{i:0;i:20;i:1;i:29;i:2;i:39;}','Dolor aut impedit tempora.','Hatter. \'I deny it!\' said the King. \'Nearly two miles high,\' added the Dormouse. \'Fourteenth of March, I think you\'d better ask HER about it.\' (The jury all brightened up again.) \'Please your.',0,1,NULL,'2022-07-25 18:57:47','2022-07-30 18:57:47',1),
	(45,1,'Sequi sint ut velit debitis quo nemo.',NULL,47,'Nienow, Leuschke and Treutel',2,'quod','Used','No, no! You\'re a serpent; and there\'s no use speaking to it,\' she thought, and rightly too, that very few things indeed were really impossible. There seemed to think this a good character, But said.','Exercitationem facere vel totam quia et aut maxime. Quas autem hic eius quisquam porro molestias hic. Doloribus voluptates maiores velit rerum aut. Perspiciatis repudiandae placeat quia voluptatibus enim quis soluta nostrum. Ullam voluptatem repudiandae aspernatur occaecati quia voluptas minus. Sit aut eaque nisi molestiae. Voluptas sunt repellendus officiis non nesciunt aspernatur et. Cum dolores sed occaecati architecto accusamus. Nam occaecati vel blanditiis enim earum. Velit deleniti dolorum quia. Unde totam minus autem quae quod nisi quasi. Et aut laborum ut eaque eligendi repellendus eveniet. Aut est voluptatem voluptatum distinctio dignissimos sequi quas temporibus. Ducimus illum iusto ipsam doloremque aut voluptas maxime deleniti. Deserunt nobis officiis omnis eum modi quae. Quod vero sequi quia ipsa blanditiis. Voluptas omnis distinctio autem velit quia quam soluta beatae. Molestias fuga ut voluptates eum et omnis. Eos aut et omnis voluptatibus ducimus ut. Ipsa architecto qui unde sunt quas necessitatibus totam. Aut mollitia suscipit quia vero accusamus dignissimos. Magni eaque et molestiae. Quis perferendis velit velit quas autem dolor. Similique vitae tempore omnis hic nihil quia. Doloribus assumenda molestiae eos culpa. Quia qui qui voluptatem est non velit nemo et. Aut praesentium ut impedit est facere quia. At impedit at veniam ex eius labore tempora. Ut sint exercitationem ut aperiam pariatur aut quo ea.','a:7:{i:0;s:36:\"Nisi hic perferendis voluptatem eum.\";i:1;s:25:\"Ut est non ut sint sequi.\";i:2;s:41:\"Sequi omnis velit totam sapiente ratione.\";i:3;s:62:\"Fugiat ab numquam qui praesentium quia nemo omnis consectetur.\";i:4;s:29:\"Ut dolore aut molestias iste.\";i:5;s:45:\"Voluptatum officia eaque veniam nostrum quis.\";i:6;s:55:\"Nulla nam assumenda voluptate error ratione voluptates.\";}',57,0,3,282.567760,418.567760,NULL,NULL,NULL,1198.00,1,'2022-08-01 18:57:00',1,'pariatur-et-voluptatem-quasi-modi-alias-quasi','a:3:{i:0;i:5;i:1;i:25;i:2;i:41;}','Rerum id id est laudantium fuga.','And the executioner went off like an arrow. The Cat\'s head with great curiosity. \'It\'s a Cheshire cat,\' said the Knave, \'I didn\'t mean it!\' pleaded poor Alice. \'But you\'re so easily offended, you.',0,1,NULL,'2022-07-20 18:57:47','2022-08-01 18:57:47',1),
	(46,2,'Voluptas porro qui autem quo quasi sit.',NULL,5,'Mayert-Ryan',3,'iure','Used','Alice replied thoughtfully. \'They have their tails in their mouths--and they\'re all over crumbs.\' \'You\'re wrong about the twentieth time that day. \'A likely story indeed!\' said the Duchess, as she.','Est nostrum vel in blanditiis ipsam. Sunt aperiam sint ipsam aut voluptatibus. Est ducimus iusto quod reiciendis provident asperiores molestiae. Tempore ducimus optio sint unde consequatur numquam. Voluptas qui consectetur quis beatae quas culpa. Commodi distinctio voluptates magni illum. Praesentium quia sequi sed. Odit temporibus nihil ducimus atque iure est officiis perferendis. Voluptatem nostrum ut ut nihil nobis. Quo beatae accusamus illum voluptate qui amet. Suscipit numquam sapiente cupiditate mollitia. Iusto magni pariatur excepturi eos sunt. Repellendus quam quisquam et doloribus debitis qui aut ex. Vero consequatur sed itaque perferendis. Est commodi ipsam aut illum ad repudiandae. Voluptas eos neque rem dolores consequuntur ipsum. Alias exercitationem hic ut reprehenderit minus. Modi totam beatae officiis id. Nihil sint ratione non quia. Nemo et ipsa exercitationem esse. Sed ratione enim neque veritatis. Maiores numquam sunt voluptate rerum. Sit et ut repellendus quia. Quod sint quo quia voluptatem et. Similique numquam omnis perspiciatis. Saepe accusantium cum enim similique rerum. Veritatis autem et eos est ut. Animi omnis ad distinctio et officia non. Magni accusamus et doloribus recusandae debitis. Ipsam in autem dolorum sit itaque dignissimos facilis. Suscipit voluptatem et dicta nulla. Amet magni accusamus numquam repudiandae culpa quo veritatis accusantium. Aut dolore quisquam id et iure sunt vel explicabo. Adipisci natus ullam et sit cupiditate.','a:7:{i:0;s:67:\"Iure soluta amet perspiciatis corrupti voluptates consequuntur aut.\";i:1;s:72:\"Voluptatem recusandae pariatur recusandae mollitia perferendis at velit.\";i:2;s:61:\"Reprehenderit sint dolor corporis quia ipsum repudiandae aut.\";i:3;s:24:\"Quod harum neque ut non.\";i:4;s:47:\"Facere sapiente consectetur vero animi debitis.\";i:5;s:44:\"Et molestiae a rem laborum incidunt eos sed.\";i:6;s:39:\"Quis dicta vel ducimus repudiandae sed.\";}',67,0,3,193.457640,206.457640,NULL,NULL,NULL,1258.00,0,'2022-07-31 18:57:00',1,'placeat-velit-quasi-dolores-corrupti-perspiciatis-blanditiis-minima','a:3:{i:0;i:8;i:1;i:17;i:2;i:20;}','Est ut ea molestiae qui reprehenderit.','There was not quite sure whether it was empty: she did not like the tone of great dismay, and began staring at the cook, to see a little shriek and a large kitchen, which was full of smoke from one.',1,1,NULL,'2022-07-28 18:57:47','2022-07-21 18:57:47',1),
	(47,2,'In quasi architecto quam itaque eligendi praesentium.',NULL,5,'Nader PLC',5,'iusto','Refurbished','Queen, in a low, weak voice. \'Now, I give it up,\' Alice replied: \'what\'s the answer?\' \'I haven\'t the least notice of her hedgehog. The hedgehog was engaged in a fight with another dig of her voice.','Numquam perferendis id necessitatibus earum delectus quo. Minima facilis ipsum aut quo sunt qui. Dolorem quia dolorem facilis dolorem distinctio eveniet. Repellat assumenda est quia ex reiciendis. Dolore itaque dolores reiciendis voluptatem doloremque. Vero quibusdam veritatis nobis quod sit id aliquam. Laudantium possimus quibusdam sit voluptatem ut qui ducimus itaque. Et sed cupiditate ad. Earum cupiditate dicta veniam ab reiciendis. Aliquid voluptatem sapiente voluptatibus et id facere cum. Facilis nihil soluta esse. Dolore autem aperiam ipsam aut in qui. Veritatis ut est qui unde dolores quisquam. Quia natus non dolore et totam culpa hic. Excepturi molestiae ipsam rerum iusto. Velit repellendus adipisci perferendis enim sapiente. Tempora excepturi occaecati labore voluptatum deserunt nisi voluptas. Quis quaerat itaque ut sit ipsum vitae. Nihil ut ut sunt ad assumenda nemo. Et et adipisci iusto laborum labore sint. Omnis beatae harum necessitatibus autem unde. Rerum saepe explicabo quae. Consequuntur eligendi et ipsam non et doloribus. Architecto quia a et qui sint non. Quo aspernatur excepturi unde eligendi officiis et facilis. Et perferendis sed molestiae deserunt ullam qui. Consequuntur ut fugit asperiores ut. Vel consequuntur consequatur repellat omnis natus. Quaerat neque harum voluptate deleniti magni. Rem nemo qui aliquam dicta sed alias mollitia fugiat. Ipsam incidunt quaerat adipisci voluptas error delectus.','a:7:{i:0;s:52:\"Est est eligendi est aliquid ullam dignissimos quia.\";i:1;s:50:\"Animi numquam ab et incidunt aliquid est expedita.\";i:2;s:44:\"Rerum nisi enim et odio quisquam quis velit.\";i:3;s:49:\"Consequuntur et et numquam animi quos aspernatur.\";i:4;s:49:\"Dolor delectus odit nam mollitia omnis inventore.\";i:5;s:40:\"Autem qui eaque ratione aut iste beatae.\";i:6;s:32:\"Dolor iure velit maxime rem aut.\";}',37,0,3,87.609010,185.609010,108.609010,'2022-08-02 18:57:00','2022-08-10 18:57:00',802.00,0,'2022-07-30 18:57:00',1,'inventore-voluptas-tempore-voluptatem-et-ut-in-nulla','a:2:{i:0;i:14;i:1;i:37;}','Non aperiam reprehenderit in voluptatem eos fugit.','T!\' said the Pigeon the opportunity of saying to herself \'Suppose it should be free of them say, \'Look out now, Five! Don\'t go splashing paint over me like a star-fish,\' thought Alice. \'I\'m a--I\'m.',1,1,NULL,'2022-08-02 18:57:47','2022-07-24 18:57:47',1),
	(48,1,'Aperiam voluptas exercitationem enim ad dolore.',NULL,15,'acme',2,'doloremque','Used','PRECIOUS nose\'; as an explanation; \'I\'ve none of YOUR business, Two!\' said Seven. \'Yes, it IS his business!\' said Five, in a moment. \'Let\'s go on for some while in silence. At last the Caterpillar.','Aspernatur quo aliquam rerum voluptatibus aliquam quas est. Dolorum ullam esse praesentium itaque molestias voluptas. Alias ipsam veritatis ut voluptatum pariatur fugiat et. Illo consequatur non eos nam quo. Non quas assumenda vel aut est. Praesentium placeat dolores est in. Aperiam voluptates aut sunt sed adipisci repudiandae odit. Ut voluptas eum vero mollitia nostrum dolorum voluptas. Dolore omnis explicabo accusantium itaque consequatur. Dolorem et at aliquam omnis voluptas repellat. Tempore dolor est minus. Ut quia neque modi quas nesciunt voluptatem est. Deleniti ut qui consequatur et. Iusto voluptatem aspernatur repudiandae sequi voluptatem officia explicabo. Magnam quos eaque est. Ut aperiam molestias consequatur provident aperiam dolor. Inventore vero veritatis aspernatur eum. Occaecati aut dolor alias et dolor commodi architecto. Repudiandae aliquid ut atque quos et et quasi. Officiis velit omnis et odio. Quidem maxime rerum voluptates maxime itaque maiores. Et tenetur ut in odio labore alias. Nulla commodi et voluptatum ut. Molestiae earum voluptatem illo aut eaque et. Dolores consequatur quos sed et quis ut aliquam. Enim modi voluptates odit harum libero facilis. Aut aut iusto unde asperiores quod cumque dolores et. Qui ea sit beatae id perferendis qui voluptatem ut. Tempora aspernatur a quia aut iure. Doloribus qui dolorem non at excepturi. Unde eligendi ea omnis aspernatur amet rerum necessitatibus. Ea sed rerum minus facere et et nisi.','a:7:{i:0;s:50:\"Doloribus rerum occaecati incidunt molestiae quia.\";i:1;s:35:\"Voluptatem aut vero quisquam ipsam.\";i:2;s:55:\"Quisquam velit reprehenderit earum vel et deserunt qui.\";i:3;s:46:\"Non exercitationem at et tenetur incidunt eum.\";i:4;s:59:\"Recusandae labore omnis voluptatem quisquam aperiam cum et.\";i:5;s:43:\"Aperiam eius molestiae fugiat quidem fugit.\";i:6;s:51:\"Voluptas neque quas fugit placeat aut autem facere.\";}',95,0,3,207.405068,349.405068,NULL,NULL,NULL,1178.00,1,'2022-07-30 18:57:00',1,'voluptas-sint-aperiam-molestias-commodi-dolores','a:2:{i:0;i:36;i:1;i:48;}','Voluptatem error illo consequatur ut earum sint natus.','Gryphon went on in the window, and some of them at last, and managed to swallow a morsel of the court,\" and I don\'t care which happens!\' She ate a little girl she\'ll think me at all.\' \'In that.',1,1,NULL,'2022-07-29 18:57:47','2022-07-22 18:57:47',1),
	(49,4,'Ipsam aperiam culpa ad error.',NULL,17,'Goodwin Group',4,'est','Refurbished','Knave, \'I didn\'t write it, and then turned to the Mock Turtle, who looked at each other for some minutes. The Caterpillar and Alice heard the Rabbit say to itself \'Then I\'ll go round and look up in.','Ipsum velit consequatur repudiandae doloribus aliquid. Eligendi laudantium omnis placeat est ab explicabo nam. Magni id ut nostrum tempora sit. Ut et ipsam perspiciatis laudantium accusantium sit. Minus nemo eum at maiores qui minima placeat. Veniam aliquam atque eum repellat in necessitatibus voluptas. Ad aut tempore cum. Quia non velit quas sit cupiditate ut. Reprehenderit quod atque pariatur. Quibusdam asperiores omnis modi fugit consectetur in perferendis. Pariatur dolorem illo ea repellat qui laborum explicabo unde. Quisquam eius ut esse. Commodi cum laudantium dolor voluptas. Ut neque omnis ex ducimus quo corrupti perferendis. Quia qui sit laudantium nihil distinctio corporis iure quae. Quasi cupiditate culpa nam sint omnis. Laboriosam sit sunt velit id quia velit repudiandae. Vero ut debitis delectus aut harum omnis. Distinctio rerum sed tenetur consequuntur beatae aut voluptatem illo. Unde amet minima et sit illum quod quas vero. Non officia quibusdam et animi pariatur tempora nisi. Quia optio asperiores quos consequatur asperiores. Cupiditate et similique nostrum sapiente maiores dolor et. Harum ducimus accusamus omnis. Eum in odit dolores eum cumque nobis rerum. Magni excepturi tempora perferendis doloribus at quam sunt. Ut fugit veniam nostrum harum vitae adipisci eveniet accusantium. Qui porro sit omnis exercitationem natus quas quaerat. Ea qui dolorum non cum dolor nisi voluptatum aperiam.','a:7:{i:0;s:72:\"Voluptas ea soluta necessitatibus eos et accusantium tenetur reiciendis.\";i:1;s:27:\"Rerum quod aspernatur iste.\";i:2;s:52:\"Asperiores provident aut et architecto provident et.\";i:3;s:55:\"Et esse placeat occaecati ab molestiae odio voluptatum.\";i:4;s:56:\"Quisquam nam eos amet velit molestiae nobis praesentium.\";i:5;s:45:\"Dolorem ea voluptas in illum laudantium quia.\";i:6;s:41:\"Rem velit nihil dolorem ullam voluptatem.\";}',47,0,3,376.900000,556.900000,525.900000,'2022-08-02 18:57:00','2022-08-23 18:57:00',705.00,1,'2022-08-01 18:57:00',1,'modi-quam-harum-dolore-amet','a:3:{i:0;i:22;i:1;i:24;i:2;i:35;}','Eveniet voluptatem odio eos repudiandae voluptatibus et minus.','In the very tones of her skirt, upsetting all the rest, Between yourself and me.\' \'That\'s the first minute or two, they began moving about again, and all would change to tinkling sheep-bells, and.',0,1,NULL,'2022-07-27 18:57:47','2022-07-21 18:57:47',1),
	(50,3,'Qui eos qui nihil suscipit esse velit magni.',NULL,6,'Welch-Rowe',3,'est','Used','The adventures first,\' said the Duchess; \'and that\'s a fact.\' Alice did not get dry again: they had to do with you. Mind now!\' The poor little thing was to get in?\' asked Alice again, for she was.','Minima iure debitis velit quis velit et. Quibusdam nostrum fugiat molestiae laboriosam. Quia aut ut sed debitis odit. Rerum in odit dolore aut ad et. Qui rerum deserunt dolorum aliquid. Sed ad consequatur corporis voluptates voluptas. Atque iste nulla eos quia omnis. Ipsa blanditiis qui consequatur vel similique id repellendus. Doloremque qui tenetur quo est aut ut. Ut nihil porro voluptatibus velit. Et minima et perspiciatis in aut quo amet. Omnis deleniti consequuntur quam sed. Consectetur veritatis voluptatem quia iusto. Illo pariatur dolores atque dolorem. Aliquid quaerat consequuntur beatae ea eum. Voluptas assumenda voluptas quia alias consequatur laborum. Dolorem aut est nobis sint officia nostrum aliquam. Eius sunt voluptatem quis magnam molestias. Repudiandae enim qui in maiores. Odio aliquid delectus officia. Veritatis officiis veniam fugiat dolor. Quam distinctio blanditiis temporibus magni qui alias autem. Ut deleniti officia sit ex excepturi quidem assumenda totam. Non dicta ad consequatur dolores fugiat at non. Totam voluptatem excepturi harum voluptas officiis dolor eligendi. Molestiae vel ex suscipit eum est magnam. Dolorum aliquid corporis nisi quia voluptatem voluptate ad. Minus ut vel veritatis adipisci. Deleniti aperiam fuga fuga. Exercitationem aut voluptas ipsam autem. Nam laboriosam sit laboriosam natus et. Corporis voluptate perferendis dicta dolor culpa praesentium. Non ipsam iste minus et corrupti totam.','a:7:{i:0;s:26:\"Et laudantium at nihil et.\";i:1;s:16:\"Nam et et rerum.\";i:2;s:48:\"Molestiae ex suscipit iure tempore neque cumque.\";i:3;s:50:\"Ut asperiores laudantium at et quia et recusandae.\";i:4;s:45:\"Consequatur iusto voluptas consequatur rerum.\";i:5;s:63:\"Excepturi et aliquid necessitatibus id autem accusantium minus.\";i:6;s:33:\"Magnam voluptatum deserunt rerum.\";}',9,0,3,145.887300,273.887300,207.887300,'2022-08-02 18:57:00','2022-08-21 18:57:00',1727.00,0,'2022-07-31 18:57:00',1,'ducimus-consectetur-excepturi-rerum-quis-id','a:3:{i:0;i:8;i:1;i:14;i:2;i:32;}','Quia voluptates ducimus corrupti non natus ea.','Alice the moment she appeared on the second verse of the country is, you see, as they used to know. Let me think: was I the same height as herself; and when she had this fit) An obstacle that came.',0,1,NULL,'2022-07-22 18:57:47','2022-07-21 18:57:47',1),
	(51,4,'Qui et fugiat voluptatem possimus.',NULL,15,'Lemke and Sons',1,'quas','New','Nile On every golden scale! \'How cheerfully he seems to be nothing but a pack of cards!\' At this moment the door of the shepherd boy--and the sneeze of the Lobster; I heard him declare, \"You have.','Assumenda deleniti quidem qui ipsam. Qui modi nihil sit et ut autem. Delectus et quam quibusdam eum laudantium. Sequi ipsam est rerum. Eos hic praesentium quibusdam. At voluptatem molestias earum. Architecto dolorem aut laborum ut quia rem quo. Temporibus corrupti sed provident quisquam. Ullam omnis eos suscipit molestias voluptatibus similique. Aut ratione perspiciatis quo qui est neque. Veniam velit in esse vel mollitia sint. Reiciendis temporibus dignissimos nemo rerum. Qui sint aut et impedit ratione. Debitis eos quo perspiciatis iure voluptatibus. Reprehenderit ad facere molestiae facilis animi quia odit distinctio. Non similique quia quibusdam recusandae minima numquam. Non enim similique odit autem sit aliquid aut doloribus. Quibusdam sed aspernatur excepturi. Perspiciatis et consequatur optio dolores molestiae. Eos animi exercitationem molestias quis aut rerum totam. Magni voluptatum molestiae voluptatibus. Eos dolorum nulla itaque et quia eligendi facere. Delectus quibusdam officiis suscipit perspiciatis non tempora. Tenetur nesciunt nesciunt nulla sunt corporis vel. Eius ut voluptatem voluptatibus eos ut. Ea occaecati sint officia dolore vero molestiae sint. Explicabo ratione quas similique eos magnam explicabo maxime. Non a molestiae voluptate expedita et atque qui. Quia et ex sunt fuga nam consequatur. Est fuga explicabo ducimus sit magnam velit corrupti.','a:7:{i:0;s:31:\"Ut id facere neque ipsum sequi.\";i:1;s:43:\"Impedit voluptatem aspernatur voluptas sit.\";i:2;s:46:\"Dolores mollitia quaerat libero sed provident.\";i:3;s:57:\"Modi eligendi voluptas cumque ex tempore tempora non qui.\";i:4;s:60:\"Accusamus aliquid aut esse nostrum eum consectetur incidunt.\";i:5;s:22:\"Quia sed dolores iure.\";i:6;s:41:\"Facilis quae in aperiam ullam nam quidem.\";}',16,0,3,233.979000,380.979000,250.979000,'2022-08-02 18:57:00','2022-08-20 18:57:00',400.00,1,'2022-07-30 18:57:00',1,'et-saepe-tempore-molestiae','a:3:{i:0;i:0;i:1;i:14;i:2;i:15;}','Repellat sed sed dignissimos est eos fugiat doloribus.','Hatter, \'I cut some more of the room. The cook threw a frying-pan after her as she spoke. (The unfortunate little Bill had left off staring at the end of your flamingo. Shall I try the whole court.',0,1,NULL,'2022-07-30 18:57:47','2022-07-25 18:57:47',1),
	(52,1,'Pariatur ab ad eius ex.',NULL,18,'Goodwin Group',4,'recusandae','Refurbished','Mouse with an M--\' \'Why with an air of great dismay, and began staring at the number of cucumber-frames there must be!\' thought Alice. \'I\'m glad they don\'t seem to have it explained,\' said the.','Aut ut eveniet mollitia aperiam. Nemo repellat odio velit velit. Nulla a eius nulla consequuntur laborum. Accusantium tempora doloremque eligendi rerum doloremque sed. Nostrum dolore perferendis eius. Sed corporis voluptatem iusto vel cum molestiae culpa. Ipsum sit veritatis placeat fuga. Facilis natus iste nemo at quidem suscipit beatae facilis. Nam esse in accusantium repudiandae ut expedita. Mollitia consequatur saepe natus omnis atque non. At voluptas et velit non molestiae. Et eum sunt officia autem nisi aut. Ut omnis assumenda tempora dolorem sed. Eos consequatur qui voluptas quia et eos nisi. Iste qui ducimus quia id non dolore. Atque odit molestiae et et dolor omnis voluptatibus. Provident cumque ut perspiciatis vitae aliquid eos pariatur eveniet. Quia hic quidem dolor in omnis aut quidem. Harum quis earum rem dignissimos. Consequatur atque incidunt doloremque modi. Animi nobis et incidunt. Perferendis illum et quisquam debitis rerum. Magnam quisquam fugiat cumque explicabo blanditiis praesentium. Possimus numquam dolores tempore natus officiis consequatur. Ab culpa a eligendi architecto at quo. Amet sint unde itaque ut perspiciatis. Rerum aperiam eaque et. Exercitationem velit aut sed et. Est maxime aliquam tempore consequatur labore. Consectetur temporibus doloremque repellendus doloremque quia similique dolor. Repudiandae suscipit rem dolores rerum sit aut eaque. Aut iure alias saepe. Rerum ex sint voluptates quos modi eum soluta.','a:7:{i:0;s:49:\"Cumque reiciendis quod aut placeat aperiam rerum.\";i:1;s:33:\"Laboriosam illo sequi at quo rem.\";i:2;s:39:\"Eius quo nihil tempore culpa vitae qui.\";i:3;s:36:\"Et numquam in maxime sed minima est.\";i:4;s:15:\"Eos eum sit et.\";i:5;s:28:\"Reiciendis eos sint ducimus.\";i:6;s:55:\"Perspiciatis in aperiam laborum debitis suscipit magni.\";}',54,0,3,288.638266,478.638266,NULL,NULL,NULL,188.00,1,'2022-07-31 18:57:00',1,'nostrum-ea-dolores-ut-ut','a:3:{i:0;i:0;i:1;i:9;i:2;i:33;}','Omnis autem fugiat dolores aperiam.','There ought to be trampled under its feet, ran round the court with a yelp of delight, which changed into alarm in another moment it was addressed to the Queen, but she stopped hastily, for the hot.',1,1,NULL,'2022-08-01 18:57:47','2022-07-20 18:57:47',1),
	(53,4,'Quae deserunt voluptatibus sed.',NULL,4,'McClure Group',5,'ut','Used','There was nothing so VERY wide, but she stopped hastily, for the Duchess replied, in a day or two: wouldn\'t it be of any good reason, and as Alice could bear: she got up in great disgust, and walked.','Aspernatur hic aut atque laudantium. Nesciunt expedita recusandae pariatur ullam modi vitae. Dolorem nam quos sint aut excepturi pariatur sed. Dolores voluptatum enim quis aut ullam magni sit. Culpa eum in doloribus libero dicta molestias. Eaque delectus dolor quo occaecati autem dolor hic. Inventore rerum ab fugit sint praesentium omnis. At ut aut esse eum. Quidem ad deleniti et aut molestiae incidunt. Quos numquam quo eum dolores. Maxime quaerat dignissimos perferendis corporis voluptatem. Voluptates in porro vitae incidunt necessitatibus quia sunt. Sunt tempore numquam saepe facere. Earum esse rerum rerum earum voluptatem omnis commodi autem. Optio et delectus officia optio qui. Ex sit id qui et nisi. Minus voluptas aperiam reprehenderit deleniti quam. Laborum rem earum qui enim. Laboriosam praesentium adipisci vel architecto. Quas et sed dolorem iure vel laboriosam consequuntur. Maxime id nam aut dolor sit. Qui laborum et aliquam voluptates. Accusantium quia doloremque repudiandae cumque expedita. Vel est reprehenderit suscipit non eligendi. Neque quas consequatur nostrum placeat consequatur deleniti. Placeat at itaque aut ab laborum. Suscipit voluptas exercitationem rerum. Qui tenetur possimus deleniti. Omnis molestiae vel iure. Aliquam eveniet ut temporibus totam eos. Soluta dolorem ea est. Cumque dignissimos minus assumenda et quaerat voluptatem nemo. Quia magnam non eius quidem. Quo voluptatem at vitae cumque. Quam totam reiciendis velit odio voluptas laborum eos.','a:7:{i:0;s:33:\"Placeat voluptas dolores sint et.\";i:1;s:50:\"Quia error quia consectetur unde delectus esse et.\";i:2;s:25:\"Et iste est amet quis ea.\";i:3;s:68:\"Quisquam eum autem rerum reprehenderit incidunt porro quidem facere.\";i:4;s:35:\"Et omnis nobis non voluptatem quae.\";i:5;s:59:\"Dignissimos qui nisi est vel saepe quo perspiciatis magnam.\";i:6;s:58:\"Sequi ut rerum dolores laboriosam velit perspiciatis sunt.\";}',22,0,3,191.980795,367.980795,NULL,NULL,NULL,1419.00,0,'2022-07-30 18:57:00',1,'et-expedita-laborum-dolore-omnis-quisquam-est-eligendi','a:3:{i:0;i:15;i:1;i:28;i:2;i:46;}','Eum odit repudiandae ipsum et et asperiores.','Tortoise--\' \'Why did they live on?\' said the Caterpillar. Alice said to the little golden key, and unlocking the door between us. For instance, suppose it were nine o\'clock in the sky. Alice went.',1,1,NULL,'2022-07-22 18:57:47','2022-07-21 18:57:47',1),
	(54,2,'Qui enim rerum beatae hic.',NULL,27,'Bartoletti-Wiegand',5,'sequi','New','I beg your acceptance of this was her dream:-- First, she dreamed of little Alice herself, and began bowing to the jury, in a thick wood. \'The first thing I\'ve got to the seaside once in her face.','Qui deleniti quia nihil voluptates ea accusantium enim. Aut sint sed dolore facere dolores nostrum suscipit. Qui sit voluptatem voluptate veniam a. Accusamus animi vel doloremque et. Rerum aperiam minus temporibus quam. Enim qui tempore et blanditiis. Sed ipsum magni sunt enim minus quod temporibus. Ipsum molestiae doloremque maiores natus eligendi voluptatem soluta. Eos quisquam sequi quae asperiores. Omnis quisquam suscipit exercitationem nihil fugiat voluptate ut. Consequatur maiores pariatur laboriosam minus sint praesentium sequi neque. Vitae quasi tempora eos repellat repudiandae. Et voluptatibus quod et quisquam quod. Consequatur est ut consequatur cumque impedit quidem. Perspiciatis incidunt totam occaecati. Doloremque eveniet quaerat fuga excepturi magni necessitatibus. Porro temporibus corrupti similique beatae. Consectetur nihil sed fugiat sit libero et. Eos accusantium sapiente magni porro sed nemo. Consequatur sed eum ut illum culpa qui. Eum quia repellat mollitia voluptates quod doloribus enim dolores. In corrupti dolore quisquam sed vel rem cupiditate vel. Dicta commodi in tempora et nam quia laudantium. Aspernatur dolorem eveniet quis sequi. Nihil autem amet voluptates et ab ut. Porro tempora quisquam consequuntur. Nostrum ut et sint similique rerum voluptatibus iure minima. Quam maiores adipisci qui vel aut molestias. Autem corrupti quo et est. Recusandae qui nobis excepturi omnis.','a:7:{i:0;s:46:\"Voluptas voluptas inventore quos iusto minima.\";i:1;s:28:\"Vel quo error iste quisquam.\";i:2;s:66:\"Temporibus itaque enim dolore ut assumenda quia incidunt possimus.\";i:3;s:38:\"Maiores fugiat consequatur maxime sit.\";i:4;s:42:\"Aut doloremque non sint nulla ipsum rerum.\";i:5;s:35:\"Dolores sed eos vero rerum quaerat.\";i:6;s:41:\"Minima et accusamus rem quaerat mollitia.\";}',90,0,3,127.465171,270.465171,NULL,NULL,NULL,1723.00,1,'2022-08-01 18:57:00',1,'velit-consequatur-et-ab-dolorem','a:2:{i:0;i:15;i:1;i:36;}','Sit soluta aut fugiat maiores hic culpa quo facilis.','I\'m not the right word) \'--but I shall have some fun now!\' thought Alice. \'I\'m glad they\'ve begun asking riddles.--I believe I can do no more, whatever happens. What WILL become of it; then Alice.',0,1,NULL,'2022-07-23 18:57:47','2022-08-02 18:57:47',1),
	(55,2,'Ea doloribus earum tempora eos eos debitis.',NULL,46,'Wilderman PLC',4,'consequatur','New','Hatter with a kind of authority among them, called out, \'Sit down, all of them even when they hit her; and when she found this a very good advice, (though she very good-naturedly began hunting about.','Non ratione iure accusantium vel vero autem qui. Tempora in optio est autem. Numquam fugiat perspiciatis quia vero suscipit quibusdam praesentium. Minus omnis est ut consequatur. Incidunt qui dolor qui. Non et autem neque fugiat distinctio nostrum minus. Ut porro est sit necessitatibus earum sint. Odio natus commodi sunt odio consequatur quia ut. Vel recusandae minus quis impedit optio. Voluptates reprehenderit error rem unde dolorem non ea. Laboriosam hic ex veritatis iure. Et eum vero eos odit quidem. Explicabo magni labore omnis architecto et sit iure. Ducimus dolor perspiciatis dolor sunt voluptates illo eius. Voluptas excepturi minima commodi numquam. Hic deleniti vel laudantium qui itaque. Illum aut sed hic doloremque aut consectetur. Laboriosam voluptatem corporis magnam maiores. Libero eveniet qui ad ut molestiae inventore. Id vel rerum blanditiis accusamus architecto. Aut quis provident et esse. Consequatur ea perspiciatis voluptates laborum excepturi commodi et. Qui exercitationem placeat officiis quo sunt aliquid. Saepe natus fugiat nesciunt. Nisi sed voluptatum eaque alias perspiciatis ea quos. Officiis in veniam facilis sit laborum. Sequi quod dolorum neque beatae et veniam. Est et dicta ea enim quia id nisi. Dolores voluptates debitis molestiae aliquid hic. Nulla exercitationem adipisci est iusto. Qui rem sit nobis. At quidem cumque eos doloremque nesciunt omnis error. Dolores delectus quia nemo neque eius eum nulla. Et nihil ea dolores accusantium aut.','a:7:{i:0;s:66:\"Molestias aliquam tenetur odio voluptatem reprehenderit doloribus.\";i:1;s:35:\"Dolorem doloribus natus ut aliquam.\";i:2;s:40:\"Asperiores quasi hic quia nihil et vero.\";i:3;s:30:\"Vel et aliquam libero tenetur.\";i:4;s:45:\"Corporis porro modi vitae assumenda delectus.\";i:5;s:41:\"Ea natus qui dolore commodi quae dolorum.\";i:6;s:43:\"Ut quisquam qui iusto cupiditate qui omnis.\";}',72,0,3,286.381783,339.381783,NULL,NULL,NULL,1366.00,0,'2022-08-01 18:57:00',1,'dolores-sed-error-veritatis-esse','a:2:{i:0;i:28;i:1;i:45;}','Non dolores quaerat non ab eos reiciendis ut fuga.','Bill\'s got the other--Bill! fetch it back!\' \'And who is to France-- Then turn not pale, beloved snail, but come and join the dance? \"You can really have no sort of chance of her little sister\'s.',0,1,NULL,'2022-07-19 18:57:47','2022-07-24 18:57:47',1),
	(56,2,'Aut ut quia est ut quo molestiae voluptatem.',NULL,24,'Nader PLC',5,'dolor','New','Alice could not remember the simple rules their friends had taught them: such as, \'Sure, I don\'t believe you do lessons?\' said Alice, very much to-night, I should frighten them out of its mouth, and.','Maiores dolores ut error. Voluptatibus in ut quis et. Praesentium perferendis dolor cupiditate laudantium nostrum quam laboriosam. Laborum dolor in nulla. Dignissimos pariatur recusandae aut rerum fugit possimus. Deleniti temporibus at nesciunt alias et autem. Temporibus consequuntur nemo fugit est. Assumenda consequatur mollitia perspiciatis sit incidunt. Reiciendis repellendus hic et sunt maiores. Est recusandae quisquam corporis quis asperiores fuga deserunt. Autem autem vero unde enim necessitatibus. Quia quia et ducimus nulla culpa. Eum excepturi laudantium magnam cupiditate et sint ipsa. Officiis magni minima qui fugit. Architecto error esse harum in. Laudantium qui nisi ducimus ea iste sit. Expedita omnis excepturi fugiat consequatur doloribus sit a. Sequi minus fuga qui quae. Harum tenetur optio adipisci mollitia. Ut accusamus et quia necessitatibus explicabo libero odit. Asperiores et aliquid ad odio earum neque. Quo praesentium aut omnis sit sed autem nobis. Est omnis itaque sit mollitia. Laborum qui voluptatibus nihil facilis sit omnis est. Quam at sint sed veritatis ea suscipit. Ut facere adipisci aut laborum et et. Ipsa neque veniam nemo voluptatem suscipit voluptatem aut quos. Accusantium dolorum delectus ut accusamus. Numquam ratione omnis dolorum rerum qui enim veniam. Cupiditate quod fugiat autem ea delectus. Et vitae qui voluptatem quae corrupti. Magni sit explicabo earum sit non distinctio.','a:7:{i:0;s:71:\"Voluptatem deleniti sunt illum neque sapiente perspiciatis dignissimos.\";i:1;s:33:\"Eos ipsum minus voluptatem rerum.\";i:2;s:35:\"Ut rerum laboriosam mollitia ullam.\";i:3;s:51:\"Occaecati dignissimos suscipit eaque corrupti nemo.\";i:4;s:38:\"Eveniet quis similique aut et ducimus.\";i:5;s:58:\"Aperiam aspernatur et consequatur aut sit consectetur non.\";i:6;s:23:\"Minima rerum qui id et.\";}',91,0,3,217.800000,370.800000,NULL,NULL,NULL,792.00,0,'2022-07-30 18:57:00',1,'vel-odit-dolorem-repudiandae-tempore-perferendis-nihil','a:2:{i:0;i:0;i:1;i:1;}','Ut aliquam qui natus ex.','Mock Turtle in a very melancholy voice. \'Repeat, \"YOU ARE OLD, FATHER WILLIAM,\"\' said the King, going up to the other, and growing sometimes taller and sometimes shorter, until she made out the.',1,1,NULL,'2022-07-19 18:57:47','2022-07-22 18:57:47',1),
	(57,1,'Aut nesciunt nisi facilis facilis voluptatem cumque tempore.',NULL,30,'Welch-Rowe',1,'perferendis','New','And so she went hunting about, and crept a little girl she\'ll think me for his housemaid,\' she said this she looked down into its mouth open, gazing up into a cucumber-frame, or something of the.','Sed eum laborum aut a vel pariatur molestiae. Dolores voluptate aspernatur voluptates placeat minus. Eligendi sit dolorem libero. Architecto sint earum dolor enim excepturi. Velit asperiores culpa assumenda sint. Non alias sit quasi sint pariatur accusantium. Voluptas quod molestias earum magni id nihil. Aspernatur a porro rerum debitis et eaque. Sint consequuntur expedita ut quia. Itaque rerum corrupti id quia perspiciatis deserunt. Id dolorum ea voluptatum ducimus non officia. Culpa in laboriosam ullam fugiat vero molestiae ut. Harum non nulla doloremque unde. Cumque ex mollitia nostrum. Omnis ipsa deleniti accusantium tempore eaque. Esse impedit delectus quasi omnis officiis laborum distinctio modi. Assumenda quos harum velit laboriosam asperiores. Hic esse amet quo velit corrupti. Voluptatem debitis iste minus sunt. Rerum sunt repellendus ullam ipsum. Nulla perferendis esse id recusandae ut omnis at officiis. Est voluptatem sed natus velit. Asperiores cupiditate cumque velit. Modi ea quo vel mollitia minima. Nam ratione sunt voluptatem laboriosam perferendis. Neque nesciunt et quisquam reiciendis vitae et. Sunt aliquid est reiciendis et. Iusto dolore ullam a sit architecto consequatur. Quidem cupiditate voluptas ut facilis architecto. Quo illum est eius autem. Nesciunt est beatae libero nobis voluptatem minima. Animi ea quibusdam nemo ut in et aut dolores. Explicabo aliquid tenetur sapiente culpa ea. Tempore ut sit incidunt aut est labore perferendis.','a:7:{i:0;s:61:\"Debitis voluptates animi non molestiae cumque ea repellendus.\";i:1;s:37:\"Necessitatibus eius dolore odio ipsa.\";i:2;s:48:\"Corporis assumenda mollitia consequatur placeat.\";i:3;s:42:\"Sed accusamus ut sit quibusdam et dolorem.\";i:4;s:60:\"Repellat ea voluptas aut totam excepturi aliquid blanditiis.\";i:5;s:76:\"Ducimus et consequuntur voluptas exercitationem commodi velit sit quibusdam.\";i:6;s:28:\"Enim quo fugit aut magni ut.\";}',22,0,3,393.938583,439.938583,396.938583,'2022-08-02 18:57:00','2022-08-19 18:57:00',1800.00,1,'2022-07-30 18:57:00',1,'et-dolor-quam-doloremque-architecto','a:2:{i:0;i:22;i:1;i:46;}','Temporibus ipsam repellat aliquam et reprehenderit.','So she sat still and said anxiously to herself, and once she remembered the number of executions the Queen shouted at the end.\' \'If you knew Time as well to say to itself \'The Duchess! The Duchess!.',1,1,NULL,'2022-07-23 18:57:47','2022-07-25 18:57:47',1),
	(58,4,'Est voluptates corporis omnis est illo voluptatibus.',NULL,21,'Lemke-Klocko',2,'quos','Used','I am in the distance, screaming with passion. She had not as yet had any dispute with the tea,\' the Hatter were having tea at it: a Dormouse was sitting on a branch of a feather flock together.\"\'.','Dolor inventore dolorem est rem. Inventore impedit dicta excepturi sunt voluptatem soluta nobis magni. Voluptate sapiente necessitatibus sed placeat adipisci. Vel et eligendi deleniti autem. Nemo corporis officiis nulla a. Aut sit aut porro repudiandae. Occaecati similique iusto sit aperiam. Doloribus quo dolores neque deserunt non soluta. Illum aut distinctio minima suscipit deserunt nobis vel. Laboriosam minus labore error dolor dolorem voluptates. Soluta et reiciendis totam dicta doloremque sint autem nihil. Tempora consequatur nemo et aperiam commodi nemo. Adipisci maiores cum fugiat aut fuga. Dolorem debitis sequi sit. Inventore laboriosam illo impedit sit tempora. Nihil natus accusantium totam. Sapiente dolorem est fuga esse necessitatibus illum. Maxime unde repellat architecto voluptas dolores tempore ab et. Sunt deleniti cupiditate vel dolores qui sapiente. Officia est ipsam consequatur suscipit consequatur eos dolor commodi. Sed vero aliquam quas iusto voluptatem. Earum odit aspernatur et officia quam. Corrupti molestias non aut debitis pariatur nisi. Blanditiis rem aut neque quia voluptatem ut sint. Culpa omnis ullam quo saepe rem. Aut pariatur dolores nisi amet dolore velit repudiandae. Et est aliquam ut. At ex aliquam deserunt voluptas eos assumenda dolores dolor. Et qui ad culpa enim recusandae veniam minus. Accusamus debitis consequatur et dicta velit est. Consequatur dolorum consequatur omnis alias sunt impedit.','a:7:{i:0;s:40:\"Reiciendis consectetur iste eligendi ut.\";i:1;s:64:\"Iure nobis perferendis reiciendis facere odio dolorem accusamus.\";i:2;s:47:\"Sit quia aut et fuga dignissimos velit aperiam.\";i:3;s:31:\"Quos distinctio omnis voluptas.\";i:4;s:23:\"Rem eum qui est in rem.\";i:5;s:34:\"Qui ea animi unde eius nostrum et.\";i:6;s:45:\"Dolores autem ipsum odio eum quaerat tenetur.\";}',53,0,3,136.849794,181.849794,70.849794,'2022-08-02 18:57:00','2022-08-05 18:57:00',413.00,1,'2022-07-30 18:57:00',1,'et-tempore-reprehenderit-velit-asperiores','a:2:{i:0;i:10;i:1;i:14;}','Magnam delectus facere adipisci.','King, \'and don\'t look at the stick, and made believe to worry it; then Alice dodged behind a great letter, nearly as she spoke. (The unfortunate little Bill had left off sneezing by this time?\' she.',0,1,NULL,'2022-07-23 18:57:47','2022-08-02 18:57:47',1),
	(59,4,'Autem aspernatur et quis aut blanditiis ut ea.',NULL,26,'Lemke and Sons',5,'eos','Refurbished','Mary Ann, what ARE you talking to?\' said the Cat; and this Alice thought she might as well she might, what a long hookah, and taking not the same, the next verse.\' \'But about his toes?\' the Mock.','Est aliquid omnis deserunt quisquam deserunt dolorum. Quibusdam est at fuga asperiores. Eos ullam consequuntur voluptatem quisquam voluptas ad laborum. Quam magnam aut architecto sapiente quos impedit et. Sed est nostrum omnis suscipit. Eligendi vel corporis in laudantium ratione. Sunt itaque enim voluptas asperiores autem soluta. Cumque aperiam tenetur eos consectetur quia enim dolorem. Amet repudiandae hic quo voluptas. In a quam quia aut praesentium. Porro placeat modi cupiditate. Consequatur rerum vel doloribus. Quisquam amet adipisci hic accusamus delectus aut corporis. Ipsa occaecati molestiae odit numquam numquam. Odit maiores voluptate laborum. Placeat dolore asperiores delectus repudiandae sit quas repellat. Occaecati eum tenetur enim qui minus sit dolor ut. Vitae at sit aut laboriosam. Sequi aut ut vitae reprehenderit sit porro ut. Eos voluptas debitis ratione iure dignissimos est. Illum optio ducimus at molestiae consectetur enim vel id. Rem animi doloribus dolor. Voluptate ea omnis veniam amet. Itaque impedit excepturi id id. Atque maiores nobis odio cumque quo dicta dolorem. Consequuntur deserunt minus impedit. Molestiae molestias nemo consequuntur est. Tempora est aperiam omnis laudantium autem. Minus praesentium alias atque itaque. Ipsa harum magni quasi magni ratione est. Et vel omnis unde. Quas officia qui necessitatibus necessitatibus. Velit temporibus quaerat similique enim. Tenetur voluptas culpa et numquam. Dignissimos sed molestias eum itaque.','a:7:{i:0;s:44:\"Sunt totam dolorum id quo nulla dignissimos.\";i:1;s:41:\"Provident non ex accusamus in voluptates.\";i:2;s:59:\"Veritatis architecto id ut exercitationem aut perspiciatis.\";i:3;s:25:\"Ut sed sequi non dolorum.\";i:4;s:52:\"Debitis perferendis optio facilis dolores quis quas.\";i:5;s:31:\"Reprehenderit aut ut in soluta.\";i:6;s:62:\"Commodi placeat voluptatem ut voluptatem id minus consequatur.\";}',72,0,3,216.602700,246.602700,153.602700,'2022-08-02 18:57:00','2022-08-17 18:57:00',126.00,0,'2022-08-01 18:57:00',1,'itaque-possimus-at-optio-repudiandae','a:2:{i:0;i:2;i:1;i:31;}','Accusantium laudantium animi et sunt sapiente.','The jury all wrote down all three dates on their slates, and then quietly marched off after the birds! Why, she\'ll eat a bat?\' when suddenly, thump! thump! down she came up to her chin in salt.',1,1,NULL,'2022-07-22 18:57:47','2022-07-29 18:57:47',1),
	(60,1,'Deserunt iusto dolorem molestiae libero.',NULL,9,'Wilderman PLC',1,'maiores','New','I should like to show you! A little bright-eyed terrier, you know, as we needn\'t try to find quite a conversation of it at all; however, she waited for some time busily writing in his sleep, \'that.','Aut et sed neque possimus. Vel sit magnam vel sunt quos ullam est. Totam laudantium perferendis quia. Eaque sed reiciendis eveniet sit enim. Saepe ratione recusandae minus ullam eaque voluptas ut. Recusandae tempora facilis impedit architecto. Praesentium minima aut quaerat. Omnis harum earum commodi eum eveniet. Repellendus impedit quod adipisci et ipsa. Qui consequatur omnis ab vel. Accusamus qui veniam ut. Et dignissimos voluptatem consequatur aut saepe et voluptatibus. Minima velit ex voluptas dolor. Voluptate maxime cum cumque omnis animi. Pariatur possimus dolorum distinctio voluptas omnis ut atque aut. Placeat velit suscipit voluptatem expedita. Ratione cupiditate ratione iste. Labore perferendis sequi quis modi iusto fugiat. Vel inventore praesentium aut porro quia vel aliquam. Perferendis architecto sunt temporibus sapiente voluptas velit quas deleniti. Vel magnam quo placeat iusto commodi architecto. A perferendis facere molestias modi similique. Hic nulla sapiente et ea commodi culpa inventore. Rerum nam eaque et ea. Consequatur omnis dolor ab ducimus rerum. Voluptates autem quod doloremque ut aut qui quisquam. Qui totam voluptatem ipsam quisquam. Facere rerum laborum dolores. Sunt blanditiis explicabo ipsum magni rerum. Quas perferendis consectetur beatae dolorum incidunt. Quaerat rerum perspiciatis aut eveniet veritatis sint placeat. Laboriosam qui magnam voluptatibus consequuntur corrupti. Non eius laudantium excepturi inventore velit reiciendis ullam.','a:7:{i:0;s:23:\"Saepe excepturi est in.\";i:1;s:63:\"Quam voluptas suscipit maxime eveniet inventore rerum adipisci.\";i:2;s:27:\"Nesciunt quo rerum numquam.\";i:3;s:53:\"Quod voluptatum commodi dolorem libero pariatur sunt.\";i:4;s:65:\"Voluptates alias est illo molestiae sapiente magnam quia tempore.\";i:5;s:28:\"Tenetur sit et sit eum quas.\";i:6;s:41:\"Ipsa quia velit aspernatur adipisci quia.\";}',19,0,3,135.326680,272.326680,NULL,NULL,NULL,1791.00,0,'2022-07-31 18:57:00',1,'numquam-quasi-voluptatem-eos-esse-modi-quia','a:3:{i:0;i:17;i:1;i:43;i:2;i:47;}','Qui impedit dicta reiciendis quaerat.','Alice was rather doubtful whether she ought to have been changed several times since then.\' \'What do you like the tone of the gloves, and was gone across to the game. CHAPTER IX. The Mock Turtle to.',1,1,NULL,'2022-07-31 18:57:47','2022-07-21 18:57:47',1),
	(61,4,'Velit ut repudiandae quo similique fuga nihil.',NULL,20,'Lemke and Sons',2,'quo','Used','Gryphon said to herself \'This is Bill,\' she gave one sharp kick, and waited to see a little bird as soon as it settled down in a low, weak voice. \'Now, I give it up,\' Alice replied: \'what\'s the.','Recusandae voluptas quod nostrum omnis. Culpa quidem sint voluptate nam aut quo. Aperiam facilis quia sunt autem dolores esse. Officia dolor suscipit eaque harum. Rerum recusandae harum omnis consequatur. Totam molestiae harum quaerat et enim consectetur illo. Aut unde adipisci a quis adipisci. Quae voluptatem perferendis enim qui similique. Quia occaecati non neque voluptatum nihil aut. In aliquam sed facilis tempore aliquid ullam. Rerum saepe numquam quae enim. Sed voluptas ipsa molestias id voluptates. Sapiente dolor non molestias provident. Incidunt corrupti quo beatae amet. Rem natus vitae explicabo voluptas ipsum. Tempora reiciendis fuga beatae repudiandae. Fuga voluptatem delectus vel qui ut blanditiis in. Recusandae eligendi ratione fugiat sunt sunt voluptates. Est voluptatem excepturi commodi sunt. Sunt non accusamus dignissimos illum. Ipsa libero corporis rem non. Est alias rerum maiores dolores consequatur autem quaerat. Corporis libero nulla ut. Perspiciatis neque nobis dolores eaque incidunt. Dolorem rerum est itaque assumenda ut officia. Pariatur enim dolorum quaerat beatae. Temporibus eius expedita aspernatur asperiores minus quis. Atque eligendi neque vitae veniam libero nostrum. Reprehenderit dolore laboriosam tempora exercitationem consequatur. Maxime voluptas eum veniam minima. Quidem consequatur unde ut illo aliquid sit voluptatem. Reiciendis aut ut ut sequi non asperiores et.','a:7:{i:0;s:51:\"Aliquid nulla ipsam voluptatum explicabo molestias.\";i:1;s:49:\"Qui est a eius eligendi quia voluptates eligendi.\";i:2;s:57:\"Cupiditate aspernatur nulla veniam saepe repellendus qui.\";i:3;s:56:\"Praesentium saepe id et debitis labore temporibus alias.\";i:4;s:52:\"Repellat cumque cum provident explicabo dolor rerum.\";i:5;s:40:\"Vitae ullam officia ducimus tenetur quo.\";i:6;s:44:\"Voluptas quam aliquid veritatis et sapiente.\";}',57,0,3,157.800000,251.800000,NULL,NULL,NULL,1564.00,0,'2022-08-01 18:57:00',1,'animi-aspernatur-rerum-corrupti-eum-perspiciatis-ut-itaque','a:3:{i:0;i:21;i:1;i:29;i:2;i:48;}','Odio blanditiis ipsa et provident doloremque.','Just then her head struck against the roof bear?--Mind that loose slate--Oh, it\'s coming down! Heads below!\' (a loud crash)--\'Now, who did that?--It was Bill, I fancy--Who\'s to go down the middle.',1,1,NULL,'2022-07-19 18:57:47','2022-07-25 18:57:47',1),
	(62,4,'Quam consequatur aut et dolores accusantium voluptatem.',NULL,39,'Mayert-Ryan',4,'ea','Refurbished','The Caterpillar and Alice guessed who it was, and, as there was not even get her head on her hand, watching the setting sun, and thinking of little cartwheels, and the moment she felt a little.','Voluptatem quae nulla repellat non delectus qui itaque. Sit modi cupiditate occaecati nisi non. Quos velit tempora asperiores inventore. Quas ex doloribus in ea sint. Mollitia deserunt labore pariatur earum aliquam. Excepturi aut natus sequi fuga corrupti numquam voluptatem. Facilis maiores non laboriosam nobis neque ut corrupti. Sit sequi eligendi numquam. Qui sunt qui qui non consequatur in omnis. Ad esse qui itaque laborum. Officia adipisci nihil quaerat excepturi hic. Quidem necessitatibus similique voluptas cupiditate rerum. Cum nihil quod vero. Corporis quis et eum dolores. Modi dolores officiis soluta necessitatibus deserunt dolor asperiores rerum. Dicta et esse sit quo. Et eligendi et incidunt alias eaque sit. Assumenda suscipit ut deleniti sint dignissimos inventore. Eius minus et autem molestiae dolorum ipsam tempore vel. Architecto et necessitatibus iusto qui enim voluptates velit. At facilis vel tempora quam. Molestiae quibusdam dolore mollitia quis. Quia et eligendi dignissimos sed vel. Eaque dolor quasi reiciendis consectetur odit aspernatur et fugit. Odit ad laboriosam aliquid aut provident rerum animi. Veritatis quam voluptatem reprehenderit iste. Delectus voluptas blanditiis officia qui mollitia consequatur quas. Quia reprehenderit quidem aliquid consequatur. Deserunt et quas quasi enim rem inventore in consequatur. Est dignissimos quasi odio. Numquam eaque odit aut rerum doloremque.','a:7:{i:0;s:56:\"Deserunt mollitia impedit sunt sit rerum et quaerat qui.\";i:1;s:43:\"Consequatur vel molestias eos deserunt aut.\";i:2;s:40:\"Et enim facilis voluptatem pariatur eum.\";i:3;s:57:\"Aliquid tenetur aut sit saepe voluptatem tenetur ratione.\";i:4;s:47:\"Asperiores ut sint quasi sint ullam eaque quia.\";i:5;s:54:\"Quaerat provident voluptates totam sed quo architecto.\";i:6;s:63:\"Omnis excepturi maiores atque eos deserunt quo placeat laborum.\";}',96,0,3,327.162189,416.162189,98.162189,'2022-08-02 18:57:00','2022-08-19 18:57:00',1293.00,0,'2022-08-01 18:57:00',1,'et-quisquam-odio-autem-itaque-illum-enim-aut-tempora','a:2:{i:0;i:5;i:1;i:44;}','Totam et ratione voluptas quia quo laborum incidunt.','I think?\' \'I had NOT!\' cried the Mouse, sharply and very soon came to ME, and told me you had been anxiously looking across the field after it, \'Mouse dear! Do come back again, and Alice was so full.',1,1,NULL,'2022-07-23 18:57:47','2022-07-27 18:57:47',1),
	(63,3,'Quod aliquam tenetur expedita omnis.',NULL,23,'Nienow, Leuschke and Treutel',3,'cum','New','Queen. \'Can you play croquet?\' The soldiers were silent, and looked at them with the other side of the trial.\' \'Stupid things!\' Alice thought this must ever be A secret, kept from all the while.','Provident iure rerum aperiam perferendis temporibus doloremque rerum. Enim ut qui voluptatum doloremque dolores sapiente tempore. Et ex et voluptas non. Maxime doloribus magnam ratione laudantium quis qui. Laudantium nisi iste quae sit quo. Non ea numquam vitae accusamus sequi. Error consequuntur atque et et id eaque provident. Quidem eos et debitis dicta totam libero. Aliquam perspiciatis consequatur dolorum voluptatibus odit quos voluptatem. Facere et vel cupiditate dolorem quod corrupti quaerat. Maiores possimus praesentium in ipsam dolore voluptatem. Reprehenderit et hic deleniti laudantium. At omnis quia atque pariatur. Ea maiores quos vitae ut neque molestias sint. Sed ut dolorum dolores. Fuga id non voluptatibus similique et. Possimus quia maiores laborum adipisci maiores inventore. Aut tempore autem eos et non sed. Et praesentium ut omnis voluptas quis. Dolores est sunt doloribus. Reprehenderit rem est quibusdam natus. Autem hic eius reprehenderit qui necessitatibus quia occaecati. Vel voluptatem ut ut omnis excepturi doloribus et. Minima eos et ducimus rem corrupti distinctio assumenda sunt. Corrupti quas repellendus id totam aut. Nisi qui cumque hic aliquid vitae cumque eaque distinctio. Ea alias amet iusto magnam rerum ea. Distinctio maxime non sed qui optio culpa. Porro explicabo quis at. Et enim ducimus sint tempora dicta.','a:7:{i:0;s:51:\"Iusto eveniet fugit vero id est aperiam nisi alias.\";i:1;s:59:\"Ratione earum enim dolor quis vitae occaecati beatae fugit.\";i:2;s:37:\"Aut quos aliquam eos quam dolor illo.\";i:3;s:31:\"Nulla quaerat in natus sint ut.\";i:4;s:66:\"Suscipit autem temporibus dignissimos accusantium vel dolor autem.\";i:5;s:55:\"Praesentium laudantium et ducimus rem atque laboriosam.\";i:6;s:34:\"Praesentium corporis ut inventore.\";}',37,0,3,345.002000,401.002000,NULL,NULL,NULL,741.00,0,'2022-08-01 18:57:00',1,'molestiae-quis-at-quos-aut-ut-voluptatem','a:2:{i:0;i:9;i:1;i:28;}','Et sit nihil eligendi sed expedita placeat commodi.','YOUR shoes done with?\' said the Lory, who at last she spread out her hand, watching the setting sun, and thinking of little animals and birds waiting outside. The poor little feet, I wonder what was.',0,1,NULL,'2022-08-01 18:57:47','2022-07-25 18:57:47',1),
	(64,1,'Ipsum aut commodi libero voluptatum.',NULL,7,'Nicolas-Skiles',5,'voluptatem','Refurbished','Queen was in the wind, and the Queen shouted at the mushroom (she had grown so large a house, that she was always ready to talk to.\' \'How are you getting on now, my dear?\' it continued, turning to.','Omnis deleniti velit natus eum praesentium provident earum ea. Voluptas ducimus eos aut ducimus nostrum omnis. Est aut aut quia. Voluptatem porro soluta aut voluptas ab nobis architecto. Dolor fugit adipisci eum omnis. Ut et ut excepturi numquam. Temporibus temporibus ut et aut delectus. Eaque sequi occaecati adipisci ab voluptatem est. Quia facilis est porro ipsum aut qui. Ullam dolorem alias nam optio. Sed sed ab totam accusantium soluta exercitationem consequuntur quis. Adipisci rerum et omnis. Est rem placeat vero ex blanditiis sit. Omnis ut amet omnis nisi ea excepturi sed temporibus. Debitis suscipit nobis voluptatem expedita. Commodi molestiae non et ab dolorem quidem. Asperiores facere molestiae rem. Pariatur quis quasi in eaque. Nobis aut nostrum consequatur nemo consequatur id. Impedit laborum ut eius quos. Ea ut sed tempore saepe voluptas numquam dolorem. Dolorem ut voluptatem natus tenetur similique sit recusandae. Voluptatum rerum aut voluptatem ut. Eum neque aut quis est maxime nihil. Sit minima enim saepe mollitia ut. Nam et et eveniet consequatur ut ab reiciendis. Aliquid aut assumenda exercitationem repellendus unde tenetur eum. Repellat amet similique cum dolores distinctio error qui sunt. Ea numquam velit nihil. In consectetur fugit architecto. Dolorem esse suscipit ad itaque. Corrupti distinctio quia atque et architecto. Dolorem soluta omnis aliquam atque in laborum.','a:7:{i:0;s:35:\"Expedita nostrum blanditiis non id.\";i:1;s:19:\"Quia facere eos et.\";i:2;s:80:\"Corrupti hic distinctio fuga nostrum modi necessitatibus consequatur temporibus.\";i:3;s:58:\"Beatae ipsum rerum rerum qui occaecati voluptatibus earum.\";i:4;s:45:\"Iste sunt et harum itaque neque eveniet ipsa.\";i:5;s:19:\"A libero vitae aut.\";i:6;s:48:\"Excepturi inventore modi quas et voluptatum qui.\";}',35,0,3,222.979949,257.979949,164.979949,'2022-08-02 18:57:00','2022-08-05 18:57:00',1543.00,1,'2022-08-01 18:57:00',1,'quis-reprehenderit-exercitationem-enim-doloribus-fugiat','a:3:{i:0;i:19;i:1;i:40;i:2;i:44;}','Molestiae nihil ullam voluptates alias non.','CHAPTER III. A Caucus-Race and a Canary called out \'The Queen! The Queen!\' and the fan, and skurried away into the sky. Twinkle, twinkle--\"\' Here the other ladder?--Why, I hadn\'t begun my tea--not.',0,1,NULL,'2022-07-24 18:57:47','2022-07-18 18:57:47',1),
	(65,5,'Quis eum ipsum ullam nemo.',NULL,2,'Nicolas-Skiles',4,'autem','Used','Dormouse slowly opened his eyes were nearly out of that is--\"Be what you mean,\' the March Hare and his friends shared their never-ending meal, and the words a little, half expecting to see that she.','Quidem aut labore voluptas quidem doloremque. Vitae sapiente omnis et et dicta. Distinctio tenetur aut fugit qui voluptate accusantium. Odit autem dolorem qui ipsam doloribus dignissimos. Ea iste vel laborum et maxime. Nihil ratione quas a. Quae non omnis eligendi illum asperiores aut. Amet error doloremque soluta ullam velit. Omnis nostrum fugit unde nulla minus. Qui vero molestiae cupiditate non. Quidem sit magnam pariatur minus. Placeat omnis at saepe quasi ipsum porro labore. Unde eum occaecati officiis ipsum ea. Quas reiciendis quia quasi est suscipit ad maxime dolorum. Omnis et non itaque ut vero quibusdam. Magnam dolore in sed labore. Quia iure veniam sint autem. Recusandae doloribus omnis voluptatibus iusto eos quibusdam. Non praesentium inventore illum. Omnis dolorum saepe dignissimos. Non tempore quae recusandae veritatis qui maiores odio. Soluta unde velit quisquam porro earum illum. Sequi est necessitatibus et iusto. Vel ea ea nemo nihil dolore assumenda maxime ut. Quos quisquam impedit et. Qui deleniti mollitia quas quasi eligendi. Pariatur facilis itaque eum voluptatum. Molestias aut voluptas totam natus maxime ut magni. Et unde vitae omnis vitae animi. Dolore esse et voluptas dolore et dolor nihil ea. Excepturi omnis nobis itaque deleniti ab et consectetur est. Ipsam quis inventore nihil fugit reprehenderit. Odio et ex enim non. Consectetur aut vel quo veritatis ex rerum.','a:7:{i:0;s:42:\"Recusandae exercitationem cumque incidunt.\";i:1;s:45:\"Id quam eos et nemo laudantium facilis omnis.\";i:2;s:57:\"Quis voluptatibus nihil repellendus vel error tenetur ab.\";i:3;s:27:\"Est numquam sunt quas iste.\";i:4;s:44:\"Nisi dolorum hic architecto et voluptatibus.\";i:5;s:31:\"Ipsum consequatur maxime nihil.\";i:6;s:35:\"Assumenda consequatur nisi porro a.\";}',10,0,3,306.900000,477.900000,NULL,NULL,NULL,1664.00,1,'2022-07-30 18:57:00',1,'eius-quia-doloribus-sapiente-enim-consequatur-doloribus-commodi','a:3:{i:0;i:8;i:1;i:9;i:2;i:38;}','Et ut velit rerum quisquam nam officia.','Alice said very politely, \'for I never was so large a house, that she was to twist it up into a doze; but, on being pinched by the time when she had accidentally upset the milk-jug into his cup of.',0,1,NULL,'2022-07-28 18:57:47','2022-07-21 18:57:47',1),
	(66,1,'Corporis quisquam dolores vitae in.',NULL,46,'Schinner, Huel and Kunze',2,'facilis','Refurbished','I\'ll stay down here till I\'m somebody else\"--but, oh dear!\' cried Alice, quite forgetting in the air. She did it so VERY much out of the jurors were writing down \'stupid things!\' on their slates.','Sed maxime qui velit perspiciatis. Libero voluptatem blanditiis amet consequatur enim fugiat minus optio. Sunt possimus similique amet et atque est dignissimos. Earum fugiat aliquid et animi. Odio magnam fugiat consequatur animi eveniet. Hic omnis minus dolor aliquid cupiditate at. Nihil qui ut ab odit. Iste id est labore et voluptas qui. Iste culpa iure omnis accusantium delectus alias. Et quas voluptas hic sequi. Cum laudantium nam repellendus iure repudiandae unde id ut. Veniam repellendus enim quas sint. Nemo deserunt doloribus est debitis. Fuga dolor sit aperiam totam. Aliquam at numquam praesentium dicta quia. Corrupti vitae molestias rerum accusantium. Aut quo accusamus consectetur consequuntur aut. Totam iure voluptas natus sed. Commodi nulla aut harum unde hic fugit eaque. Et dolores suscipit tenetur quis voluptatem id. Iste in praesentium esse ipsa est et porro. Veritatis et quam non. Eos quia qui repellat maiores est quia recusandae. Non blanditiis delectus nihil earum eaque. Est quibusdam aut rerum praesentium voluptas odit. Et et unde quasi molestiae vel sequi. Vero quas unde ut quia. Explicabo in ut provident consequatur nulla qui. Rerum dolore quasi quo cum ut occaecati eum ut. Consequatur officiis sunt est quia veniam. Non fugiat tempora aut quia repudiandae. Error molestias pariatur est itaque consequatur fugit saepe.','a:7:{i:0;s:36:\"Esse totam sequi distinctio dolorum.\";i:1;s:34:\"Dolor a voluptatem perferendis in.\";i:2;s:22:\"Eos sequi non ea unde.\";i:3;s:73:\"Placeat atque eaque inventore provident quasi dignissimos voluptate sint.\";i:4;s:35:\"Reiciendis eos iste cumque non eos.\";i:5;s:66:\"Consequatur debitis ducimus saepe culpa quod atque maxime tempore.\";i:6;s:52:\"Odio cupiditate explicabo aspernatur et voluptas ea.\";}',35,0,3,143.910000,321.910000,NULL,NULL,NULL,584.00,0,'2022-07-30 18:57:00',1,'tenetur-et-non-ad-est-qui','a:2:{i:0;i:27;i:1;i:31;}','Laborum consequatur ut atque itaque.','Rabbit\'s little white kid gloves in one hand and a Long Tale They were just beginning to feel which way she put it. She felt very glad to find herself still in sight, and no one else seemed inclined.',1,1,NULL,'2022-07-24 18:57:47','2022-07-18 18:57:47',1),
	(67,3,'Corrupti in minus voluptatem sed repudiandae.',NULL,39,'Nienow, Leuschke and Treutel',4,'nobis','New','So she went on muttering over the fire, and at last it unfolded its arms, took the regular course.\' \'What was that?\' inquired Alice. \'Reeling and Writhing, of course, I meant,\' the King said to the.','Sint doloremque suscipit eos minus aut. Molestiae culpa quia provident illum quasi hic quam ratione. Praesentium earum qui praesentium modi. Dignissimos enim facere aut nihil qui autem et. Harum atque quo nihil quaerat porro. Id est eius quisquam laudantium. Velit natus in ut non consectetur. Eos laborum qui et quo et esse. Voluptatum sed totam illo sed amet omnis. Necessitatibus architecto porro aut at aut assumenda. Soluta impedit architecto nobis quae odit dolore. Consequatur dolorem voluptatem et et. Labore maxime sed nesciunt eligendi non incidunt quibusdam. Optio enim atque suscipit error. Voluptas impedit exercitationem quis ducimus praesentium quos voluptas. Esse animi accusamus cum debitis qui autem autem. Est praesentium placeat id. Beatae quas voluptate qui ea. Et aut in consectetur. Sunt unde quis reprehenderit est dicta tenetur. Nam eum dignissimos et a odit et voluptatem. Ut ut excepturi ducimus explicabo et. Hic aperiam et ratione quo quos aspernatur. Dolorem itaque numquam dignissimos est non eos tempora. Provident reprehenderit veritatis voluptatem laudantium. Id odit quisquam debitis libero non perferendis. Officiis eos consequatur quidem. Deserunt error quos omnis excepturi enim totam. Vero facere ut itaque excepturi provident. Corrupti ea id fugit repellendus. Et porro ea ut facere ea sunt. Qui sint et quia enim. Ut molestiae veritatis rem.','a:7:{i:0;s:33:\"Sunt tenetur quaerat hic ut ipsa.\";i:1;s:36:\"Dolorem ipsa inventore voluptatem a.\";i:2;s:41:\"Ipsam odio maiores laboriosam voluptatem.\";i:3;s:25:\"Quibusdam qui enim ipsum.\";i:4;s:22:\"Ab voluptas saepe aut.\";i:5;s:44:\"Nobis sequi sit voluptatibus maiores beatae.\";i:6;s:41:\"Incidunt est reiciendis optio temporibus.\";}',46,0,3,336.533766,360.533766,NULL,NULL,NULL,161.00,1,'2022-07-31 18:57:00',1,'atque-aut-nostrum-alias-architecto-nemo-culpa-minima-quod','a:3:{i:0;i:27;i:1;i:29;i:2;i:41;}','Impedit debitis aliquid cumque impedit pariatur sunt.','And yet you incessantly stand on their backs was the cat.) \'I hope they\'ll remember her saucer of milk at tea-time. Dinah my dear! I wish you would have appeared to them she heard a little now and.',0,1,NULL,'2022-07-20 18:57:47','2022-07-29 18:57:47',1),
	(68,1,'Commodi eos voluptates autem exercitationem cumque.',NULL,20,'Olson, Kemmer and Schaden',4,'et','Refurbished','Turtle. \'Seals, turtles, salmon, and so on.\' \'What a curious appearance in the sand with wooden spades, then a voice she had accidentally upset the milk-jug into his cup of tea, and looked at it.','Eveniet sunt totam deleniti sed consequatur labore soluta. Non nam doloremque modi perferendis voluptate. Soluta quia quo error soluta rerum. Ipsa rerum quas ex est nobis. Nisi illum qui quia repellendus architecto laboriosam sunt. Tempora quas nisi ut eveniet accusamus voluptatem delectus. Quaerat doloribus neque nesciunt aut nostrum id nobis. Dolorem laudantium incidunt illo ipsum doloremque neque sapiente voluptas. Consequatur laudantium asperiores ad voluptas commodi omnis. Sed quia aut delectus ullam molestiae. Nemo aut possimus sequi aut. Eum sed dignissimos aliquid. Facilis maiores iste eveniet laborum blanditiis eum. Ut deserunt ea harum in corrupti minus saepe. Omnis ut consectetur aut ratione incidunt molestiae. Fuga eos est pariatur voluptate dolore nostrum deleniti magni. Rerum quos consequatur magnam in odio saepe. Adipisci sint incidunt dolore consequatur ea. Et dolor cumque voluptas explicabo fugit explicabo. Deserunt hic quia quo numquam ut veritatis. Sed qui at doloribus quod dignissimos laudantium. Ab sunt error aspernatur soluta. Voluptas ducimus ipsum suscipit illum. Enim necessitatibus nemo ipsa dolores ullam. Ut ut repellendus fuga repudiandae nesciunt. Qui repellendus ut quia laborum placeat numquam. Voluptate quo quod unde laboriosam laborum. Eveniet quia labore fuga aliquam iusto aut commodi quis. Alias quia fugit id est dolorem ut voluptas.','a:7:{i:0;s:45:\"Ut placeat quas libero sunt dolores vero aut.\";i:1;s:34:\"Neque maiores et in sunt unde quo.\";i:2;s:48:\"Animi est excepturi eum magnam voluptatem iusto.\";i:3;s:54:\"Et nemo ipsum esse libero dolorem sit explicabo sequi.\";i:4;s:65:\"Corporis reiciendis sunt consequatur praesentium placeat placeat.\";i:5;s:51:\"Reiciendis ad soluta perferendis id et eos ducimus.\";i:6;s:48:\"Labore suscipit necessitatibus velit enim rerum.\";}',34,0,3,88.699160,285.699160,248.699160,'2022-08-02 18:57:00','2022-08-16 18:57:00',958.00,0,'2022-07-30 18:57:00',1,'iste-itaque-quod-vel','a:2:{i:0;i:15;i:1;i:26;}','Temporibus quibusdam autem suscipit ut.','Alice could not taste theirs, and the three gardeners instantly jumped up, and reduced the answer to it?\' said the Gryphon, half to herself, as she came upon a little different. But if I\'m not the.',0,1,NULL,'2022-07-21 18:57:47','2022-08-01 18:57:47',1),
	(69,2,'Suscipit aut non necessitatibus soluta nostrum.',NULL,4,'Welch-Rowe',2,'est','New','Hatter. Alice felt that she was talking. Alice could hear the name \'Alice!\' CHAPTER XII. Alice\'s Evidence \'Here!\' cried Alice, quite forgetting in the trial one way of expressing yourself.\' The baby.','Aut sed et dolor. Voluptas iusto neque repellat sit. Ullam cumque quidem maxime atque qui eum. Et impedit ducimus tempora commodi sunt molestias omnis. Molestiae quam illo dignissimos. Suscipit recusandae repellendus id cupiditate non. Incidunt unde aut voluptatem quibusdam iusto. Dolor ipsa ut beatae. Nobis distinctio veniam et aut quisquam eveniet asperiores ullam. Et vel placeat voluptatem in. Laborum vero ut impedit sit ut quia. Dolorum quis ex velit illo. Sit facere tempore iste dolore aut quibusdam. Consequatur unde ea omnis et laudantium sapiente. Officia facere eligendi quos accusantium est sint perspiciatis. Consequatur ab sunt velit natus. Quis ea id mollitia laudantium. Officiis nisi voluptatem et et. Et dolor pariatur et nihil et ipsum. Eos corrupti dolor et. Vel dolore veritatis placeat ipsa. Nihil exercitationem et sunt et. Aut deserunt cupiditate sunt harum. Numquam ut at necessitatibus animi. Saepe harum tenetur corporis repellendus nisi. Quaerat aliquam corrupti quia aperiam enim nam cupiditate. Aut commodi sit quia tempora eos rerum quod. Beatae vel alias sint suscipit et. Iste perferendis eos deserunt qui et. Vel officia cupiditate nihil consequatur dolore. Et voluptatem error quam et dicta quae animi qui. Maxime odio dolorem vel esse aut ad est et. Fugiat libero voluptates sapiente sed.','a:7:{i:0;s:46:\"Est non minus esse reprehenderit aut suscipit.\";i:1;s:52:\"Et nisi tempore doloremque non nostrum ullam itaque.\";i:2;s:27:\"Ut quidem perferendis quia.\";i:3;s:25:\"Nisi quia id sed tempore.\";i:4;s:44:\"Tempora iure itaque tempore aut consequatur.\";i:5;s:24:\"Dolores dolor dolor qui.\";i:6;s:41:\"Suscipit unde corrupti amet perspiciatis.\";}',79,0,3,140.800000,337.800000,NULL,NULL,NULL,1474.00,0,'2022-07-30 18:57:00',1,'cumque-laborum-dolor-dolorem-consequatur','a:2:{i:0;i:18;i:1;i:31;}','Saepe neque consectetur quia quam minus consequuntur.','Alice hastily replied; \'at least--at least I know THAT well enough; and what does it to be sure, she had asked it aloud; and in another moment, when she first saw the Mock Turtle, suddenly dropping.',1,1,NULL,'2022-08-02 18:57:47','2022-07-30 18:57:47',1),
	(70,2,'Eveniet doloremque similique provident molestiae nostrum autem aut.',NULL,1,'Bednar Inc',1,'eum','New','Mock Turtle is.\' \'It\'s the first witness,\' said the White Rabbit, jumping up and down in an offended tone, \'Hm! No accounting for tastes! Sing her \"Turtle Soup,\" will you, won\'t you, won\'t you join.','Dolorem dolores id corporis voluptas iure nulla. Beatae rerum at ipsa qui maxime. In laboriosam aut quisquam sit tenetur ea. Et autem incidunt nihil cupiditate ea rem explicabo. Ut rerum molestias necessitatibus. Ut inventore quas quia sed alias quia. Est quisquam occaecati earum sed. Rerum fuga vero consequatur molestias et quia. Veritatis officiis est suscipit eaque. Quia inventore illum error vel est aspernatur ducimus id. Itaque provident in consequatur nesciunt maxime. Dolores libero corrupti vel minus. Laborum quo eaque cumque ducimus. Qui deleniti hic est officia hic. Laboriosam ut harum facere mollitia laborum. Nihil quos labore nihil qui numquam. Rerum omnis aut sit ut facere et velit iure. Beatae voluptatem deserunt ea quod quod. Est natus consequatur ut facilis illo. Facere officiis libero voluptatum sed aliquam adipisci rerum quia. Ex qui incidunt sed eligendi. Repellendus perspiciatis alias explicabo minima. Dolorum totam porro et sunt molestias. Consequatur ut eum molestiae et harum esse libero. Commodi odio dolore assumenda sequi omnis aliquid optio similique. Doloremque accusamus dicta perferendis placeat iusto tempore labore. Dolorem sint aspernatur blanditiis quis consequatur animi. Dolores non dolorum quod sunt officiis repellendus. Saepe mollitia qui et explicabo dignissimos tenetur. Deserunt expedita cupiditate rerum repellendus neque. Qui nemo dolores dignissimos qui aliquid. Tempora maiores at tempore veniam quia eius ea.','a:7:{i:0;s:38:\"Accusantium veritatis alias quidem et.\";i:1;s:53:\"At odio voluptas soluta quam labore provident minima.\";i:2;s:42:\"Adipisci sed perspiciatis consequatur sit.\";i:3;s:39:\"Sed dolore necessitatibus inventore ea.\";i:4;s:36:\"Non qui officia saepe facilis nihil.\";i:5;s:62:\"Aut voluptatem atque ipsum asperiores perspiciatis laboriosam.\";i:6;s:43:\"Quia vel voluptas itaque omnis totam autem.\";}',93,0,3,376.250144,551.250144,NULL,NULL,NULL,1900.00,0,'2022-07-31 18:57:00',1,'beatae-voluptatibus-et-necessitatibus-est-vero','a:3:{i:0;i:4;i:1;i:5;i:2;i:46;}','Dolor et quis rerum fugiat inventore accusantium.','Mock Turtle at last, with a little way forwards each time and a sad tale!\' said the Dormouse. \'Don\'t talk nonsense,\' said Alice loudly. \'The idea of the song, she kept on puzzling about it while the.',0,1,NULL,'2022-07-26 18:57:47','2022-07-20 18:57:47',1),
	(71,4,'Dolore provident possimus nesciunt ut id.',NULL,27,'Schinner, Huel and Kunze',1,'saepe','Used','Queen. \'You make me grow larger, I can go back and finish your story!\' Alice called out to be sure! However, everything is queer to-day.\' Just then she walked down the chimney!\' \'Oh! So Bill\'s got.','Temporibus sunt non illum. Totam autem occaecati quidem libero. Temporibus alias sint voluptatem voluptates quia. Repellendus ut aut quia corporis vel saepe consequatur. Explicabo saepe tempore ut minus quis est cumque. Asperiores fugit sit mollitia nihil vero dolor. Voluptatem labore assumenda dicta est sit. Ipsam quis maxime sit enim et. Voluptatem non saepe sed itaque magni aspernatur. Consequatur corrupti omnis harum enim ut est. Voluptatem exercitationem officia non deleniti aut. Excepturi distinctio ea animi laboriosam sunt omnis quia. Unde odit nulla minus soluta corrupti praesentium id. Labore ut provident beatae cumque. Vero amet ad voluptas veniam eum magnam sit. Sapiente doloribus et et quaerat. Nihil ut quia sit dignissimos ea sunt quia. Beatae unde maiores laboriosam. Quidem ullam non ea. Earum qui recusandae doloremque. Saepe eaque sit est eligendi. Et fugit laudantium sunt voluptas. Labore beatae occaecati non est nam. Consequuntur voluptates est dolor et rerum officia aut molestiae. Sunt saepe ut ex ea. Et exercitationem illum sit laborum earum voluptates enim. Voluptas voluptates adipisci omnis laborum. Unde earum reiciendis labore unde nisi voluptatibus. Unde culpa soluta unde veritatis. Veritatis autem omnis ut. Consequatur asperiores ut qui aspernatur voluptates. Magni blanditiis quidem sapiente consectetur fuga omnis sed. Sit nostrum voluptas rerum odio. Cumque voluptas sed et a vero ducimus.','a:7:{i:0;s:53:\"Deserunt molestiae quos quae corrupti veniam quaerat.\";i:1;s:39:\"Repellendus a vel deserunt et eos enim.\";i:2;s:57:\"Ea est deserunt nulla eligendi expedita sed voluptatibus.\";i:3;s:71:\"Enim accusantium accusamus aspernatur repellat facilis occaecati nulla.\";i:4;s:23:\"Et qui accusamus sequi.\";i:5;s:40:\"Sit ut sed ad beatae a dolorem deleniti.\";i:6;s:36:\"Iusto saepe quia quisquam quis quis.\";}',24,0,3,186.146374,257.146374,NULL,NULL,NULL,859.00,1,'2022-08-01 18:57:00',1,'impedit-blanditiis-velit-accusamus-quaerat-quas','a:2:{i:0;i:11;i:1;i:13;}','Nesciunt nisi ipsum voluptate consequuntur commodi.','Alice, timidly; \'some of the court. \'What do you know about it, even if my head would go through,\' thought poor Alice, \'when one wasn\'t always growing larger and smaller, and being ordered about in.',1,1,NULL,'2022-07-24 18:57:47','2022-07-21 18:57:47',1),
	(72,4,'Quia voluptatem magnam possimus est earum non enim.',NULL,37,'Nicolas-Skiles',5,'quasi','Used','Mouse was swimming away from him, and said nothing. \'Perhaps it hasn\'t one,\' Alice ventured to ask. \'Suppose we change the subject of conversation. While she was now about two feet high: even then.','Voluptas perspiciatis illo eligendi sunt sit hic. Et rerum consectetur sunt quidem et. Distinctio est explicabo ut qui aut. Non sit harum beatae iste hic cum sint. Nulla tempore excepturi beatae aut excepturi numquam. Expedita magnam et ducimus voluptates perspiciatis corporis. Ea accusantium dolor distinctio repudiandae ut rerum earum. Consequatur soluta culpa est numquam recusandae id excepturi. Et nostrum a voluptatem. Et sequi laboriosam sit ut odio corporis. Labore expedita voluptate eos molestiae facilis aut eum. In est et nihil enim dignissimos quas vitae. Recusandae delectus maxime sit asperiores excepturi molestiae. Animi ut qui harum aut molestiae porro accusamus adipisci. Voluptate nihil omnis eveniet voluptatem laborum facilis quaerat. Est et dolorem quibusdam modi. Asperiores eligendi earum sit voluptatum rerum non. Officia qui sint nesciunt sequi id totam. Consequuntur architecto sequi est in debitis vitae fugiat. Animi consequatur omnis maiores odit. Quidem quod atque facilis iusto quis esse et. Distinctio ullam minima qui maiores dolorum. Vel accusamus quis rem dolor ipsa cupiditate. Debitis ut eum quod odio. Ducimus consectetur voluptas commodi incidunt est quidem. Iste corporis error occaecati est sed. Et odit sunt iste nihil non iste. Earum distinctio aut eos et laborum. Sed reprehenderit ipsum et et minima provident quam fuga. Illo reiciendis voluptatem quod debitis quas deserunt sit.','a:7:{i:0;s:43:\"Eveniet quidem natus nisi repellat maiores.\";i:1;s:46:\"Tenetur voluptates perspiciatis numquam dolor.\";i:2;s:29:\"Iusto quas ut sunt modi quia.\";i:3;s:41:\"Velit voluptas sapiente maxime inventore.\";i:4;s:37:\"Saepe doloremque rerum est itaque et.\";i:5;s:57:\"Amet voluptas nisi dolor mollitia voluptas eius suscipit.\";i:6;s:25:\"Est et ad quae provident.\";}',56,0,3,111.773000,268.773000,NULL,NULL,NULL,1147.00,0,'2022-07-31 18:57:00',1,'sed-assumenda-illo-sit-libero','a:3:{i:0;i:2;i:1;i:21;i:2;i:35;}','Nam eligendi et qui eveniet reprehenderit.','Please, Ma\'am, is this New Zealand or Australia?\' (and she tried another question. \'What sort of a bottle. They all returned from him to you, Though they were mine before. If I or she should push.',1,1,NULL,'2022-07-19 18:57:47','2022-07-19 18:57:47',1),
	(73,1,'Dolore exercitationem corporis distinctio ad saepe.',NULL,20,'Nader PLC',3,'quia','New','She pitied him deeply. \'What is his sorrow?\' she asked the Gryphon, and the Dormouse fell asleep instantly, and neither of the bill, \"French, music, AND WASHING--extra.\"\' \'You couldn\'t have wanted.','Et sit est minima necessitatibus. Autem et quia hic est est. Non rerum cupiditate facere sed et. Minus nihil sit eveniet atque recusandae et quo. Sequi porro voluptas consequuntur esse. Dolorem vel eos reiciendis enim quasi. Quae deleniti esse molestias. Rerum saepe cumque neque. Facilis excepturi earum praesentium consequatur. Enim id qui exercitationem beatae tempore quae. Ab eos minima accusamus quos dolores doloremque. Id consectetur quo aliquam. Odit est culpa vitae nostrum et nulla in. Minima fugiat quibusdam sint voluptates nihil. Voluptatem recusandae deserunt nihil corrupti quo. Adipisci distinctio ut et. Quis labore deserunt omnis temporibus modi debitis est quo. Fugiat doloremque autem et officiis commodi vero rerum. Non autem aut libero molestias earum. Est officiis tempore est quidem doloremque rerum magnam libero. Vitae non qui inventore eius numquam aut. Ipsa dolorum molestias et laudantium voluptatem molestiae et explicabo. Laborum architecto sint quam reiciendis sint. Molestias dolores animi vero autem libero provident vitae. Aut corrupti rerum quisquam velit eos ad quos. Non inventore quisquam commodi quo aut. Consequuntur consequatur voluptate ut qui. Sint eaque assumenda porro ducimus. Sit repellendus fugit temporibus quos dolorem enim quia. Praesentium omnis ratione sapiente quis porro dolorem. Numquam voluptatem voluptas facilis dolore voluptas iure.','a:7:{i:0;s:37:\"Consequatur esse ut ut tempore culpa.\";i:1;s:60:\"Odit sequi minima veniam sint quis est deleniti repudiandae.\";i:2;s:42:\"Qui autem illo harum iure quos maxime eum.\";i:3;s:66:\"Inventore voluptates beatae placeat maiores rem ab animi voluptas.\";i:4;s:18:\"Nihil et eos nisi.\";i:5;s:38:\"Quo numquam incidunt quia in quo quia.\";i:6;s:40:\"Nemo ab maxime distinctio eum explicabo.\";}',57,0,3,205.496020,243.496020,NULL,NULL,NULL,780.00,1,'2022-08-01 18:57:00',1,'dolore-ut-rerum-enim','a:3:{i:0;i:12;i:1;i:27;i:2;i:28;}','Recusandae at reiciendis qui est labore.','But do cats eat bats? Do cats eat bats? Do cats eat bats, I wonder?\' And here Alice began in a hot tureen! Who for such a long silence after this, and after a few minutes it puffed away without.',0,1,NULL,'2022-07-22 18:57:47','2022-07-23 18:57:47',1),
	(74,2,'Asperiores est sint quibusdam.',NULL,10,'Goodwin Group',1,'amet','Used','Mabel after all, and I had our Dinah here, I know THAT well enough; and what does it matter to me whether you\'re nervous or not.\' \'I\'m a poor man, your Majesty,\' said Alice desperately: \'he\'s.','Et delectus veniam commodi consequatur voluptatum. Ipsum molestiae aut cupiditate qui rerum molestiae. Vitae est porro enim accusantium sunt consequatur. Qui aliquid corporis dolor molestias. Laborum magni aspernatur qui porro. Et saepe nobis placeat numquam. Sed voluptas repellendus sit optio deleniti. Omnis adipisci voluptas provident quo eos sunt. Voluptatem asperiores aut dolore est ut dicta laboriosam id. Quod excepturi sed veniam necessitatibus ipsum necessitatibus quasi. Temporibus non fugiat nemo dolores. Reiciendis voluptatem esse deserunt hic et inventore mollitia. Similique sit ratione sed nihil qui. Sint vel perspiciatis nostrum omnis minus porro non. Ut vitae necessitatibus voluptatum labore qui. Quaerat repudiandae porro voluptates voluptatem odio. Et expedita nisi fugit saepe perspiciatis mollitia ut. Voluptatem sint doloribus sequi. Earum qui officia ad maxime facilis. Repudiandae nam adipisci sapiente consectetur. Autem quia maxime in nam omnis aliquam. Sed rerum et magnam quas aut consequatur repudiandae. Mollitia consectetur minus necessitatibus consequatur. Consectetur modi quia in similique recusandae. Cumque quidem quae quia autem eveniet. Quia rerum sequi sit et et. Culpa perferendis ab labore accusamus. Voluptates iste mollitia voluptatem sed natus. Tenetur quisquam ea aspernatur assumenda.','a:7:{i:0;s:43:\"Odio sed quidem nulla tenetur voluptas sit.\";i:1;s:47:\"Voluptas voluptatem qui excepturi sed corrupti.\";i:2;s:53:\"Fugiat pariatur quos ut ut quo distinctio doloremque.\";i:3;s:43:\"Dicta ratione cum exercitationem quae fuga.\";i:4;s:69:\"Voluptas provident est eligendi aut voluptatum ea tenetur voluptates.\";i:5;s:64:\"Placeat et expedita praesentium laboriosam molestiae earum sunt.\";i:6;s:44:\"Dicta distinctio nihil praesentium et velit.\";}',40,0,3,174.000000,276.000000,NULL,NULL,NULL,1609.00,0,'2022-07-31 18:57:00',1,'repellendus-perspiciatis-vitae-assumenda-distinctio-a-tenetur-maxime','a:2:{i:0;i:1;i:1;i:28;}','Maiores sapiente numquam repellat asperiores architecto error veritatis.','I wonder what they said. The executioner\'s argument was, that anything that had fluttered down from the Queen furiously, throwing an inkstand at the moment, \'My dear! I shall ever see you any more!\'.',0,1,NULL,'2022-07-30 18:57:47','2022-07-25 18:57:47',1),
	(75,1,'Quam quam iste deleniti nulla numquam nostrum.',NULL,42,'Nienow, Leuschke and Treutel',4,'sit','New','I shall remember it in a long, low hall, which was lit up by a very humble tone, going down on their slates, and then sat upon it.) \'I\'m glad they\'ve begun asking riddles.--I believe I can reach the.','Harum voluptate tempora molestiae et. Enim eum eos maxime sint atque velit. In ea laborum amet omnis voluptate eos quas error. Non provident suscipit illum. Maxime amet voluptatem perspiciatis quia sed occaecati. Et ea laboriosam ut et quis consequatur. Sed voluptate tempore recusandae officiis mollitia occaecati occaecati impedit. Enim in assumenda dolores doloremque quia est neque. Et adipisci aut natus dolorem qui distinctio rerum. Minus totam nulla consequatur et est. Cupiditate corporis enim maxime est. Neque eius qui facere earum quod recusandae sit. Iusto eius aut minima dolor sit nisi dolor. Rerum et atque quis voluptatem. Sequi in consectetur modi quis atque optio consequatur et. Quam voluptates reiciendis saepe fugit voluptatem. Dolorem repudiandae et cumque voluptatem ducimus. Quae nisi quia harum incidunt. Accusamus atque corporis ab eligendi eum ratione. Veniam molestiae et ratione. Accusamus voluptatem id aut minus aliquam vel excepturi qui. Illum dolor optio omnis. Veritatis dicta ut nihil placeat qui. Unde omnis et voluptas reiciendis error distinctio. Et eligendi voluptatibus ex. Natus et quas atque est. Doloremque et alias quo. Ullam est sapiente reiciendis. Repellat enim quisquam laudantium sunt velit aut dolores animi. Beatae omnis in quis itaque velit quae sit accusamus. Id ipsam sed rem est. Nesciunt est culpa dolor id.','a:7:{i:0;s:81:\"Enim dignissimos consequatur autem recusandae et exercitationem maxime inventore.\";i:1;s:46:\"Excepturi soluta asperiores minima placeat ut.\";i:2;s:42:\"Est velit porro neque ratione consequatur.\";i:3;s:28:\"Sunt qui est officiis minus.\";i:4;s:55:\"Impedit voluptas est alias est aut culpa ipsum maiores.\";i:5;s:38:\"Omnis rerum accusamus blanditiis enim.\";i:6;s:36:\"Recusandae aspernatur facilis nobis.\";}',34,0,3,87.790460,105.790460,NULL,NULL,NULL,365.00,0,'2022-07-30 18:57:00',1,'voluptas-amet-qui-facere-iste-omnis-eveniet','a:3:{i:0;i:18;i:1;i:23;i:2;i:33;}','Rerum ipsam nemo voluptate et.','Sing her \"Turtle Soup,\" will you, old fellow?\' The Mock Turtle replied, counting off the mushroom, and raised herself to some tea and bread-and-butter, and then said, \'It was a queer-shaped little.',0,1,NULL,'2022-07-29 18:57:47','2022-07-18 18:57:47',1),
	(76,4,'Tempora voluptates officiis veritatis dolor consectetur ipsam.',NULL,45,'Lemke-Klocko',5,'quo','Used','Dormouse was sitting on a bough of a procession,\' thought she, \'if people had all to lie down on the other arm curled round her once more, while the Mock Turtle yawned and shut his eyes.--\'Tell her.','Ea voluptate nisi eos numquam quia porro est. Deserunt minima sed dolore aut aut. Impedit deserunt blanditiis ipsum enim et. Deleniti fuga officia repellendus ea. Sed ipsa saepe eos ullam enim rerum ex. Neque ipsam voluptatem facere dolor. Repellendus incidunt animi cumque sunt in. Qui accusamus rerum corporis est. Eveniet rerum harum porro atque laudantium. Ducimus sunt error vel delectus quo odio. Labore qui officia molestiae nihil aliquam magni corrupti. Libero et rerum maxime voluptas. Delectus veniam suscipit minus deserunt quae. Rerum unde quibusdam earum animi repellendus eaque. Maxime reprehenderit ad ullam quia amet maxime quia. Iste cum in architecto dolore ea ea. Numquam totam voluptate quas veniam exercitationem qui amet. Ea in sint et repellat culpa. Incidunt quae omnis sed consequatur. Qui reprehenderit et architecto voluptatum ratione repellat et. Ex ut a consequuntur eligendi sit dolores. Qui alias voluptatem reprehenderit maxime quis qui vel fuga. Pariatur delectus esse rerum harum libero. Non doloribus reiciendis quia sapiente voluptatem nihil quibusdam. Sint possimus alias magnam iste distinctio. Dolores dolorem et doloremque ut sit est sint nam. Qui animi iste tempore quis atque atque accusantium impedit. Quae quia voluptatem ut nobis quis. Vero omnis qui minus occaecati totam hic. Omnis tenetur quia aut et est est quo.','a:7:{i:0;s:57:\"Necessitatibus velit nulla voluptas placeat dolores quas.\";i:1;s:54:\"Ut reiciendis est saepe soluta doloribus autem hic at.\";i:2;s:34:\"Ut dolorum non molestias deleniti.\";i:3;s:44:\"Quasi quis voluptate id consequatur eum eos.\";i:4;s:36:\"Occaecati laudantium modi minus qui.\";i:5;s:44:\"Veniam et quis illum cupiditate consequatur.\";i:6;s:64:\"Omnis sapiente voluptas nemo commodi sunt libero consequatur ut.\";}',60,0,3,271.730000,338.730000,NULL,NULL,NULL,393.00,1,'2022-07-31 18:57:00',1,'esse-rerum-aperiam-fugit-consequuntur-id-vel-alias','a:2:{i:0;i:10;i:1;i:33;}','Dolore error deserunt aut nulla.','Hatter, who turned pale and fidgeted. \'Give your evidence,\' said the Duchess: \'what a clear way you have to fly; and the other two were using it as to prevent its undoing itself,) she carried it out.',1,1,NULL,'2022-07-19 18:57:47','2022-07-25 18:57:47',1),
	(77,1,'Est dolorum voluptas repellat voluptas qui et officiis iste.',NULL,18,'acme',4,'nisi','New','Why, there\'s hardly enough of me left to make out what it was very deep, or she should push the matter on, What would become of me?\' Luckily for Alice, the little passage: and THEN--she found.','Soluta beatae eaque aperiam et sit accusantium sint. Corrupti odit voluptate voluptatem. Et ex ipsa quisquam dolorem totam voluptate. Error vitae alias velit ea voluptatem non. Ea dignissimos aut molestias voluptatum. Sunt exercitationem minus et sed. Mollitia earum libero saepe consequuntur porro facere vel. Ipsam consequatur omnis modi excepturi similique. Assumenda temporibus facilis ipsa dolor repellat eligendi neque. Ut ipsam minima deleniti ex asperiores. Impedit sequi totam placeat corrupti tenetur est ullam. A natus natus similique eveniet dolor quia quidem. Quaerat fugit aut quia non a. Unde sint a iste minima est aut. Sit architecto voluptatem explicabo unde accusantium ea debitis. Nisi occaecati necessitatibus tempore quam distinctio necessitatibus. Minima et vero voluptas nemo soluta sint. Pariatur aperiam eos cupiditate aut aliquid ad voluptatibus et. Id cum placeat dicta molestias atque. Illum nesciunt consequatur aut quas est. Voluptatem doloremque cupiditate non est quidem. Et laboriosam quae voluptas autem et iste. Voluptatem commodi et maiores recusandae corporis qui. Nam blanditiis eveniet pariatur autem cum distinctio. Distinctio aut enim ab commodi voluptate ipsa sit fuga. Maiores libero quia culpa harum id rem consectetur. Adipisci pariatur quisquam porro et culpa delectus fuga. Soluta velit sit repellat ut. Dolor magnam eius sunt eveniet.','a:7:{i:0;s:28:\"Non at dolores odio dolores.\";i:1;s:37:\"Aliquid excepturi non nobis ut ipsum.\";i:2;s:60:\"Rerum natus consectetur dolorem esse est aut pariatur nulla.\";i:3;s:43:\"Aliquid aliquam nihil eum a quis natus sit.\";i:4;s:37:\"Voluptatibus aut asperiores amet sit.\";i:5;s:24:\"Laborum optio qui ea et.\";i:6;s:42:\"Quas voluptatem molestiae ducimus quaerat.\";}',69,0,3,393.143600,546.143600,NULL,NULL,NULL,1634.00,1,'2022-07-31 18:57:00',1,'quae-praesentium-eveniet-omnis-totam-nam-et-animi','a:3:{i:0;i:0;i:1;i:13;i:2;i:44;}','Est incidunt labore ut.','Alice looked all round her, about four feet high. \'I wish I hadn\'t cried so much!\' said Alice, seriously, \'I\'ll have nothing more happened, she decided on going into the jury-box, and saw that, in.',1,1,NULL,'2022-08-01 18:57:47','2022-07-30 18:57:47',1),
	(78,5,'Eligendi id placeat omnis aut nam dolorem reiciendis.',NULL,51,'Schinner, Huel and Kunze',4,'voluptas','New','Don\'t let me hear the very middle of one! There ought to be a grin, and she went on, taking first one side and then said, \'It WAS a narrow escape!\' said Alice, \'because I\'m not used to read.','A consequuntur neque dolor qui dolorem. Ipsum perferendis magnam accusantium quasi et iste et maiores. Qui deleniti nihil corporis molestiae libero eos sequi distinctio. Itaque provident voluptate atque tempora velit et. Qui quia error debitis vel maxime et. Incidunt animi iste magnam consequatur consectetur doloribus rerum. Voluptas necessitatibus error ullam praesentium eius veritatis. Temporibus dolor odio et ipsa sequi. Sit corporis placeat et maxime totam. Molestiae natus et quia culpa aliquam tenetur. Est velit ipsum minus amet. Inventore in qui amet delectus quas. Mollitia ullam et aut delectus qui. Quod veniam et est ex corrupti. Eum laboriosam consequatur sit. Quisquam atque ut quis voluptas consequatur ut. Delectus vero nulla libero voluptatem ex impedit. Recusandae eaque delectus nulla voluptas sed repudiandae. Dolorem possimus magnam est fugiat ipsam quia sint. Est porro eos nemo sint ipsam amet. Sit recusandae odit dolor voluptate iure quo numquam. Quas modi quibusdam quidem eius. Ex earum quod nesciunt minus enim adipisci tempore hic. Commodi dolorum repellat odio neque quaerat deserunt aut. Consequatur eos qui qui impedit quibusdam consectetur temporibus. Minus dolores enim hic laborum voluptatem quia aperiam. Quia omnis sunt officiis vero impedit. Quo at deleniti temporibus tempora iste. Id recusandae exercitationem repellendus alias consequuntur. Et debitis corporis ut quam mollitia dolorum.','a:7:{i:0;s:33:\"Tempora ut doloribus est aliquid.\";i:1;s:45:\"Nam sit veniam eligendi quos nostrum debitis.\";i:2;s:42:\"Qui est earum qui architecto sit pariatur.\";i:3;s:52:\"Magni facere aut in et dolores exercitationem omnis.\";i:4;s:44:\"Amet iure ad sed quibusdam quo neque labore.\";i:5;s:58:\"Et voluptatem odio illo explicabo odit explicabo delectus.\";i:6;s:49:\"Sit omnis rem ut nesciunt repudiandae officia ut.\";}',75,0,3,120.507200,270.507200,NULL,NULL,NULL,1517.00,1,'2022-08-01 18:57:00',1,'neque-ut-facilis-ducimus-qui-occaecati-in-et','a:2:{i:0;i:6;i:1;i:15;}','Nulla magnam et et voluptate est.','Alice, she went on, without attending to her; \'but those serpents! There\'s no pleasing them!\' Alice was beginning to write this down on one knee as he spoke, and the game was going off into a.',1,1,NULL,'2022-07-20 18:57:47','2022-07-18 18:57:47',1),
	(79,4,'Dolores eos quia voluptatibus tenetur ut non pariatur.',NULL,39,'Bartoletti-Wiegand',1,'qui','Refurbished','There was a treacle-well.\' \'There\'s no sort of way to change the subject. \'Go on with the strange creatures of her own ears for having missed their turns, and she tried the effect of lying down with.','Consectetur optio et voluptas dolores nihil. Earum laboriosam quia quia pariatur eligendi explicabo. Qui autem ullam aliquid nesciunt maiores dolorem laboriosam omnis. Deserunt eum molestiae repudiandae eius explicabo sequi voluptatem tempore. Eum et ex atque enim maxime deleniti. Qui laborum aliquam nesciunt. Aspernatur sapiente accusamus animi perspiciatis doloribus. Debitis nisi eos libero quis ut. Ab est necessitatibus voluptatum. Aut illum esse natus ex alias culpa vel. Vel qui quod eius in enim esse. Omnis aut cumque accusamus et eum et reiciendis. Id quis voluptas eligendi aut quia. Est explicabo sint totam et non molestiae velit. Quod aperiam quam aut sed aliquid et et velit. Libero porro distinctio et eos corporis voluptatem. Similique nihil voluptatem ipsam aut. Libero id officiis repudiandae ullam et. Omnis enim quod labore adipisci saepe cum. Porro est optio illo eum nulla qui id mollitia. Deserunt et repellat aspernatur iusto sint voluptates illo. Nihil voluptate animi et illum. Consequuntur perferendis assumenda ullam eum exercitationem doloremque labore. Possimus voluptate est voluptatem ut numquam fuga. Quo officiis numquam et voluptas molestiae illum commodi. Enim vel harum minima inventore ut. Dolorum ut suscipit aut. Doloribus aut veritatis nihil corporis odio eius. Tempora sunt tenetur commodi minus rerum. Non ea tempora cupiditate aut iste temporibus. Sed occaecati ut molestiae sed et sint voluptas sed.','a:7:{i:0;s:43:\"Impedit ut voluptatem quis eum praesentium.\";i:1;s:34:\"Ea consequatur autem id quia sint.\";i:2;s:44:\"Cupiditate odio perspiciatis ipsa quas eius.\";i:3;s:46:\"Accusamus quibusdam sed enim vitae temporibus.\";i:4;s:55:\"Repellat dignissimos assumenda quisquam sit architecto.\";i:5;s:44:\"Qui quos et ipsam voluptatem sint qui autem.\";i:6;s:54:\"Quis et voluptas quae beatae soluta hic dolorem illum.\";}',16,0,3,66.083687,207.083687,186.083687,'2022-08-02 18:57:00','2022-08-23 18:57:00',1491.00,1,'2022-07-31 18:57:00',1,'maiores-maiores-itaque-corrupti-est','a:3:{i:0;i:12;i:1;i:15;i:2;i:48;}','Qui repellendus aut optio numquam totam.','Cat. \'I don\'t even know what \"it\" means.\' \'I know SOMETHING interesting is sure to happen,\' she said this, she looked down at her side. She was close behind it was talking in his note-book, cackled.',0,1,NULL,'2022-07-28 18:57:47','2022-07-21 18:57:47',1),
	(80,1,'Quos sed cumque rem et.',NULL,24,'Wilderman PLC',1,'corrupti','New','Alice felt so desperate that she knew the right size to do such a new kind of rule, \'and vinegar that makes the world she was losing her temper. \'Are you content now?\' said the Dormouse; \'--well.','Quia ducimus accusamus placeat dolores fugit. Doloribus corporis quasi esse alias nesciunt natus atque rerum. Ipsa molestiae facere sunt non. Iure dolorem nisi numquam ea autem minima. Rerum nobis placeat consectetur vel quae. Harum minus voluptatum et natus sunt non nobis. Deserunt voluptas aspernatur iste ut libero praesentium. Veritatis et dolor deleniti. Illo veritatis quisquam ut id cum. Est rem laborum consequatur voluptatem cum voluptatum quia. Placeat vero aliquam veniam dolorem beatae molestiae libero. Blanditiis numquam qui voluptatum amet quibusdam dolorum aut. Est sit voluptatem vel velit ut possimus qui corporis. Aut aut magni ea velit. Quae consequatur nesciunt nam impedit aut vel tempora. Sint voluptas error quo natus vitae nihil dignissimos. Voluptas quia eos ut. Expedita iure voluptatibus omnis recusandae. Illum repudiandae aut aliquam possimus rerum. Harum enim recusandae aperiam delectus eos pariatur ut ut. Dolorem quia vitae qui. Et ea perspiciatis nesciunt modi odio blanditiis. Exercitationem aut eum dolor nisi est repudiandae. Qui et eligendi explicabo distinctio. Velit minima nesciunt deserunt illo. Aliquid repudiandae dolorem explicabo velit occaecati explicabo. Quisquam reiciendis excepturi ut iusto minus. Vero temporibus praesentium sit vel. In accusamus nam atque nesciunt dolorem et.','a:7:{i:0;s:50:\"Quod sunt enim quisquam enim nulla sed voluptatum.\";i:1;s:43:\"Voluptatem temporibus voluptates quibusdam.\";i:2;s:53:\"Quia fugiat qui aut maiores placeat ut nostrum natus.\";i:3;s:47:\"Et a molestiae reiciendis et consequatur alias.\";i:4;s:64:\"Dignissimos odit odit et tenetur non recusandae ullam provident.\";i:5;s:49:\"Voluptatem corporis reprehenderit assumenda quia.\";i:6;s:44:\"Repellat aliquid neque voluptatem ad ut sit.\";}',32,0,3,191.300000,349.300000,NULL,NULL,NULL,813.00,1,'2022-07-31 18:57:00',1,'possimus-autem-excepturi-numquam-delectus-atque','a:3:{i:0;i:1;i:1;i:4;i:2;i:45;}','Laborum corrupti modi voluptas libero numquam.','It was so much already, that it was quite tired of swimming about here, O Mouse!\' (Alice thought this must be the use of a sea of green leaves that lay far below her. \'What CAN all that green stuff.',1,1,NULL,'2022-07-18 18:57:47','2022-07-20 18:57:47',1),
	(81,5,'Non est ad eum blanditiis possimus blanditiis.',NULL,19,'Lemke-Klocko',5,'repellat','Used','Caterpillar\'s making such VERY short remarks, and she drew herself up and picking the daisies, when suddenly a footman because he taught us,\' said the Cat. \'I\'d nearly forgotten to ask.\' \'It turned.','Eos animi dolores nulla in voluptatem itaque dolorem cum. Tenetur exercitationem excepturi sit cupiditate. Doloribus omnis voluptas voluptatum non. Vero minus nostrum aut et fuga id modi necessitatibus. Quo dolorem voluptatem itaque accusantium ullam ex qui similique. Laborum quos vero qui incidunt omnis. Aspernatur a ut autem sapiente aspernatur natus quae. Sed alias doloribus dolorum reiciendis fuga consequatur aliquid. Et officiis occaecati suscipit quis reprehenderit autem. Facere exercitationem fuga nobis non consequatur nemo. Iusto nisi voluptas labore consequatur doloribus. Est odio quisquam modi doloremque explicabo neque quo. Adipisci et rerum at quia qui amet laborum. Quod ullam et non aperiam tempore sunt recusandae. Excepturi sint ducimus maiores et dignissimos eligendi. Perspiciatis rerum necessitatibus commodi autem modi illum sunt. Quisquam aut voluptas perferendis eum illum sequi. Doloremque tempore autem fugit quo. Amet earum sint placeat fugiat sit expedita. Eos ex laudantium qui odio quos qui et. Cum expedita sunt eius ab vitae. Corrupti autem delectus sunt non sint et. Libero harum est beatae enim. Debitis qui pariatur suscipit harum quis aspernatur reprehenderit. Eius voluptatibus possimus ab numquam hic distinctio. Aut quibusdam nulla qui atque aut et. Reprehenderit velit praesentium vel delectus. Animi reiciendis enim omnis maxime. Tenetur qui voluptatum officia corporis ea.','a:7:{i:0;s:48:\"Amet mollitia rerum aperiam quis et consequatur.\";i:1;s:45:\"Nostrum maiores sunt dolorum amet velit eius.\";i:2;s:63:\"Incidunt vitae quae necessitatibus enim repellendus asperiores.\";i:3;s:40:\"Et cumque quas qui perspiciatis odio ea.\";i:4;s:75:\"Expedita voluptates ut nostrum reprehenderit maxime est quo necessitatibus.\";i:5;s:22:\"Iure quia eveniet quo.\";i:6;s:44:\"Soluta qui dolorem quo voluptatem doloribus.\";}',40,0,3,281.879520,432.879520,242.879520,'2022-08-02 18:57:00','2022-08-10 18:57:00',269.00,1,'2022-07-31 18:57:00',1,'doloribus-quis-sed-consectetur-deleniti-in-dolor','a:2:{i:0;i:37;i:1;i:41;}','Necessitatibus nisi nisi voluptas quo rerum.','I hadn\'t cried so much!\' Alas! it was the Hatter. He had been running half an hour or so, and were quite dry again, the Dodo could not tell whether they were nowhere to be talking in a sort of.',1,1,NULL,'2022-07-24 18:57:47','2022-07-27 18:57:47',1),
	(82,3,'Architecto aut sit qui enim.',NULL,22,'Kovacek Group',1,'alias','Used','Queen: so she began fancying the sort of way, \'Do cats eat bats? Do cats eat bats? Do cats eat bats? Do cats eat bats, I wonder?\' Alice guessed who it was, and, as a drawing of a dance is it?\'.','Sapiente cum nostrum aut ratione illo aut. Minus neque aut pariatur eos qui sint aut. Aspernatur quia molestiae nobis aliquid. Saepe qui et consectetur omnis fuga voluptas beatae. Facilis cupiditate quo veritatis aut sed. Id quis exercitationem rerum inventore iure. Molestias fugiat aut voluptas cum fugit aut. Voluptatibus nesciunt accusantium et necessitatibus. Odit quis quis et qui. Voluptas molestias et id id vitae. Sit sit expedita fuga enim iusto. Vel non veniam ut voluptatem consequatur. Quam minima ad natus quasi tempore earum voluptas et. Qui similique consequuntur vero excepturi sit. Repellendus at dolores autem quia. Quia qui quia sapiente sit natus. Doloremque porro porro odio voluptatem aut error rerum. Et tempore aliquid sit atque sequi inventore velit. Illum voluptatum voluptate sit sit optio et laudantium. Quasi praesentium libero tempore et quas. Aperiam earum nobis expedita placeat vel id rerum. Debitis atque aliquid optio aspernatur sunt veniam. Dolor voluptatem officia qui ut. Voluptas illo autem non aliquid fugiat. Quia ut nisi nihil mollitia voluptatem ipsa. Quo cupiditate quo minima dolor earum eum. Est ut qui officiis et odit aut. Occaecati voluptatem labore dolore ullam sit natus. Hic quo nihil aut omnis ut et sint rerum. Provident accusamus velit repellat dolores omnis rem. Quas totam dolorem sunt beatae itaque excepturi et. Eveniet enim consequuntur dolore unde in numquam. Magni unde quaerat iste aut. Temporibus sunt alias quasi id alias expedita.','a:7:{i:0;s:60:\"Repellendus quaerat consequatur ducimus repudiandae facilis.\";i:1;s:30:\"Nemo ex sint reiciendis totam.\";i:2;s:88:\"Veritatis placeat dignissimos reprehenderit dolorum repellat optio laudantium molestias.\";i:3;s:31:\"Ipsum doloribus sit rerum quis.\";i:4;s:52:\"Possimus ex provident et libero molestiae est rerum.\";i:5;s:65:\"Similique nulla est voluptas enim qui voluptatum magnam suscipit.\";i:6;s:36:\"Quos similique veniam maiores omnis.\";}',96,0,3,148.188074,315.188074,NULL,NULL,NULL,418.00,1,'2022-08-01 18:57:00',1,'rerum-nesciunt-quaerat-inventore-quis-nulla','a:3:{i:0;i:13;i:1;i:20;i:2;i:22;}','Veritatis illum odit porro dolor aut.','I\'ll have you executed.\' The miserable Hatter dropped his teacup instead of onions.\' Seven flung down his cheeks, he went on, turning to the door, she ran with all her life. Indeed, she had never.',0,1,NULL,'2022-07-22 18:57:47','2022-07-23 18:57:47',1),
	(83,4,'Necessitatibus sed sit consequatur inventore est rerum.',NULL,2,'Nicolas-Skiles',2,'dolorem','Used','Footman remarked, \'till tomorrow--\' At this moment Five, who had spoken first. \'That\'s none of YOUR adventures.\' \'I could tell you just now what the next witness!\' said the Caterpillar. Alice said.','Recusandae non quia molestiae in modi. Tempore corporis sapiente beatae aperiam repellat velit voluptatibus. Et quia earum suscipit pariatur est hic. Illum non quo nesciunt voluptates ea reprehenderit. Laborum quia non necessitatibus praesentium. Cumque nisi rerum harum delectus molestias expedita incidunt voluptas. Ea distinctio nisi aut consectetur porro numquam. Molestias ut voluptate corrupti sapiente excepturi ut. In assumenda ratione dolorem recusandae et delectus. Commodi facilis molestias sed atque facilis. Officiis quasi labore ut odio. Et corrupti ullam veniam adipisci tenetur consequatur aut similique. Dolores similique error soluta voluptas qui. Vero necessitatibus libero sed cum modi ex eos cum. Sit nemo quia laborum quasi quisquam odio. Itaque excepturi voluptate ullam aperiam voluptates. Aut molestias molestiae dolor quo aut magni. Et consequatur nostrum delectus nostrum. Sit voluptatem dolores doloribus quidem similique qui. Voluptates quibusdam sint veritatis quidem inventore. Tempore id vero rerum laudantium dolor natus. Est odio at laborum temporibus dolores eligendi. Labore at rem officia ea labore. Similique nulla et sit accusantium fugiat earum. Adipisci at omnis cupiditate dolores. Assumenda nisi dolores nemo consequatur. Aliquid incidunt soluta nihil eum fugit. Ullam rem laboriosam dolor aut et dolores placeat. Sed fugiat aliquid itaque est illo maiores nihil.','a:7:{i:0;s:41:\"Nisi enim ab nemo eos voluptatem dolorem.\";i:1;s:47:\"Alias doloremque odit maiores quia perferendis.\";i:2;s:41:\"Maxime iste est rerum nemo est sed dolor.\";i:3;s:55:\"Quis excepturi molestiae quis nihil magni in molestiae.\";i:4;s:36:\"Iste aut quia quas ipsam et sed rem.\";i:5;s:46:\"Omnis perspiciatis voluptas quibusdam dolores.\";i:6;s:64:\"Possimus perferendis dolorem aspernatur doloribus molestias aut.\";}',90,0,3,218.000000,303.000000,NULL,NULL,NULL,872.00,1,'2022-08-01 18:57:00',1,'impedit-similique-facere-qui-et-dolorum-nisi-sed','a:2:{i:0;i:18;i:1;i:36;}','Aut consequuntur accusamus et facilis occaecati laudantium quia mollitia.','Pigeon had finished. \'As if I can reach the key; and if the Mock Turtle. \'Very much indeed,\' said Alice. \'Why, SHE,\' said the Queen, but she was now only ten inches high, and was delighted to find.',0,1,NULL,'2022-07-30 18:57:47','2022-08-02 18:57:47',1),
	(84,1,'Libero ut odit deleniti quia consequuntur debitis.',NULL,40,'Bednar Inc',4,'ipsam','New','Alice felt that this could not stand, and she felt a little bit of mushroom, and raised herself to some tea and bread-and-butter, and went on again:-- \'You may not have lived much under the window.','Magni sequi consequatur aut. Quos vel delectus omnis delectus nihil. Amet omnis non officiis dolorum facilis. Quas asperiores dolores assumenda ratione laborum reiciendis. Dolore animi consequatur repudiandae sit. Aliquid error est optio ea vero consectetur inventore magni. Pariatur quidem autem alias odit reiciendis. Hic quae quis aut et excepturi aspernatur eius exercitationem. Officia exercitationem expedita perspiciatis fugit. Sunt voluptatibus nobis necessitatibus magni. Doloremque consequuntur autem dicta. Aut dolorum sed sequi. Animi blanditiis quasi quia odit eligendi dolorum. Nisi incidunt nobis atque quia praesentium est inventore quidem. Autem voluptatem sint corporis repellendus veritatis minima beatae. Repudiandae esse cumque illo et repellat ducimus omnis. Et vel occaecati laborum autem. Laboriosam nihil quos necessitatibus ut ipsam. Fugiat vitae quod ipsa aut ullam aut. Autem soluta inventore iusto sequi deleniti aspernatur beatae. Optio ipsam laborum illo est. Commodi ab fuga dolor. Repudiandae est ad exercitationem maxime. Numquam delectus molestias et aperiam sequi et. Expedita qui enim nostrum commodi et non perspiciatis quam. Sed sit ad quaerat modi et. Architecto et necessitatibus ullam dolorum nobis possimus. Culpa alias expedita saepe qui dolorem aliquam.','a:7:{i:0;s:25:\"Illo suscipit aliquid ea.\";i:1;s:20:\"Officiis aut ut qui.\";i:2;s:46:\"Fugiat iste qui fugiat et consequatur quia at.\";i:3;s:29:\"Ipsum numquam optio alias ut.\";i:4;s:49:\"Id deleniti voluptas officia possimus soluta quo.\";i:5;s:21:\"Quia non quis unde a.\";i:6;s:38:\"Atque similique ut rem in in incidunt.\";}',37,0,3,388.730724,438.730724,171.730724,'2022-08-02 18:57:00','2022-08-24 18:57:00',1988.00,1,'2022-07-31 18:57:00',1,'cumque-veniam-sed-esse-harum-occaecati-exercitationem-necessitatibus','a:3:{i:0;i:0;i:1;i:4;i:2;i:23;}','Soluta quia ipsum repellendus odio sit.','The Duchess took her choice, and was going to be, from one end of the bread-and-butter. Just at this moment the King, the Queen, \'Really, my dear, YOU must cross-examine the next question is, what?\'.',0,1,NULL,'2022-07-24 18:57:47','2022-07-20 18:57:47',1),
	(85,2,'Sint accusamus sed voluptatem dolorem soluta omnis.',NULL,37,'McClure Group',4,'sequi','Used','Then followed the Knave was standing before them, in chains, with a T!\' said the Caterpillar; and it set to work shaking him and punching him in the pictures of him), while the Dodo suddenly called.','Labore distinctio libero nihil ducimus placeat quas. Corrupti a nesciunt iure aut. Et tenetur ut et est. Nulla dignissimos fugit officia eos est quia rerum. Adipisci quisquam nihil omnis saepe. Nihil aut maiores quas et. Veritatis aperiam aut voluptas atque sapiente. Reiciendis labore sed adipisci sunt reiciendis reiciendis qui. Commodi consequatur harum necessitatibus quaerat. Dolor asperiores facilis unde dolorem voluptatem accusamus eum. Et saepe eveniet et. Est qui qui hic est blanditiis. Ea modi quo sequi eum voluptas in ea minus. Explicabo dolorum et omnis vero dolorum doloribus amet est. Et et aut maiores. Natus quo est quas ex natus. Tempora minus rem consequatur aut beatae. Eum corporis quia iure harum et omnis. Et iure ut et velit sit ipsa asperiores dolor. Exercitationem temporibus est ipsum accusamus alias assumenda. Vitae est reiciendis explicabo sunt ut. Libero qui eaque ad non consequatur eaque velit. Reprehenderit sunt id iste ut. Eligendi dolorum non delectus libero. Omnis consectetur saepe dolores cum. Fuga sit animi doloremque molestiae voluptas et provident. Veritatis ut qui at sint. Deleniti sunt aut eos corrupti cumque. Inventore corrupti sed in eos omnis reprehenderit fuga. Dolore animi expedita at voluptatem veniam. Ducimus iure occaecati repellendus voluptatem eius quis laudantium. Laborum voluptatem deleniti occaecati aut.','a:7:{i:0;s:63:\"Quaerat inventore ut deserunt nesciunt tenetur ipsam molestiae.\";i:1;s:38:\"Odio veniam expedita voluptates sequi.\";i:2;s:59:\"Consequuntur sit perferendis reprehenderit nisi numquam ea.\";i:3;s:38:\"Commodi tempore quod nobis velit iste.\";i:4;s:42:\"Non distinctio sint eaque molestias sequi.\";i:5;s:33:\"In fugiat pariatur veniam cumque.\";i:6;s:31:\"Modi dolores sint nesciunt est.\";}',99,0,3,333.912862,405.912862,351.912862,'2022-08-02 18:57:00','2022-08-19 18:57:00',740.00,1,'2022-08-01 18:57:00',1,'nulla-nobis-voluptas-consequatur-modi-in-in-illo','a:3:{i:0;i:4;i:1;i:6;i:2;i:23;}','Et totam ut reiciendis nesciunt facilis sunt est.','Caterpillar sternly. \'Explain yourself!\' \'I can\'t explain it,\' said the Hatter. \'It isn\'t mine,\' said the Footman, and began to say which), and they can\'t prove I did: there\'s no room to grow larger.',0,1,NULL,'2022-07-31 18:57:47','2022-08-02 18:57:47',1),
	(86,4,'Veniam distinctio vitae expedita eos qui explicabo possimus.',NULL,5,'Mayert-Ryan',2,'ratione','New','Alice replied very gravely. \'What else have you got in your pocket?\' he went on, looking anxiously about as it happens; and if I was, I shouldn\'t want YOURS: I don\'t care which happens!\' She ate a.','Amet porro aliquam est fugiat temporibus consequatur. Cumque neque ut molestiae ut id dolor. Aut eum magnam alias harum deserunt exercitationem. Tempora consequuntur sequi nobis voluptatem aut rerum eum. Quidem ea perspiciatis modi perspiciatis quis voluptas culpa. Nemo dolor non maiores aut fugiat. Fugit ducimus sit beatae et sit. Sint eveniet ut voluptatem magni ut. At similique repudiandae eveniet est nulla. Molestiae ut et quas explicabo nam doloribus. Vel voluptas ab dignissimos sequi placeat soluta. Accusamus fuga id illo possimus velit et tempora. Cupiditate dolores iure nisi reiciendis natus voluptates. Reiciendis natus odio ut. Est vel architecto aut quo maiores. Autem quos dolor iusto quis. Autem omnis quam minima eius. Voluptatem sunt sapiente possimus quod quis. Velit debitis fugit et quaerat omnis. Atque libero modi fugiat sed nobis corporis iste. Iure corrupti sunt illum vel distinctio iure soluta voluptatem. Suscipit impedit ut qui quae sunt. Veritatis omnis natus voluptate harum rerum neque. Velit atque ut iste voluptate voluptatem. Assumenda molestiae natus qui nam eligendi. Qui temporibus expedita deserunt error illo sunt. Consequuntur id ipsam dolore modi. Perferendis et ipsa fugiat est. Pariatur optio est quae fugiat expedita sit. Nobis numquam nobis modi delectus. Exercitationem consequatur quo autem maiores. Est quaerat illo nobis unde. Soluta enim aut et vel. In voluptas expedita accusantium dolores. Esse omnis illo enim aut sit excepturi quibusdam.','a:7:{i:0;s:53:\"Consequatur et voluptatum deleniti optio quas ea qui.\";i:1;s:32:\"Perferendis vel corrupti et aut.\";i:2;s:36:\"Quo rem et magni et aut impedit sit.\";i:3;s:38:\"Sit beatae et saepe ut optio suscipit.\";i:4;s:40:\"Dolore autem quaerat in ut vero quaerat.\";i:5;s:64:\"Accusantium dolor facilis explicabo tenetur voluptatem officiis.\";i:6;s:52:\"Dolorem dolorem esse omnis non laudantium eum porro.\";}',88,0,3,274.930073,333.930073,139.930073,'2022-08-02 18:57:00','2022-08-09 18:57:00',250.00,1,'2022-07-30 18:57:00',1,'culpa-nostrum-inventore-non-est-vel-voluptatibus-perferendis-incidunt','a:2:{i:0;i:12;i:1;i:36;}','Consequatur iure optio qui incidunt.','Alice. \'I\'m glad they don\'t seem to encourage the witness at all: he kept shifting from one foot to the Queen, who were giving it a minute or two, looking for the immediate adoption of more broken.',0,1,NULL,'2022-07-29 18:57:47','2022-07-24 18:57:47',1),
	(87,3,'Quia praesentium autem dolores cumque laudantium aut neque.',NULL,29,'McClure Group',3,'sunt','New','Alice. \'Nothing,\' said Alice. \'I\'ve so often read in the air, mixed up with the Queen,\' and she sat down again into its face was quite a chorus of voices asked. \'Why, SHE, of course,\' he said in a.','Sit iure nemo sint veniam. Non maxime consequuntur nam repudiandae et qui. Expedita quod sunt eum autem rerum. Illo molestias eius non libero. Vero voluptate repudiandae sed libero quo aut. Quia repellat tempora nesciunt rerum omnis rerum. Totam occaecati eos aut commodi repellat. Sed id nihil eum praesentium. Dicta voluptates nemo sapiente atque. Delectus dolorem voluptas et ea. Qui quam officia quod ut quam. Velit voluptate voluptatibus quo inventore. Accusantium et sint aperiam ut dolorem. Nostrum culpa aperiam iusto et sed aut voluptas consequatur. Eum odio velit impedit et tempore possimus maxime aut. Aliquam consequatur corrupti vero est minus voluptatem et. Omnis assumenda exercitationem culpa aut saepe. Asperiores dolore dicta veniam tempore. Tempore quae culpa eius illo. Natus ex sequi omnis autem facere. Iusto officia accusantium laborum ipsa amet cupiditate quia. Laborum dolores placeat repudiandae similique. Aperiam ut adipisci magni in ut mollitia ducimus. Aut et vero aut sed asperiores ut. Sint vitae necessitatibus aliquam quia molestiae temporibus. Necessitatibus rerum rem deleniti occaecati architecto quia voluptatem. Ducimus aut enim facilis. Officia accusantium et laboriosam fuga nemo. Omnis ab adipisci odio nobis labore eum optio. Quaerat iste dolorum ut voluptas. Dicta tempora et temporibus qui dolore laudantium cumque. Temporibus veniam sed odit aliquam harum consequatur est rerum. Repudiandae velit voluptatum quas ipsum.','a:7:{i:0;s:28:\"In ipsam nihil perspiciatis.\";i:1;s:36:\"Non porro sit ipsa fuga repudiandae.\";i:2;s:51:\"Ea quia iusto dolorem provident ut accusantium rem.\";i:3;s:39:\"Impedit voluptatem accusantium aliquid.\";i:4;s:38:\"Ut est eius autem et nam officia quia.\";i:5;s:44:\"Iusto sequi libero harum rerum illo tempora.\";i:6;s:38:\"Et est rerum numquam vel corrupti est.\";}',39,0,3,277.357900,462.357900,NULL,NULL,NULL,474.00,1,'2022-07-31 18:57:00',1,'expedita-qui-aut-voluptas-eum-asperiores-similique-quidem','a:3:{i:0;i:7;i:1;i:30;i:2;i:47;}','Nulla molestias provident quia libero molestiae.','WAS a curious plan!\' exclaimed Alice. \'That\'s the reason of that?\' \'In my youth,\' said his father, \'I took to the little golden key, and unlocking the door of the leaves: \'I should like to be seen.',1,1,NULL,'2022-07-19 18:57:47','2022-07-20 18:57:47',1),
	(88,3,'Quo laudantium in voluptas consequatur officiis sunt.',NULL,11,'McClure Group',4,'exercitationem','Refurbished','Alice in a confused way, \'Prizes! Prizes!\' Alice had never heard before, \'Sure then I\'m here! Digging for apples, indeed!\' said the Duck. \'Found IT,\' the Mouse with an M?\' said Alice. \'It must have.','Doloremque fuga amet rerum ut. Numquam eaque unde aut at nesciunt vel omnis veritatis. Voluptatem doloribus quam consequatur hic. Est ea cumque officiis cumque in quas. Consequatur error necessitatibus voluptatem consectetur explicabo. Qui dignissimos nesciunt distinctio dolorem iure natus enim. Vel et eius quibusdam sapiente occaecati. Dolor minima quia facere laboriosam est vel est quas. Labore voluptatum nihil fugit voluptatem est. Nesciunt dolorem accusamus voluptatem expedita. Minus facilis iste consequuntur ab voluptas quis quidem nihil. Ut qui iure quisquam aut occaecati. Doloremque eos quam voluptate omnis esse veritatis aut. Amet ut voluptatem ipsum dicta rerum quia dolores molestias. Aut natus qui quas eum quis aut. Omnis fugit rem repellendus et odit officia. Voluptatibus aut nemo sit tenetur. Tempore ex dolorem sint repellat. Quasi ut vel et minus velit sed enim. Veritatis eos aut sint quae ut fugit. Qui incidunt quia consectetur sed ut veniam. Minus molestiae est reprehenderit magni autem molestias. Aut possimus cupiditate autem velit. Qui asperiores laudantium dolores quis dignissimos quo harum non. Velit cumque harum ullam sed. Et debitis nostrum qui nulla atque atque. Qui pariatur vel quo totam. Veniam autem sit cum optio error. Maxime quae fugiat consectetur quas aliquid et repellendus. Sunt aut iste facere velit aut. Sed eveniet incidunt minima consequatur eius. Et veniam maxime et non sit praesentium. Commodi quo est facere culpa eum sit.','a:7:{i:0;s:31:\"Aut vel similique a porro odio.\";i:1;s:37:\"Delectus labore non quam tempore est.\";i:2;s:60:\"Dicta aliquam libero doloribus velit eveniet repudiandae in.\";i:3;s:35:\"Et earum nostrum id labore tenetur.\";i:4;s:56:\"Voluptate enim soluta voluptas fugiat et non iste rerum.\";i:5;s:57:\"Culpa provident molestiae quis ut nulla tempora et omnis.\";i:6;s:43:\"Accusantium et quae quaerat quas sed optio.\";}',69,0,3,70.561110,185.561110,125.561110,'2022-08-02 18:57:00','2022-08-23 18:57:00',1925.00,1,'2022-07-30 18:57:00',1,'itaque-assumenda-consequatur-voluptatum-blanditiis-placeat-sequi','a:2:{i:0;i:23;i:1;i:27;}','Maxime porro ut quos in perspiciatis accusantium.','I can do no more, whatever happens. What WILL become of me? They\'re dreadfully fond of pretending to be true): If she should chance to be seen--everything seemed to have wondered at this, but at any.',1,1,NULL,'2022-07-18 18:57:47','2022-08-01 18:57:47',1),
	(89,1,'Doloribus laudantium sed rerum consequatur reprehenderit in unde.',NULL,23,'Lemke and Sons',4,'sit','Used','New Zealand or Australia?\' (and she tried hard to whistle to it; but she stopped hastily, for the moment he was going to happen next. \'It\'s--it\'s a very respectful tone, but frowning and making.','Dicta iusto vel itaque natus explicabo. Vitae ea nulla beatae vero ipsum laboriosam. Adipisci facilis hic et ipsum. Blanditiis est consequuntur fugit aliquid. Aut in ut quia animi asperiores qui. Dignissimos et quo quia nesciunt accusantium omnis. Ut aspernatur optio alias voluptatum quam quos. Unde sapiente facere beatae quo maiores placeat quia. Dolore ea quasi id aliquam ipsam qui aut. Rem eligendi voluptas ut fugiat. Voluptatem quidem vero nihil sit est aut omnis. Error ipsa impedit ea quam culpa. Voluptatibus sit aut vel ea qui nulla beatae. Repudiandae eum ut et eum molestiae non voluptatibus. Ut minus dignissimos qui. Exercitationem fuga sit id autem. Molestiae sunt aliquam sed. Quia ea illo et nisi. Voluptas exercitationem esse aut et autem voluptatem. Id nihil est non sequi rerum quia. Sit pariatur tempora dolores quia ab quo quibusdam. Nihil atque exercitationem nulla dolorum. Maiores ut facere quis quis. Molestiae voluptates harum non inventore. Ut nesciunt est ut quae tempora repellat. Repellat exercitationem delectus et delectus. Velit sed consectetur dolor incidunt. Non veniam itaque est tenetur neque officia nam. Recusandae dolorem recusandae assumenda et. Unde qui velit soluta consequuntur id debitis ea. Magnam sequi voluptas ea ut magnam velit voluptatem. Esse ut voluptas iste voluptas. Quaerat odit sunt pariatur.','a:7:{i:0;s:23:\"Et veniam dolorem sint.\";i:1;s:30:\"Amet rerum aut deleniti ut et.\";i:2;s:62:\"Nobis neque est fugit quisquam voluptatem dolorem praesentium.\";i:3;s:48:\"Autem dolorem eveniet pariatur iste dolorem est.\";i:4;s:44:\"Repudiandae et ex tempora numquam quidem ad.\";i:5;s:24:\"Officiis neque nam quia.\";i:6;s:41:\"Voluptate similique assumenda et aliquid.\";}',61,0,3,243.469626,432.469626,NULL,NULL,NULL,1883.00,1,'2022-07-31 18:57:00',1,'eius-officiis-expedita-non-porro-dolorem','a:2:{i:0;i:8;i:1;i:29;}','Eligendi quo impedit ut vitae nihil repellat.','Alice panted as she could. \'No,\' said the Hatter; \'so I can\'t get out at the Gryphon repeated impatiently: \'it begins \"I passed by his garden, and I don\'t put my arm round your waist,\' the Duchess.',0,1,NULL,'2022-07-30 18:57:47','2022-08-01 18:57:47',1),
	(90,5,'Adipisci doloremque veniam ipsa itaque.',NULL,3,'Goodwin Group',3,'laboriosam','New','Rabbit angrily. \'Here! Come and help me out of sight before the end of the wood--(she considered him to be a grin, and she jumped up on to himself as he fumbled over the fire, stirring a large.','Quam neque porro recusandae explicabo numquam unde quis. Deserunt corporis quas eligendi dolorum dolores necessitatibus at. Fuga voluptas autem voluptas quis quaerat asperiores eligendi. Vel quasi numquam deleniti et. Rerum veritatis quas magni ut neque. Cum voluptatem mollitia distinctio soluta. Mollitia fugit nihil quia ut labore ea nulla. Et et voluptatem consectetur cumque nemo eligendi ea. Qui quo illo hic. Sunt tempora ex id ipsam amet autem aliquid. Officiis assumenda minima vel quisquam. Eum voluptas repudiandae autem odio qui possimus. Sunt et in veritatis quas necessitatibus ipsam culpa. Tempore ut atque ut magnam labore illo soluta. In reprehenderit qui rerum laudantium corrupti aut. Reprehenderit deleniti assumenda nisi veritatis eligendi deserunt atque. Voluptatem saepe sed et. Nobis nihil qui voluptates consectetur enim. Dolorum perspiciatis excepturi aut non iure non aspernatur. Earum atque laborum impedit modi recusandae provident numquam. Architecto dolorem amet praesentium consequatur vero vitae qui. Deserunt odit nemo voluptas cumque nam enim. Repellat et velit ratione sed. Ab error sunt laborum eos consequatur aut distinctio. Voluptatem et qui dolor. Fugit minus enim ad error neque. Praesentium aut optio officia excepturi voluptatem incidunt. Rerum fugit aut accusantium et perspiciatis amet. In quis saepe sunt voluptatibus consequatur. Vel doloribus qui at nesciunt velit. Nobis perferendis pariatur ipsa saepe. Ad officiis exercitationem minima non et eos.','a:7:{i:0;s:35:\"Consequatur soluta quis fuga saepe.\";i:1;s:44:\"Quaerat aut et nemo sint illum doloribus id.\";i:2;s:29:\"Vero voluptatem tempora enim.\";i:3;s:27:\"Omnis dolor occaecati illo.\";i:4;s:40:\"Fugit illum veniam vel nemo numquam sed.\";i:5;s:56:\"Eos aliquam reprehenderit libero ut illum reprehenderit.\";i:6;s:34:\"Suscipit porro commodi dolor enim.\";}',22,0,3,138.419300,264.419300,NULL,NULL,NULL,1143.00,0,'2022-07-31 18:57:00',1,'quas-quas-ipsam-ullam-aut-explicabo','a:3:{i:0;i:12;i:1;i:17;i:2;i:31;}','Commodi dolore nam soluta.','I beg your acceptance of this ointment--one shilling the box-- Allow me to him: She gave me a pair of the trees upon her arm, with its tongue hanging out of sight: then it watched the Queen of.',0,1,NULL,'2022-07-24 18:57:47','2022-07-23 18:57:47',1),
	(91,2,'A autem dolorem sed dolores animi voluptas.',NULL,22,'Lemke-Klocko',1,'molestiae','New','There was a dead silence instantly, and Alice could not join the dance. Would not, could not, would not, could not, would not, could not, would not allow without knowing how old it was, and, as.','Qui qui autem sunt incidunt aspernatur laborum et. Incidunt cupiditate eaque voluptatem et iusto doloribus. Possimus labore vitae neque molestiae quia ullam. Et modi rerum eum. Illum maxime et deserunt ducimus. Sapiente fugiat ut magnam quia. Expedita ea eveniet voluptas quisquam debitis iste iure vel. Repudiandae error nisi repellendus placeat dolorem dolores. Accusantium laborum magnam voluptate ex dolore et quam. Numquam enim atque qui doloribus. Quas qui consequuntur facere repellat accusamus ab aliquid nisi. Quas nisi quod magni ad cupiditate. Necessitatibus numquam et doloremque voluptatem similique odit ut. Voluptatibus sapiente vero qui magni quam accusantium qui. Nobis modi excepturi modi. Aut suscipit similique dolorem in aperiam facere. Similique dolorum corporis autem illum beatae voluptate ut. Explicabo et quod accusantium sit atque. Animi dolore quam consequatur. Quisquam reiciendis magnam et qui optio. Odit ullam ut enim illo nihil quasi assumenda. Vitae ea autem nulla animi. Omnis ea quam suscipit atque et consequatur asperiores itaque. Voluptas aliquam ut vel eum. Exercitationem numquam ut eligendi voluptatem officiis neque. Cumque blanditiis numquam quisquam. Velit repudiandae cum itaque ut velit vero. Reprehenderit rerum aut qui. Et eum quas blanditiis repellat. Eos quis quo officiis qui. Amet et neque non fugiat dolor. Tenetur aliquid similique est officia ut numquam et. Neque placeat et eveniet ducimus ipsa. Consequatur eaque est occaecati.','a:7:{i:0;s:59:\"Quae voluptatem dolorem et fugiat reprehenderit reiciendis.\";i:1;s:53:\"Quo nihil quibusdam omnis quis amet incidunt commodi.\";i:2;s:26:\"Sed nisi occaecati sed ex.\";i:3;s:36:\"Sequi quis consequuntur qui est est.\";i:4;s:61:\"Eligendi incidunt impedit quia officiis rem et vero possimus.\";i:5;s:48:\"Voluptas laudantium voluptatibus quisquam nihil.\";i:6;s:61:\"Voluptas quam possimus assumenda nihil occaecati quo dolorum.\";}',27,0,3,166.997022,265.997022,NULL,NULL,NULL,1324.00,1,'2022-08-01 18:57:00',1,'in-debitis-aliquid-voluptatum-explicabo-nostrum-voluptatem-sunt','a:3:{i:0;i:6;i:1;i:11;i:2;i:21;}','Id voluptatem voluptatem commodi vero.','Queen of Hearts were seated on their throne when they liked, so that by the whole party at once took up the fan and two or three times over to herself, \'the way all the time they had settled down.',0,1,NULL,'2022-07-24 18:57:47','2022-07-28 18:57:47',1),
	(92,4,'Quasi magni temporibus atque sunt tempore qui.',NULL,44,'Lemke and Sons',3,'dolorum','Used','The March Hare said to herself \'This is Bill,\' she gave a little while, however, she waited for a long sleep you\'ve had!\' \'Oh, I\'ve had such a dreadful time.\' So Alice began to say than his first.','Quas qui voluptatem dolorum ipsum. Hic id nisi omnis eaque corrupti ut. Et quibusdam ab sequi exercitationem. Odit nemo minima ut in laudantium. Consequuntur provident facilis et at. Illum autem dolorum ullam eius at sit. Eaque quia dolorum perferendis distinctio mollitia voluptatibus. Corporis odit voluptatem quod vel aut sunt. Cupiditate voluptatem qui eos nam magnam. Ipsa nesciunt error praesentium non. Ut praesentium dolore et fuga. Dignissimos sunt totam cumque enim. Earum velit qui quibusdam saepe delectus expedita. Neque et sed non qui. Sed asperiores exercitationem sit et eum molestias. Et accusamus ut fuga et. Facilis in similique officia itaque sapiente quo. Officia nobis ut unde temporibus. Eligendi in nam qui voluptatem at excepturi. Voluptates tenetur aliquam perspiciatis veritatis voluptas. Veniam velit laudantium distinctio quos. Voluptatem sint ut odit omnis accusantium. Tenetur numquam nihil similique. Iusto quis voluptatem omnis ut. Nihil omnis enim ut incidunt et. Cumque sint nobis ut veniam iste. Aspernatur aut illo saepe maiores est explicabo dolorum est. Repellendus sint et dolorem. Quia quod vel qui sequi minima accusamus. Doloribus ut quod accusantium officia quo. Nostrum quaerat dolorum eveniet explicabo rerum velit nisi architecto. Rerum tempora illo fugit incidunt eum repellendus. Ipsa culpa esse illo iste quaerat.','a:7:{i:0;s:61:\"Impedit debitis mollitia sunt suscipit quia laboriosam omnis.\";i:1;s:35:\"Reiciendis rerum deleniti et porro.\";i:2;s:47:\"Eos nulla blanditiis a iste voluptates ut quia.\";i:3;s:50:\"Nisi laudantium hic maiores accusantium similique.\";i:4;s:47:\"Libero sit cupiditate omnis quibusdam qui enim.\";i:5;s:49:\"Quis et sunt facilis dolor cupiditate temporibus.\";i:6;s:51:\"Illum blanditiis animi a exercitationem voluptatem.\";}',48,0,3,99.040000,132.040000,131.040000,'2022-08-02 18:57:00','2022-08-09 18:57:00',1584.00,0,'2022-08-01 18:57:00',1,'qui-deserunt-occaecati-et-enim-voluptatem-magni-eaque-qui','a:2:{i:0;i:12;i:1;i:43;}','Dignissimos aliquam et consequatur numquam quasi.','She went in search of her own children. \'How should I know?\' said Alice, \'I\'ve often seen a good way off, and had to be full of soup. \'There\'s certainly too much frightened to say to itself, \'Oh.',0,1,NULL,'2022-07-29 18:57:47','2022-07-29 18:57:47',1),
	(93,1,'Perspiciatis quod voluptatem exercitationem accusantium enim.',NULL,45,'Schinner, Huel and Kunze',4,'aut','New','This question the Dodo could not help thinking there MUST be more to come, so she waited. The Gryphon lifted up both its paws in surprise. \'What! Never heard of \"Uglification,\"\' Alice ventured to.','Asperiores sunt et velit voluptatem dolorem qui. Et quam quaerat natus. Qui illum alias accusamus nobis nisi. Dolorem labore voluptas blanditiis repudiandae distinctio temporibus. Non neque facere ducimus libero eos amet. Voluptatum qui non vel. Eos reiciendis minima voluptatem enim enim. Molestias quod quia modi sunt. Omnis facere voluptatem id et. Aut ut officiis quia ea amet quia. At voluptate non est autem harum iusto quia. Dolor molestiae qui adipisci. Quo est quas ut voluptas. Cum dicta quo non aliquid ipsum corrupti animi dolorum. Accusantium mollitia accusamus vero harum enim libero repellat velit. Dolores quis quia sed non corporis. Qui qui praesentium aut ullam consequatur aliquam sit ipsa. Id eius assumenda aut maxime sint corrupti. Ut ipsum dolores fuga natus dicta minus. Qui sit laborum perferendis delectus sed. Voluptatibus quibusdam sed quibusdam sint at et quibusdam qui. Non sit occaecati accusantium nemo tempora placeat. Necessitatibus ipsam ducimus facilis velit consequatur officiis quo. Ducimus recusandae iure et perspiciatis qui. Inventore incidunt est expedita omnis itaque dignissimos sapiente. Ut qui consectetur officiis quis rerum. Repellat praesentium iusto ex dolores. Aut et cum adipisci voluptas sit. Id recusandae voluptas non nisi rem minima laudantium. Quos non voluptas occaecati enim incidunt assumenda. Ea eligendi est omnis dolores.','a:7:{i:0;s:46:\"Aliquid consectetur laborum deserunt expedita.\";i:1;s:33:\"Dolorum provident non qui a odio.\";i:2;s:51:\"Laboriosam dolore tempora necessitatibus explicabo.\";i:3;s:47:\"Quibusdam sed sit est voluptas commodi placeat.\";i:4;s:19:\"Rem quas beatae et.\";i:5;s:40:\"Magni dolorem nihil accusamus et in qui.\";i:6;s:35:\"Aut eius dolor quia blanditiis nam.\";}',45,0,3,173.572825,282.572825,NULL,NULL,NULL,1275.00,1,'2022-08-01 18:57:00',1,'rerum-quaerat-dolor-alias-quas-nisi-pariatur','a:2:{i:0;i:10;i:1;i:36;}','Animi sed qui deserunt adipisci quas nemo.','Alice thought to herself \'This is Bill,\' she gave one sharp kick, and waited to see if she had known them all her wonderful Adventures, till she too began dreaming after a few yards off. The Cat.',0,1,NULL,'2022-07-30 18:57:47','2022-07-19 18:57:47',1),
	(94,1,'Nostrum sed rerum consequuntur eaque eligendi esse culpa voluptate.',NULL,39,'Schinner, Huel and Kunze',3,'occaecati','Used','No room!\' they cried out when they liked, so that by the little door: but, alas! either the locks were too large, or the key was too small, but at last the Mock Turtle said: \'I\'m too stiff. And the.','Sequi sunt et sed eos ex aliquid architecto tempora. Explicabo quae non maiores nobis. Iusto at quasi expedita ut eaque qui. Quia velit eos animi quasi et alias. Quo omnis sint cum. Dolor inventore voluptas molestiae accusamus est repudiandae distinctio iure. Facilis iure voluptas est qui magnam. Quo est qui suscipit quis vel ratione. Omnis tenetur dicta ipsam in ut cum itaque. Exercitationem officiis aperiam id minima voluptatem. Accusamus eos consequatur neque nisi itaque placeat placeat. Numquam deleniti omnis eius nihil consequatur dolores voluptatem eos. Accusantium et inventore molestiae ratione quibusdam vel aut. Laborum qui aperiam sed. Iste aut sed odit nesciunt ut voluptatem. Temporibus aliquid vitae et consequatur soluta. Omnis soluta omnis illum omnis dicta cumque. Alias ad ducimus sed nisi exercitationem. Sit numquam ducimus corrupti est omnis. Eius incidunt non quisquam aspernatur. Numquam eum quia sint quo. Nihil et in earum ut consequatur dolorem possimus quod. Repellendus rem officiis et explicabo eum. Et vero natus repudiandae aut rerum saepe nam. Libero sit amet doloremque facere ut atque. Eligendi ad aliquam tempora possimus. Blanditiis aut ratione perferendis. Ea tempore quod sit et ad dicta. Eos ut labore ipsa velit est. Et iure non accusamus eaque vitae culpa et.','a:7:{i:0;s:26:\"Iure ut impedit molestias.\";i:1;s:48:\"Veritatis praesentium exercitationem atque quam.\";i:2;s:30:\"Nihil at laudantium assumenda.\";i:3;s:50:\"Eum sunt nostrum pariatur rem incidunt fuga nihil.\";i:4;s:49:\"Voluptatem non praesentium quibusdam et voluptas.\";i:5;s:36:\"Voluptatem iure perspiciatis ut nam.\";i:6;s:49:\"Sequi expedita ut optio omnis error neque minima.\";}',33,0,3,186.960000,202.960000,NULL,NULL,NULL,1066.00,0,'2022-07-31 18:57:00',1,'eum-iure-nulla-labore-aperiam','a:3:{i:0;i:2;i:1;i:6;i:2;i:15;}','Assumenda quis illum dolor nulla illum sapiente.','Mock Turtle said: \'no wise fish would go through,\' thought poor Alice, that she did not come the same as the door as you say pig, or fig?\' said the Caterpillar. Alice folded her hands, and she.',0,1,NULL,'2022-07-20 18:57:47','2022-07-19 18:57:47',1),
	(95,2,'Laborum corrupti quasi voluptatem necessitatibus deserunt vel ea.',NULL,37,'Nicolas-Skiles',3,'ut','Refurbished','The Cat\'s head began fading away the moment how large she had finished, her sister on the bank--the birds with draggled feathers, the animals with their hands and feet at once, in a moment to think.','Eligendi eum et recusandae est praesentium. Et aliquam est commodi harum tenetur autem. Quis rerum pariatur non maxime numquam. Molestiae cupiditate porro tenetur omnis debitis. Laboriosam consequatur enim dignissimos ab temporibus. Autem nulla molestiae similique cupiditate quas id. Veniam autem in maxime dolor voluptatem. Enim consequatur fuga quia recusandae ea dolorem. Reiciendis voluptate consequatur error deleniti et ut et. Voluptatem et voluptatibus quis voluptatem voluptates. Ut dolorem et quam. Minima vero esse qui modi consectetur veritatis. Voluptas necessitatibus accusamus voluptate repellendus omnis est. Ad animi aliquid omnis recusandae molestiae et delectus. Dolor non atque qui doloribus in quaerat. Quo accusamus culpa amet qui laboriosam. Et necessitatibus qui ut. Excepturi rerum incidunt enim dolor aspernatur quos et maiores. Placeat numquam vel nulla vel delectus. Aperiam veritatis ducimus consectetur expedita nostrum et maiores laboriosam. Voluptatem voluptatem ducimus molestiae ut libero. Cum sed et veniam ullam molestiae minus. Nulla nobis et laboriosam aut minima libero. Sapiente voluptatum ratione odio dicta aperiam. Eligendi sunt eos facere. Architecto a debitis voluptatem. Ut est commodi ad quae voluptatem voluptas. Harum sint sint optio exercitationem sequi dolor. Ipsum ad ut qui. Aut rerum sunt incidunt nihil voluptatem quae sed.','a:7:{i:0;s:60:\"Sint consequuntur illum dolor quis sunt temporibus eligendi.\";i:1;s:46:\"Dolores ipsam laboriosam voluptatem provident.\";i:2;s:49:\"Eos deleniti expedita unde sapiente est deleniti.\";i:3;s:58:\"Error consequatur dolor esse ducimus quam aliquam commodi.\";i:4;s:41:\"Eum modi quis aperiam magni esse aperiam.\";i:5;s:51:\"Excepturi molestiae molestias ab qui numquam velit.\";i:6;s:34:\"Odio ratione eos quia repellendus.\";}',75,0,3,221.559660,305.559660,94.559660,'2022-08-02 18:57:00','2022-08-09 18:57:00',1304.00,1,'2022-07-31 18:57:00',1,'eveniet-sit-facilis-ab-consequatur-quibusdam-et','a:3:{i:0;i:11;i:1;i:24;i:2;i:28;}','Suscipit est et velit aspernatur cupiditate.','Alice, \'a great girl like you,\' (she might well say this), \'to go on with the Gryphon. \'How the creatures argue. It\'s enough to get out again. The rabbit-hole went straight on like a steam-engine.',1,1,NULL,'2022-07-21 18:57:47','2022-07-21 18:57:47',1),
	(96,4,'Quam deleniti facere ipsa est.',NULL,2,'Goodwin Group',3,'quaerat','New','I say--that\'s the same thing a bit!\' said the Cat, and vanished. Alice was more hopeless than ever: she sat down in a tone of great curiosity. \'It\'s a pun!\' the King said to Alice; and Alice heard.','Quo voluptatem et animi eaque odio ut odio. Aperiam atque est esse at laudantium eaque. Qui cum sed eos laudantium. Id sint quo voluptas qui itaque. Dolores facere vel doloribus ut voluptatibus consequatur aut. Aut animi ipsam voluptatem eos voluptatum et odit. Debitis neque sunt voluptas ut ut. Placeat suscipit ipsum repellat laborum enim delectus. Laborum debitis rerum at neque quis corrupti. Aperiam reiciendis expedita voluptas sequi. Aut corporis quo ut est. Laudantium est ipsum quia. Sint omnis rerum autem rerum doloribus. Quod labore repellat ut quod perferendis provident totam. Sequi dolore est occaecati et. Reprehenderit laboriosam consequatur vel consectetur eveniet quam. Dignissimos aut impedit aut eligendi fuga modi. Ut occaecati excepturi exercitationem dolorem esse. Omnis optio distinctio quia nostrum iusto. Veniam tempora aut incidunt veritatis qui. Ratione odio architecto quam sed facere temporibus. Eius voluptates cumque aut aut. Cum vel est incidunt voluptates id autem. Qui corporis quisquam ut quia id. Labore ut laudantium exercitationem ipsam libero provident. Inventore inventore necessitatibus at occaecati quos. Accusantium dolor repudiandae totam sit maxime. Eaque dignissimos minus ut facilis veniam autem tempore. Eaque dolores voluptatem ea voluptatem. Qui voluptatem maiores ad. Libero rerum ut voluptatem vel accusantium saepe eligendi. Nostrum et temporibus consequatur hic. Sit nesciunt assumenda beatae vero. Dolorum ad rerum et.','a:7:{i:0;s:66:\"Aspernatur impedit fugit quo reprehenderit atque dolores nesciunt.\";i:1;s:27:\"Ea cumque consequatur quis.\";i:2;s:64:\"Voluptatem nesciunt aut neque ut non doloremque in perspiciatis.\";i:3;s:37:\"Officia iusto odio autem consequatur.\";i:4;s:28:\"Ut quos ut et velit aliquam.\";i:5;s:49:\"Libero et consequatur non repudiandae recusandae.\";i:6;s:41:\"Qui et voluptas molestiae iure et qui et.\";}',21,0,3,293.400000,341.400000,269.400000,'2022-08-02 18:57:00','2022-08-12 18:57:00',1328.00,1,'2022-07-31 18:57:00',1,'quia-ea-earum-esse','a:2:{i:0;i:16;i:1;i:48;}','Id voluptas ab est voluptatum.','Dormouse, after thinking a minute or two she stood looking at the great wonder is, that there\'s any one of the house opened, and a scroll of parchment in the wood,\' continued the King. \'It began.',1,1,NULL,'2022-07-21 18:57:47','2022-07-30 18:57:47',1),
	(97,3,'Voluptatem laborum quia rerum aut eum.',NULL,1,'Olson, Kemmer and Schaden',1,'soluta','Used','For, you see, Alice had no reason to be two people! Why, there\'s hardly enough of me left to make SOME change in my own tears! That WILL be a letter, written by the time he had never forgotten that.','Consectetur aut dolore nemo autem dolorem veniam natus. Esse recusandae quod expedita quo minima rem. Similique reiciendis ipsa non quos necessitatibus consequatur. Ex tempora quam atque incidunt ea. Ut culpa est voluptas et minus quam tempore repudiandae. Ad voluptas dolore in at ut culpa optio. Id quia amet molestiae reprehenderit nesciunt veritatis laboriosam. Officiis voluptatem maxime et ipsam maiores incidunt. Quam non assumenda quia nam modi. Veniam vitae repudiandae ut voluptas. Non sed consectetur fugiat blanditiis quasi dolorem voluptates laudantium. Voluptas voluptatem accusamus eveniet non et placeat suscipit. Asperiores necessitatibus ut tempore quibusdam officia. Eaque omnis perferendis impedit cupiditate ut dolorum id. Ut quasi soluta fugiat error deleniti et quae. Dolor magni a non sit et. Aliquid aut aspernatur qui ullam saepe. A ea rerum minima ut omnis. Quidem repudiandae mollitia nihil aliquam hic maiores qui quasi. Cupiditate quia consequatur laudantium rerum ratione. Quia suscipit consequatur qui aliquid distinctio. Dignissimos omnis est illum. Quisquam iste perspiciatis quia. Inventore qui ut ut fugiat iusto nesciunt alias. Quis alias perferendis unde rerum consequuntur labore dolores vitae. Tenetur et mollitia reprehenderit tempore sit. Tempore delectus nemo explicabo voluptatum voluptate eum. Aliquid deserunt et vitae aut doloribus velit.','a:7:{i:0;s:29:\"Aut omnis aut ut repudiandae.\";i:1;s:35:\"Nam velit ab placeat quia eaque ab.\";i:2;s:62:\"Iure explicabo odit officiis quis magni enim magni distinctio.\";i:3;s:49:\"Autem vel voluptas ducimus laboriosam aut non ut.\";i:4;s:50:\"Nemo totam voluptas delectus at vero pariatur eos.\";i:5;s:89:\"Tempore reprehenderit recusandae eos dignissimos voluptatem consequatur sequi doloremque.\";i:6;s:36:\"Et incidunt rem recusandae eligendi.\";}',80,0,3,153.710000,230.710000,84.710000,'2022-08-02 18:57:00','2022-08-22 18:57:00',1569.00,0,'2022-07-31 18:57:00',1,'optio-ab-tempore-quo-nihil-nesciunt-corporis-aliquam','a:3:{i:0;i:5;i:1;i:18;i:2;i:21;}','Quia eos asperiores quis esse rem.','It did so indeed, and much sooner than she had hoped) a fan and a long way back, and see what was going on, as she went on growing, and, as there was hardly room to open her mouth; but she heard was.',1,1,NULL,'2022-07-30 18:57:47','2022-07-25 18:57:47',1),
	(98,2,'Consequatur recusandae quibusdam autem pariatur odio sunt.',NULL,16,'Lemke and Sons',3,'vero','New','Hatter and the jury wrote it down \'important,\' and some of them didn\'t know that you\'re mad?\' \'To begin with,\' the Mock Turtle persisted. \'How COULD he turn them out with his head!\' or \'Off with her.','Sapiente voluptatem et exercitationem odio. Explicabo dolore odit reprehenderit vel. Quod id illum perspiciatis eligendi eligendi. Ut ut eum ea eaque incidunt doloribus aut illum. A et sint assumenda optio veritatis ullam et. Magnam maiores est doloribus aliquid omnis. Sunt earum non vel labore. Et officia quisquam laboriosam. Eum reprehenderit hic ullam iure incidunt commodi. Veniam minima et ratione. Quidem est voluptate velit dolorem laboriosam a quod. In ut tenetur placeat eius. Pariatur odio animi officia nisi ut. Impedit culpa veniam in quam omnis aut consequatur. Nihil inventore molestiae similique at. Consequuntur cumque fugit consequuntur qui aut commodi. Deleniti eaque rerum repellendus atque rerum ut nulla quis. Omnis voluptas odit molestias voluptas est inventore. Rerum nam est laudantium cupiditate porro. Praesentium quis consequatur eum. Iusto dolore est quia voluptatem nobis eligendi qui fugit. Sint voluptas aut aut dolorem non dolorem sequi. Voluptate ut exercitationem nihil doloremque qui repellendus consectetur. Voluptas expedita rerum minus architecto dolorem voluptatem. Incidunt velit officia laborum qui rerum expedita aut ab. Vel et voluptatem molestiae qui qui sed. Dolores non quisquam vitae qui. Aut itaque voluptatibus velit natus officia. Culpa et nam possimus esse. Laboriosam rem et architecto harum et porro.','a:7:{i:0;s:46:\"Dolorum nihil a est necessitatibus eaque quis.\";i:1;s:39:\"Qui vel nulla dignissimos eveniet quae.\";i:2;s:36:\"Harum natus ut in et fuga molestiae.\";i:3;s:36:\"Culpa quis recusandae ut modi saepe.\";i:4;s:47:\"Voluptate et in sed impedit aliquid labore eum.\";i:5;s:31:\"Et sunt vel et molestiae magni.\";i:6;s:39:\"Consequatur ad pariatur corrupti ut at.\";}',74,0,3,146.808825,254.808825,245.808825,'2022-08-02 18:57:00','2022-08-10 18:57:00',1005.00,0,'2022-08-01 18:57:00',1,'earum-fugiat-libero-sed','a:3:{i:0;i:1;i:1;i:26;i:2;i:37;}','Rerum ullam ipsam omnis quis laboriosam nihil.','I needn\'t be so stingy about it, and then they both cried. \'Wake up, Alice dear!\' said her sister; \'Why, what are they doing?\' Alice whispered to the shore, and then said, \'It WAS a narrow escape!\'.',1,1,NULL,'2022-07-22 18:57:47','2022-07-27 18:57:47',1);

INSERT INTO `inventories` (`id`, `shop_id`, `title`, `warehouse_id`, `product_id`, `brand`, `supplier_id`, `sku`, `condition`, `condition_note`, `description`, `key_features`, `stock_quantity`, `damaged_quantity`, `user_id`, `purchase_price`, `sale_price`, `offer_price`, `offer_start`, `offer_end`, `shipping_weight`, `free_shipping`, `available_from`, `min_order_quantity`, `slug`, `linked_items`, `meta_title`, `meta_description`, `stuff_pick`, `active`, `deleted_at`, `created_at`, `updated_at`, `inspection_status`)
VALUES
	(99,2,'Est voluptate soluta repudiandae atque nesciunt.',NULL,18,'McClure Group',2,'et','Refurbished','King, rubbing his hands; \'so now let the Dormouse go on crying in this affair, He trusts to you never even spoke to Time!\' \'Perhaps not,\' Alice replied eagerly, for she thought, \'and hand round the.','Omnis expedita dolorum quaerat deleniti similique ipsam asperiores. Non qui cumque fugiat velit. Assumenda nostrum corrupti aut fugiat. Expedita repellat architecto placeat nobis tempora eos quod. Officiis officiis temporibus et ab. Illum expedita vel quasi et et enim ratione aliquid. Quasi reiciendis veritatis occaecati voluptatibus et quis. Perferendis perspiciatis voluptatibus aut ut. Ipsum tenetur quia excepturi facere porro. Optio accusantium necessitatibus aperiam nisi ab dolores. Molestias dolorem officiis quam rerum tempore aut consequuntur soluta. Ut autem dolores tenetur placeat eum est. Asperiores est ipsa qui dicta voluptas animi debitis. Sed et beatae perferendis hic. Architecto maiores quia quidem. Nulla deserunt et praesentium sed molestiae facilis qui. Pariatur est deserunt debitis molestiae. Deserunt sequi dolor et. Dolore vel optio sint dolor harum molestiae dolorum. Alias quis aliquid quis aut repellendus. Pariatur excepturi itaque ut consequatur. Voluptatibus ducimus suscipit animi similique magni. Eum illo necessitatibus fugit unde ut. Magni asperiores quos quo qui atque labore. Alias distinctio ad architecto commodi architecto. Fuga excepturi sint praesentium sunt. Animi eligendi sed nobis ut natus vero libero. Molestias nemo doloremque facere dolorem dolores rerum et eveniet. Qui autem qui quia quia. Eligendi dolor nesciunt dolor. Autem quo repellendus odio ratione ad ducimus.','a:7:{i:0;s:44:\"Voluptatem est ipsa fuga sequi rerum soluta.\";i:1;s:61:\"Culpa molestiae quia et voluptas officia debitis pariatur ut.\";i:2;s:60:\"Consequatur facilis aut dolorem commodi magnam dolores esse.\";i:3;s:43:\"Temporibus quod a dolorem doloribus magnam.\";i:4;s:37:\"In voluptatem sit est vel vero velit.\";i:5;s:18:\"Ut rerum natus et.\";i:6;s:26:\"Non culpa facere natus in.\";}',28,0,3,271.985740,445.985740,310.985740,'2022-08-02 18:57:00','2022-08-09 18:57:00',901.00,0,'2022-07-30 18:57:00',1,'in-nihil-autem-officia-dolorum','a:3:{i:0;i:7;i:1;i:29;i:2;i:42;}','Voluptate voluptate repellat rerum iure unde aut quidem.','March Hare. Visit either you like: they\'re both mad.\' \'But I don\'t understand. Where did they live at the Hatter, and, just as if it began ordering people about like mad things all this time. \'I.',1,1,NULL,'2022-07-30 18:57:47','2022-08-01 18:57:47',1),
	(100,2,'Impedit itaque sint enim quia aut.',NULL,50,'Olson, Kemmer and Schaden',5,'qui','Refurbished','King sharply. \'Do you mean \"purpose\"?\' said Alice. \'It goes on, you know,\' said Alice to herself, \'I wish you would have called him a fish)--and rapped loudly at the righthand bit again, and we.','Molestiae ab veritatis non officia cum culpa ut molestiae. Saepe quia et eum maxime magni eum accusamus. Dolor illo suscipit exercitationem soluta eos. Aut corrupti et beatae ea. Velit placeat eos exercitationem libero facere voluptatem enim. Fugit aut a et fuga voluptatum suscipit perferendis. Sed et ipsam autem voluptatum quae iure est. Ea architecto commodi nobis ut reprehenderit. Culpa omnis sit facere iusto veritatis perferendis enim. Tenetur ab ipsa expedita veritatis aliquid. Repellendus reprehenderit natus nisi quia. Voluptatibus veniam nisi atque facere. Nam repellat sequi reiciendis et consectetur. Nam dolores corporis quaerat. Mollitia ut neque quisquam quia accusantium nihil aperiam. Sint sed doloremque magni aut accusamus eum. Ullam qui asperiores tempore. Aut distinctio odio voluptas non optio. Blanditiis saepe molestiae quo voluptas ex. Debitis est deleniti corrupti voluptatem. Libero quam reiciendis ut omnis amet aut eos. Aliquid ut repellat ut. Repellendus omnis corporis rerum et dolores mollitia iste. Rerum eos ipsum dolores assumenda. Earum voluptatem omnis sapiente consequuntur. Reiciendis id explicabo quod voluptatem qui. Tempora quaerat nisi explicabo. Architecto et earum error voluptatem molestiae id qui. Ut nulla qui repellat et. Eos nesciunt et numquam aut dicta. Dolorum quod perferendis quasi quia in. Fuga incidunt error non ipsum. Ex omnis quos magni rem aut quas. Sed voluptate dolores odio rerum est repellendus error.','a:7:{i:0;s:52:\"Minima omnis officiis voluptas perferendis rerum in.\";i:1;s:45:\"Ducimus minus aut nobis consequatur repellat.\";i:2;s:37:\"Laborum soluta omnis dolor velit eos.\";i:3;s:67:\"Ducimus et dolore nihil veritatis ut pariatur voluptatum excepturi.\";i:4;s:44:\"Sint excepturi repellendus in rerum laborum.\";i:5;s:25:\"A ut est quam voluptatem.\";i:6;s:35:\"Esse eos officia iure est nesciunt.\";}',79,0,3,397.000000,483.000000,NULL,NULL,NULL,1578.00,0,'2022-08-01 18:57:00',1,'autem-eum-in-eos-eos','a:2:{i:0;i:34;i:1;i:49;}','Dolorem perspiciatis qui ut odit explicabo doloremque consequatur.','Presently the Rabbit just under the door; so either way I\'ll get into the garden at once; but, alas for poor Alice! when she had grown to her great delight it fitted! Alice opened the door began.',0,1,NULL,'2022-07-20 18:57:47','2022-07-23 18:57:47',1),
	(101,5,'Sunt nam sapiente facere suscipit.',NULL,14,'acme',3,'facilis','New','Hatter. This piece of bread-and-butter in the wood, \'is to grow up again! Let me think: was I the same size: to be almost out of the e--e--evening, Beautiful, beautiful Soup!\' CHAPTER XI. Who Stole.','Voluptate cupiditate excepturi eos nihil et. Et reprehenderit ratione asperiores et dolore maiores doloribus. Dignissimos dolor accusamus illo a. Iure aliquid quis libero est sunt ut culpa. Praesentium ipsam debitis nemo ratione. Perferendis unde sed quia ea exercitationem. Voluptatem dolorum atque qui quisquam neque et minus. Voluptatem et natus voluptatum aut. Dolores error iusto perspiciatis est. Aut quibusdam aut sed accusamus alias pariatur. Sed inventore corporis facilis non at cum. Dolorum modi qui facere aliquam qui eum laudantium sint. Impedit nihil nulla occaecati minima laborum quibusdam. Ducimus rerum natus id velit accusamus aut est. Et repellat harum aut eveniet. Aperiam nisi amet nulla laborum amet praesentium. Qui laudantium omnis aperiam veniam ut aliquid. Et voluptate esse animi voluptate commodi. Ut et quibusdam neque quis est veritatis. Dolorem itaque exercitationem eum eveniet aut non voluptates asperiores. Non odit et illo impedit perspiciatis voluptatibus culpa consequatur. Nostrum provident inventore magni perferendis repellat. Omnis pariatur et dolorem vero consequatur. Rem ad eligendi nulla. Saepe doloremque assumenda repellendus fugit et inventore illum assumenda. Velit qui et neque eius. Veritatis fugit quaerat quas consequatur. Facere iusto aspernatur veritatis. Accusantium enim libero blanditiis excepturi. Ab harum asperiores et delectus. Magnam explicabo similique maxime dolores asperiores.','a:7:{i:0;s:35:\"Possimus sapiente in sint et totam.\";i:1;s:43:\"Aut pariatur nostrum eum est rerum dolores.\";i:2;s:32:\"Vel reiciendis nesciunt commodi.\";i:3;s:37:\"Provident voluptatem eveniet nam sit.\";i:4;s:42:\"Et et doloremque non temporibus quae esse.\";i:5;s:62:\"Saepe nesciunt asperiores laudantium magnam quia ut excepturi.\";i:6;s:49:\"Et perspiciatis tempore numquam recusandae magni.\";}',63,0,3,148.685300,287.685300,NULL,NULL,NULL,1860.00,0,'2022-07-31 18:57:00',1,'ab-sit-in-corrupti-sed','a:3:{i:0;i:0;i:1;i:13;i:2;i:18;}','Eaque vel quam odio sed occaecati.','Shall I try the experiment?\' \'HE might bite,\' Alice cautiously replied, not feeling at all what had become of you? I gave her one, they gave him two, You gave us three or more; They all made a.',1,1,NULL,'2022-08-02 18:57:47','2022-07-24 18:57:47',1),
	(102,3,'Iusto laboriosam non rerum dicta nemo.',NULL,33,'Bednar Inc',4,'harum','Used','Hatter: \'as the things between whiles.\' \'Then you should say what you would have made a snatch in the window, and one foot to the confused clamour of the earth. Let me see: I\'ll give them a new kind.','Repudiandae dolore provident est eligendi consequatur. Iusto facere voluptas harum deleniti nam est. Modi voluptas ratione ut consequatur voluptates consequatur minima. Ea quaerat et labore et cum. Mollitia maiores itaque sit dolorem. Quod voluptas quidem delectus est ut voluptatem veritatis officia. Saepe iusto eum voluptatem dignissimos ipsum modi soluta. Autem minima cupiditate autem. Sint perspiciatis labore accusamus laboriosam autem. Consequuntur rerum fugiat impedit et harum. Rerum quod tempore consequuntur. Et dolores autem dolorem aut. Nesciunt aut repellendus vel officia. Aut corporis velit et. Id dolore exercitationem qui laboriosam. Sed nesciunt molestias a corporis voluptatem a. Consequuntur est fugit labore non. In quaerat facere eveniet accusamus sit qui repudiandae. Sed sint veniam sed sit rem voluptas corporis sapiente. Alias et animi ut qui soluta animi voluptatum. Omnis facilis voluptatibus facere hic. Sint nostrum voluptates id aperiam nostrum. Laboriosam ut et tenetur tenetur et et. Dolor id sunt repudiandae aspernatur ab. Velit eaque distinctio voluptatum quibusdam perspiciatis minima. Et ipsum beatae ex voluptas sed. Ea ratione nesciunt laborum quia autem. Alias nostrum voluptas corporis dicta qui similique voluptate. Repellendus ut iusto labore quibusdam et a enim. Error at quas aut consequuntur et ut sed. Aut rerum quo et delectus ab. Velit sunt et et explicabo id qui cupiditate. Placeat accusantium quia non. Dolores officia est sed repellat ut sit.','a:7:{i:0;s:33:\"Omnis quisquam ex eligendi velit.\";i:1;s:60:\"Molestiae libero ratione earum ut deleniti dolores suscipit.\";i:2;s:34:\"Non nihil laudantium tempore odio.\";i:3;s:43:\"Delectus placeat quis facere laborum natus.\";i:4;s:61:\"Autem vitae accusantium ut nulla blanditiis quia consequatur.\";i:5;s:57:\"Culpa nesciunt dicta odit rerum nam quos quidem suscipit.\";i:6;s:38:\"Veritatis sint magni error nihil ipsa.\";}',43,0,3,200.795323,29.000000,NULL,NULL,NULL,755.00,0,'2022-07-30 18:57:00',1,'debitis-alias-earum-veniam-atque-odit-esse-dicta','a:3:{i:0;i:25;i:1;i:41;i:2;i:47;}','Ex veniam quae iusto cumque esse.','Dormouse said--\' the Hatter was out of a globe of goldfish she had never before seen a cat without a moment\'s pause. The only things in the direction in which case it would be a book written about.',0,1,NULL,'2022-07-30 18:57:49','2022-07-22 18:57:49',1),
	(103,4,'Deserunt aut sapiente quam quibusdam ut.',NULL,34,'Bartoletti-Wiegand',3,'quo','New','Cat, and vanished again. Alice waited patiently until it chose to speak again. The Mock Turtle repeated thoughtfully. \'I should like to show you! A little bright-eyed terrier, you know, and he.','Corrupti blanditiis ut nobis perspiciatis et debitis eos amet. Est soluta quaerat esse nesciunt et eius perspiciatis. Deserunt eos inventore dolore autem repellendus aut. Sed enim aliquid earum sit sit facere aut. Quas iste eum totam provident necessitatibus error nobis. Reiciendis suscipit fuga ipsa rerum in aut molestiae. Unde itaque explicabo odit. Non debitis animi rem repellendus corporis aspernatur. Id dolores facere occaecati placeat. Molestiae ex consequatur omnis quia et dolore repudiandae nesciunt. Numquam id exercitationem possimus est incidunt. Ipsam accusantium quia aut debitis aperiam vitae quia. Ut ea non modi et. Aperiam harum iure necessitatibus amet natus earum cumque pariatur. Repellat alias modi eveniet cumque magnam et. Excepturi molestiae sequi odit optio et placeat. Vero similique recusandae consequatur adipisci dolores. Enim dignissimos et qui unde quidem doloribus voluptatem. Beatae non quis sequi. Autem qui consequatur alias odit facilis. Debitis ad et voluptatibus fuga tenetur fuga suscipit odio. Ut vitae consequatur ab consectetur sit omnis soluta. Saepe ut totam debitis atque et voluptas. Similique et pariatur architecto facere accusantium consectetur quia. Nostrum molestiae incidunt esse sapiente velit aut officiis. Nihil exercitationem voluptas incidunt nesciunt. At incidunt et accusamus et in. Omnis non nihil et qui natus provident. Sunt et ut quae voluptatibus alias est non. Ut facilis nobis et est voluptate et.','a:7:{i:0;s:49:\"Suscipit quaerat veritatis saepe porro assumenda.\";i:1;s:40:\"Vel aut recusandae minus nostrum libero.\";i:2;s:27:\"Quia nesciunt sit et optio.\";i:3;s:24:\"Et quis iusto doloribus.\";i:4;s:35:\"Similique consequatur aut quod eum.\";i:5;s:59:\"Officiis illo asperiores et voluptas beatae officia fugiat.\";i:6;s:36:\"Voluptatem molestias incidunt dicta.\";}',85,0,3,63.228000,21.000000,10.000000,'2022-08-02 18:57:00','2022-08-13 18:57:00',641.00,0,'2022-07-31 18:57:00',1,'tenetur-voluptas-ullam-quis-accusamus-excepturi','a:2:{i:0;i:22;i:1;i:39;}','Accusantium qui non quis.','Alice went on in a great hurry; \'and their names were Elsie, Lacie, and Tillie; and they went on in a deep, hollow tone: \'sit down, both of you, and listen to her. \'I wish you could only see her.',0,1,NULL,'2022-07-21 18:57:50','2022-07-25 18:57:50',1),
	(104,5,'Modi omnis vel facilis ut eos ut.',NULL,35,'Goodwin Group',1,'delectus','New','First, however, she again heard a little door into that lovely garden. I think I can guess that,\' she added aloud. \'Do you play croquet with the grin, which remained some time after the others. \'We.','Ut aut id labore repudiandae laudantium eos ipsum. Laboriosam pariatur in in veniam quam quia. Non dolor neque totam et ut cumque. Velit qui eum dolorum repellendus dicta. Veritatis rerum autem enim laborum dicta dolorem magnam. Qui minima saepe inventore est nam fuga non. Nam consequuntur et praesentium eveniet. Adipisci aliquid labore quasi vitae sed. Libero quod numquam omnis distinctio corporis laborum corporis. Enim et quia excepturi maxime dolores autem. Quis id nihil nemo quia totam voluptatem. Laborum mollitia fugit perferendis excepturi quia repellat rerum repellendus. Earum est illum quas doloremque consequatur ut. Est earum pariatur similique porro. Eligendi ipsam dolorem nulla fuga. Ut corrupti aliquam illo voluptatem. Occaecati accusamus adipisci harum neque sapiente. Expedita rerum voluptas cupiditate ratione velit voluptate quam ullam. Dolorum ea quas earum suscipit ut id. Beatae corporis voluptatum est voluptate quidem sit sit. Eligendi quis omnis assumenda magni architecto nulla ut. Dolor sit in quos qui. Quis aliquid excepturi doloremque saepe suscipit error. Qui et maiores deserunt accusamus quam animi. Est rerum atque sapiente tenetur facilis. Et quibusdam ea quo et. In molestiae necessitatibus dolores laboriosam. Modi et est et assumenda. Occaecati et error non et debitis adipisci vel et. Eum sint quis dolores voluptatem.','a:7:{i:0;s:40:\"Eum est vel quo iusto rerum quidem odit.\";i:1;s:43:\"Ut consequuntur illum ipsam eius voluptate.\";i:2;s:56:\"Cum rerum deserunt autem consequuntur adipisci illo aut.\";i:3;s:31:\"Dicta et omnis ut tenetur sunt.\";i:4;s:40:\"Impedit et cumque quod quod aliquid non.\";i:5;s:58:\"Cupiditate accusantium non quod maxime sed eos laboriosam.\";i:6;s:43:\"Dolor illo consequatur illum quas autem ea.\";}',89,0,3,122.840000,26.000000,15.000000,'2022-08-02 18:57:00','2022-08-16 18:57:00',877.00,0,'2022-08-01 18:57:00',1,'in-eos-repellat-ullam-ullam-ratione','a:2:{i:0;i:16;i:1;i:40;}','Nihil ea libero quae blanditiis.','Come on!\' \'Everybody says \"come on!\" here,\' thought Alice, and tried to get through the door, and tried to get an opportunity of showing off her knowledge, as there seemed to be patted on the glass.',0,1,NULL,'2022-07-29 18:57:50','2022-07-26 18:57:50',1),
	(105,5,'Praesentium distinctio itaque esse voluptatem aliquam.',NULL,50,'Goodwin Group',1,'eum','Refurbished','Then the Queen had ordered. They very soon found herself in the other. In the very middle of one! There ought to have got into it), and sometimes she scolded herself so severely as to go down the.','Est voluptate ullam dolores qui. Numquam officia sint iure iusto. Et qui adipisci amet minus maxime doloremque. Voluptatem illum et eius sed similique commodi porro aliquid. Asperiores delectus debitis dolores omnis aliquid et voluptatibus. Nam id rerum dolor aspernatur ex. Voluptas repudiandae vel et ex et. Quibusdam adipisci ut quasi accusamus nihil ratione placeat. Accusamus sint dolores quaerat quaerat doloribus. Perspiciatis numquam qui blanditiis ut est aut labore. Perferendis porro sit vero non esse quidem maxime. Et voluptatem voluptas ut perferendis aut. In enim delectus est voluptatem optio qui in. Voluptatibus perspiciatis fugit soluta voluptatum libero qui repudiandae eveniet. Commodi aliquid enim delectus aut velit. Quidem at nihil consectetur ad non eligendi. Rerum itaque aut possimus veniam. Maxime nihil ex aut. Qui nostrum molestiae occaecati quisquam sunt. Quos sint porro qui corrupti aut molestiae corrupti repellat. Consequatur quis impedit commodi ut. Vel hic quo velit quia et. Sed vitae nobis quae. Quidem eveniet non minima quos molestias et. Doloremque facere est molestiae quae. Sunt aut optio voluptatem aut. Libero veniam quaerat in. Expedita omnis voluptatibus quae. Qui architecto possimus et asperiores animi iure. Voluptatem eius maxime in ex. Sed qui voluptas voluptas unde necessitatibus. Molestias quia a molestiae ut doloribus fugit suscipit praesentium. Corporis voluptas ipsa aliquam error quo voluptatem fugiat.','a:7:{i:0;s:38:\"Illo voluptate asperiores quaerat vel.\";i:1;s:65:\"Maiores sit eligendi facilis ut numquam quaerat nulla reiciendis.\";i:2;s:43:\"Odit voluptatem omnis et soluta architecto.\";i:3;s:35:\"Cum dolorem in et fuga omnis dicta.\";i:4;s:54:\"Expedita consectetur excepturi aut a voluptas dolores.\";i:5;s:43:\"Veritatis voluptatem non accusamus ducimus.\";i:6;s:45:\"Qui voluptas sit est dolorem quos voluptates.\";}',39,0,3,207.228027,37.000000,6.000000,'2022-08-02 18:57:00','2022-08-15 18:57:00',604.00,1,'2022-07-31 18:57:00',1,'non-maiores-doloribus-ut-sit-voluptates-voluptates-ea','a:3:{i:0;i:4;i:1;i:25;i:2;i:36;}','At ut laboriosam veritatis.','Rabbit asked. \'No, I give you fair warning,\' shouted the Queen. \'Never!\' said the King; \'and don\'t look at the top of it. Presently the Rabbit came up to Alice, very earnestly. \'I\'ve had nothing.',0,1,NULL,'2022-07-23 18:57:50','2022-07-31 18:57:50',1),
	(106,4,'Repellendus veniam asperiores exercitationem et aut sit.',NULL,38,'Lemke and Sons',4,'accusantium','Used','Caterpillar took the opportunity of showing off a head unless there was nothing else to do, and in despair she put her hand again, and put it more clearly,\' Alice replied in an impatient tone.','Aut nihil ipsam corrupti suscipit quia cupiditate mollitia. Non voluptas sed velit ipsam et atque quisquam. Totam omnis ut dolores ut nostrum. Qui ex voluptates voluptas nihil odit sed. Modi sunt quo aperiam cumque omnis autem. Qui non cum ut veritatis nihil ut molestiae. Tempore non ratione alias fuga. Aut tenetur qui molestias ratione non sit. Nesciunt laborum necessitatibus accusamus libero. Aut aspernatur ratione repellendus nihil. Voluptatibus et id et impedit qui officia qui. Aut dolorem nihil commodi non aut. Error similique aut vitae et. Harum et ea qui modi ut molestiae ut. Illum libero in voluptatem voluptatibus eaque. Eligendi dolores sequi qui dolorem laboriosam fugiat sunt. Mollitia enim iusto eos labore occaecati architecto assumenda voluptates. Iusto voluptas nulla veritatis aspernatur. Minus ex distinctio occaecati unde. Qui qui repellendus ducimus rerum aperiam voluptas. Fugit deserunt neque voluptates ad est architecto nostrum. Eos sint ut aut asperiores. Quisquam ipsa porro delectus fugiat iure est. Asperiores modi dolores molestias. Qui est alias amet. Et aliquam autem laborum quae voluptates deserunt. Quis qui consequatur occaecati ad ea qui voluptatibus quas. Blanditiis sunt dicta aut est nihil ea aut. Ea fuga distinctio molestiae. Autem officia culpa deleniti consectetur ipsa. Sit maiores ipsam est et voluptatem sit. Minima velit dolores totam maiores.','a:7:{i:0;s:43:\"Dolorem aut repudiandae consequatur sit id.\";i:1;s:36:\"Voluptatem sint ex consequatur illo.\";i:2;s:66:\"Voluptatibus velit aut quia necessitatibus rerum nihil voluptatem.\";i:3;s:49:\"Accusamus ut maiores consequatur consequatur qui.\";i:4;s:30:\"Et tempore consequatur qui et.\";i:5;s:51:\"Itaque quaerat deleniti perferendis eaque in iusto.\";i:6;s:40:\"Odit natus voluptas voluptatibus beatae.\";}',95,0,3,293.628765,18.000000,14.000000,'2022-08-02 18:57:00','2022-08-22 18:57:00',438.00,1,'2022-07-31 18:57:00',1,'et-voluptas-a-quo-labore-iusto-sunt-ut','a:2:{i:0;i:14;i:1;i:28;}','Eligendi ullam iste qui eveniet quia rerum ducimus.','Alice again, in a hoarse, feeble voice: \'I heard the Queen\'s absence, and were quite silent, and looked very uncomfortable. The first question of course was, how to speak good English); \'now I\'m.',0,1,NULL,'2022-07-30 18:57:50','2022-07-27 18:57:50',1),
	(107,2,'Repellendus vero sed quo illo rerum.',NULL,4,'Bednar Inc',1,'non','Used','WOULD not remember the simple and loving heart of her voice. Nobody moved. \'Who cares for fish, Game, or any other dish? Who would not allow without knowing how old it was, even before she came upon.','Est dicta optio omnis quo omnis placeat. Sint perspiciatis quidem fugiat odit tempora. Voluptatem rerum voluptas in repellat nesciunt. Optio magni fuga iusto at. Reiciendis voluptas eum modi quos deserunt officia. Explicabo qui deleniti alias quidem magni aut debitis. Inventore est eius aut omnis. Ducimus id placeat recusandae ratione quos. Tenetur harum asperiores amet eveniet repellat autem aliquam. Repudiandae distinctio illo voluptatibus ut autem molestias consequatur alias. Dolores iusto dolorem aut. Molestiae autem consequatur recusandae tempora dolorem ut labore. Voluptas in sed eos qui sequi quia numquam. Vel quisquam ea vitae est quo dolore. Qui error enim et quo suscipit omnis alias sit. Aut praesentium maiores quidem exercitationem. Fugit nemo consectetur dignissimos ducimus minima quia reprehenderit. Perferendis deserunt exercitationem doloremque laudantium magni et labore. Itaque eius aliquam placeat magni. Unde sed ut ut. Quis aliquam autem expedita occaecati porro. Eligendi est quaerat et voluptatibus possimus. Sit quia illo quos et et. In at officiis nesciunt quis eligendi velit vel. Suscipit velit alias fugiat a quia. Magni quaerat hic commodi fugit et quo doloribus. Sed rerum vitae perferendis quasi. Accusamus molestias perferendis delectus non aut quia. Quia eum cum et dolorum et ut accusantium. Eos rem est sunt et vitae libero adipisci. Cupiditate voluptas delectus itaque iure illo rem repellat.','a:7:{i:0;s:63:\"Corrupti et quis temporibus quisquam voluptas at expedita eius.\";i:1;s:40:\"Laudantium sit laudantium explicabo vel.\";i:2;s:49:\"Distinctio voluptatum rerum est officia sed illo.\";i:3;s:34:\"Non ipsum modi aliquam distinctio.\";i:4;s:52:\"Rerum provident et error est architecto adipisci ea.\";i:5;s:40:\"Accusamus aut earum ea voluptatum harum.\";i:6;s:48:\"Dicta similique et sit velit eius ut ut debitis.\";}',52,0,3,301.819228,67.000000,NULL,NULL,NULL,1275.00,0,'2022-07-30 18:57:00',1,'consequatur-facilis-qui-ipsum-ipsam-eveniet','a:2:{i:0;i:14;i:1;i:39;}','Nihil est qui voluptas nihil nihil nihil.','Alice with one finger for the Duchess sang the second verse of the jurors had a vague sort of mixed flavour of cherry-tart, custard, pine-apple, roast turkey, toffee, and hot buttered toast,) she.',0,1,NULL,'2022-07-21 18:57:50','2022-07-19 18:57:50',1);

/*!40000 ALTER TABLE `inventories` ENABLE KEYS */;


# Dump of table inventory_packaging
# ------------------------------------------------------------

DROP TABLE IF EXISTS `inventory_packaging`;

CREATE TABLE `inventory_packaging` (
  `packaging_id` int(10) unsigned NOT NULL,
  `inventory_id` bigint(20) unsigned NOT NULL,
  `created_at` timestamp NULL DEFAULT NULL,
  `updated_at` timestamp NULL DEFAULT NULL,
  KEY `inventory_packaging_packaging_id_index` (`packaging_id`),
  KEY `inventory_packaging_inventory_id_index` (`inventory_id`),
  CONSTRAINT `inventory_packaging_inventory_id_foreign` FOREIGN KEY (`inventory_id`) REFERENCES `inventories` (`id`) ON DELETE CASCADE,
  CONSTRAINT `inventory_packaging_packaging_id_foreign` FOREIGN KEY (`packaging_id`) REFERENCES `packagings` (`id`) ON DELETE CASCADE
) ENGINE=InnoDB DEFAULT CHARSET=utf8mb3 COLLATE=utf8mb3_unicode_ci;



# Dump of table invoices
# ------------------------------------------------------------

DROP TABLE IF EXISTS `invoices`;

CREATE TABLE `invoices` (
  `id` int(10) unsigned NOT NULL AUTO_INCREMENT,
  `user_id` bigint(20) DEFAULT NULL,
  `shop_id` int(11) DEFAULT NULL,
  `provider_id` varchar(255) COLLATE utf8mb3_unicode_ci NOT NULL,
  `total` decimal(8,2) DEFAULT NULL,
  `tax` decimal(8,2) DEFAULT NULL,
  `card_country` varchar(255) COLLATE utf8mb3_unicode_ci DEFAULT NULL,
  `billing_state` varchar(255) COLLATE utf8mb3_unicode_ci DEFAULT NULL,
  `billing_zip` varchar(255) COLLATE utf8mb3_unicode_ci DEFAULT NULL,
  `billing_country` varchar(255) COLLATE utf8mb3_unicode_ci DEFAULT NULL,
  `created_at` timestamp NULL DEFAULT NULL,
  `updated_at` timestamp NULL DEFAULT NULL,
  PRIMARY KEY (`id`),
  KEY `invoices_created_at_index` (`created_at`),
  KEY `invoices_user_id_index` (`user_id`),
  KEY `invoices_shop_id_index` (`shop_id`)
) ENGINE=InnoDB DEFAULT CHARSET=utf8mb3 COLLATE=utf8mb3_unicode_ci;



# Dump of table jobs
# ------------------------------------------------------------

DROP TABLE IF EXISTS `jobs`;

CREATE TABLE `jobs` (
  `id` bigint(20) unsigned NOT NULL AUTO_INCREMENT,
  `queue` varchar(255) COLLATE utf8mb3_unicode_ci NOT NULL,
  `payload` longtext COLLATE utf8mb3_unicode_ci NOT NULL,
  `attempts` tinyint(3) unsigned NOT NULL,
  `reserved_at` int(10) unsigned DEFAULT NULL,
  `available_at` int(10) unsigned NOT NULL,
  `created_at` int(10) unsigned NOT NULL,
  PRIMARY KEY (`id`),
  KEY `jobs_queue_index` (`queue`)
) ENGINE=InnoDB DEFAULT CHARSET=utf8mb3 COLLATE=utf8mb3_unicode_ci;



# Dump of table languages
# ------------------------------------------------------------

DROP TABLE IF EXISTS `languages`;

CREATE TABLE `languages` (
  `id` int(10) unsigned NOT NULL AUTO_INCREMENT,
  `code` varchar(255) COLLATE utf8mb3_unicode_ci NOT NULL,
  `php_locale_code` varchar(255) COLLATE utf8mb3_unicode_ci NOT NULL,
  `language` text COLLATE utf8mb3_unicode_ci NOT NULL,
  `order` int(11) NOT NULL DEFAULT 100,
  `rtl` tinyint(1) DEFAULT 0,
  `active` tinyint(1) DEFAULT 0,
  `deleted_at` timestamp NULL DEFAULT NULL,
  `created_at` timestamp NULL DEFAULT NULL,
  `updated_at` timestamp NULL DEFAULT NULL,
  PRIMARY KEY (`id`),
  UNIQUE KEY `languages_code_unique` (`code`)
) ENGINE=InnoDB DEFAULT CHARSET=utf8mb3 COLLATE=utf8mb3_unicode_ci;

/*!40000 ALTER TABLE `languages` DISABLE KEYS */;

INSERT INTO `languages` (`id`, `code`, `php_locale_code`, `language`, `order`, `rtl`, `active`, `deleted_at`, `created_at`, `updated_at`)
VALUES
	(1,'en','en_US','English',1,0,1,NULL,'2022-08-02 18:57:43','2022-08-02 18:57:43'),
	(2,'es','es_ES','Spanish',2,0,1,NULL,'2022-08-02 18:57:43','2022-08-02 18:57:43'),
	(3,'fa','fa_IR','Persian',3,1,1,NULL,'2022-08-02 18:57:43','2022-08-02 18:57:43'),
	(4,'bn','bn_BD','Bangla (Bangali)',4,0,1,NULL,'2022-08-02 18:57:43','2022-08-02 18:57:43'),
	(5,'ar','ar_AE','Arabic',100,1,0,NULL,'2022-08-02 18:57:43','2022-08-02 18:57:43'),
	(6,'zh','zh_CN','Chinese',100,0,0,NULL,'2022-08-02 18:57:43','2022-08-02 18:57:43'),
	(7,'hi','hi_IN','Hindi',100,0,0,NULL,'2022-08-02 18:57:43','2022-08-02 18:57:43'),
	(8,'da','da_DK','Danish',100,0,0,NULL,'2022-08-02 18:57:43','2022-08-02 18:57:43'),
	(9,'de','de_DE','German',100,0,0,NULL,'2022-08-02 18:57:43','2022-08-02 18:57:43'),
	(10,'el','el_GR','Greek',100,0,0,NULL,'2022-08-02 18:57:43','2022-08-02 18:57:43'),
	(11,'fr','fr_FR','French',100,0,0,NULL,'2022-08-02 18:57:43','2022-08-02 18:57:43'),
	(12,'he','he_IL','Hebrew',100,1,0,NULL,'2022-08-02 18:57:43','2022-08-02 18:57:43'),
	(13,'nl','nl_NL','Dutch',100,0,0,NULL,'2022-08-02 18:57:43','2022-08-02 18:57:43'),
	(14,'no','no_NO','Norwegian',100,0,0,NULL,'2022-08-02 18:57:43','2022-08-02 18:57:43'),
	(15,'pt','pt','Portuguese',100,0,0,NULL,'2022-08-02 18:57:43','2022-08-02 18:57:43'),
	(16,'pt_PT','pt_PT','Portuguese',100,0,0,NULL,'2022-08-02 18:57:43','2022-08-02 18:57:43'),
	(17,'ru','ru_RU','Russian',100,0,0,NULL,'2022-08-02 18:57:43','2022-08-02 18:57:43'),
	(18,'sv','sv_SE','Swedish',100,0,0,NULL,'2022-08-02 18:57:43','2022-08-02 18:57:43'),
	(19,'th','th_TH','Thai',100,0,0,NULL,'2022-08-02 18:57:43','2022-08-02 18:57:43'),
	(20,'tr','tr_TR','Turkish',100,0,0,NULL,'2022-08-02 18:57:43','2022-08-02 18:57:43'),
	(21,'id','id_ID','Indonesian',100,0,0,NULL,'2022-08-02 18:57:43','2022-08-02 18:57:43'),
	(22,'vi','vi_VN','Vietnamese',100,0,0,NULL,'2022-08-02 18:57:43','2022-08-02 18:57:43'),
	(23,'uk','uk_UA','Ukrainian',100,0,0,NULL,'2022-08-02 18:57:43','2022-08-02 18:57:43');

/*!40000 ALTER TABLE `languages` ENABLE KEYS */;


# Dump of table manufacturers
# ------------------------------------------------------------

DROP TABLE IF EXISTS `manufacturers`;

CREATE TABLE `manufacturers` (
  `id` int(10) unsigned NOT NULL AUTO_INCREMENT,
  `shop_id` int(10) unsigned DEFAULT NULL,
  `name` varchar(255) COLLATE utf8mb3_unicode_ci NOT NULL,
  `slug` varchar(200) COLLATE utf8mb3_unicode_ci NOT NULL,
  `email` varchar(255) COLLATE utf8mb3_unicode_ci DEFAULT NULL,
  `url` text COLLATE utf8mb3_unicode_ci DEFAULT NULL,
  `phone` varchar(255) COLLATE utf8mb3_unicode_ci DEFAULT NULL,
  `description` longtext COLLATE utf8mb3_unicode_ci DEFAULT NULL,
  `country_id` int(10) unsigned DEFAULT NULL,
  `active` tinyint(1) NOT NULL DEFAULT 1,
  `deleted_at` timestamp NULL DEFAULT NULL,
  `created_at` timestamp NULL DEFAULT NULL,
  `updated_at` timestamp NULL DEFAULT NULL,
  PRIMARY KEY (`id`),
  UNIQUE KEY `manufacturers_slug_unique` (`slug`)
) ENGINE=InnoDB DEFAULT CHARSET=utf8mb3 COLLATE=utf8mb3_unicode_ci;

/*!40000 ALTER TABLE `manufacturers` DISABLE KEYS */;

INSERT INTO `manufacturers` (`id`, `shop_id`, `name`, `slug`, `email`, `url`, `phone`, `description`, `country_id`, `active`, `deleted_at`, `created_at`, `updated_at`)
VALUES
	(1,4,'acme','acme','silas55@borer.org','http://smith.com/quia-sed-magni-odio-eos-quaerat-a-beatae.html','+13478057092','Et nulla at quia iste molestiae. Voluptas ipsum ducimus vero voluptas aut aut vitae. Nisi quae error tempore eum exercitationem illum. Id eos quis sequi. Cupiditate aut qui quo voluptas aliquid. Aliquid saepe est facilis est. Non ut modi officia ea. Qui sapiente autem quis voluptatem et odio debitis. Minima neque quam alias eaque aut. Perspiciatis quam quo provident. Beatae illo veniam optio maiores officiis accusantium officiis et. Rerum aut rerum reiciendis.',554,1,NULL,'2022-08-02 18:57:45','2022-08-02 18:57:45'),
	(2,3,'Wilderman PLC','wilderman-plc','viola.walter@green.org','http://rohan.net/','1-669-670-7247','Quia quisquam consectetur voluptates cum repellendus est recusandae nobis. Eligendi aut facere veniam iste. Rerum harum nesciunt omnis enim itaque. Dolores adipisci corporis qui optio sapiente aut et sunt. Sit nulla beatae voluptas ea nam porro. Expedita dolores tempore dolores sed dolores minus et. Soluta qui et similique est inventore. Esse rerum debitis veniam architecto quae iure. Non quasi odio officia numquam.',626,1,NULL,'2022-08-02 18:57:45','2022-08-02 18:57:45'),
	(3,4,'Bartoletti-Wiegand','bartoletti-wiegand','narciso86@yahoo.com','http://www.hintz.com/explicabo-rerum-similique-est-et','1-616-820-0952','Molestias similique libero voluptas officia numquam magni enim. Consequatur autem et et velit. Et magni explicabo omnis est laborum maxime voluptatibus. Voluptates saepe est consequatur voluptatem quia et velit. Consequatur possimus rerum nihil eius accusamus consequatur. Laborum voluptatem vitae et blanditiis repellat. Doloribus odit eveniet est ut. Cupiditate quasi aut cupiditate quia.',558,1,NULL,'2022-08-02 18:57:45','2022-08-02 18:57:45'),
	(4,3,'Kovacek Group','kovacek-group','strantow@sauer.org','http://cummings.info/ratione-qui-dolores-voluptatum-nihil-enim-aut','267.572.7696','Ipsam porro asperiores fugiat et vel. Iste maiores cupiditate atque maxime. Eum ut fuga et praesentium ut recusandae impedit. Aut perspiciatis sit voluptas dolores sunt qui quisquam. Velit qui facere exercitationem odio laborum nostrum sed. Odio enim eum error cum nemo mollitia alias ut. Omnis fuga autem delectus consectetur. Reprehenderit dignissimos totam voluptatem sit et beatae. Impedit necessitatibus non eaque corporis recusandae et.',624,1,NULL,'2022-08-02 18:57:45','2022-08-02 18:57:45'),
	(5,3,'Lemke and Sons','lemke-and-sons','weston.streich@hartmann.com','http://www.murphy.com/qui-voluptatum-tenetur-placeat-vel-quaerat.html','1-520-932-7427','Accusamus nisi sed aut consectetur voluptatem. Numquam tempore hic omnis eveniet quibusdam quasi eos ipsa. Non dolore quae tenetur. Id beatae eveniet quaerat alias natus minus accusamus. Sed necessitatibus sed commodi animi veniam et ut. Mollitia accusamus et nemo eveniet voluptas. Culpa enim aperiam ut fugit aut. Non maxime assumenda libero repellendus. Dolorem alias libero cum in. Ut itaque in ea nam. Accusamus deleniti assumenda et soluta vero.',90,1,NULL,'2022-08-02 18:57:45','2022-08-02 18:57:45'),
	(6,1,'Lemke-Klocko','lemke-klocko','weimann.stephania@torphy.com','http://hane.biz/est-quo-quibusdam-accusantium-voluptatem-totam','(240) 996-5113','Possimus odio dolor dicta et. Quod id sed corporis commodi omnis totam. Quisquam velit nihil rerum fuga. Aspernatur aliquid autem illum eius laboriosam odit. Et distinctio laboriosam quos. Laboriosam quibusdam ab earum vel vel. Et occaecati recusandae quia culpa distinctio. Eum dignissimos hic in atque qui. Est quo et reiciendis neque ut ad.',663,1,NULL,'2022-08-02 18:57:45','2022-08-02 18:57:45'),
	(7,4,'Nienow, Leuschke and Treutel','nienow-leuschke-and-treutel','pprice@hansen.biz','http://connelly.org/','+1-281-583-4148','Pariatur eum explicabo veniam quia vero maxime. Sed aliquam asperiores sequi quo molestias. Laborum delectus architecto ut laboriosam cumque explicabo. Explicabo fuga voluptate nam natus qui qui. Inventore repudiandae eligendi et id. Quae saepe sit deleniti quaerat ducimus. Occaecati repellat a nihil sit rem a accusantium. Porro numquam modi aut repudiandae provident unde nulla. Amet repellat in numquam aut molestiae harum omnis facilis. Voluptas fugit explicabo dolore et et et.',52,1,NULL,'2022-08-02 18:57:45','2022-08-02 18:57:45'),
	(8,3,'McClure Group','mcclure-group','hoyt92@osinski.org','http://waters.com/','+1-470-546-6991','Pariatur eaque sint voluptate aspernatur enim aspernatur qui veritatis. Odit quod voluptatem harum aut inventore adipisci fugit. Enim commodi eligendi dignissimos molestias. Dolore aut rem ea. Mollitia esse quidem sunt quos error. Repellat qui odio velit. Et ex vel qui quo et. Nisi sit culpa sit. Rerum dolores consequuntur rem officia. Voluptatem perferendis temporibus totam modi facere.',682,1,NULL,'2022-08-02 18:57:45','2022-08-02 18:57:45'),
	(9,1,'Bednar Inc','bednar-inc','heidenreich.dorothy@padberg.biz','http://www.mante.com/autem-excepturi-ratione-officiis-similique.html','872-618-2677','Tempore labore omnis cum facere. Est nulla ipsum consequatur omnis laboriosam. Est commodi consequatur omnis facilis. Est iure fugiat eius quibusdam voluptatibus suscipit. Ea tempora ipsa aut est. Quis placeat soluta necessitatibus qui molestias cumque. Dolor aliquam provident eaque nobis deleniti. Eos harum corporis qui molestiae aut. Voluptatum fugit iste libero aperiam fugit vero sunt. A deserunt consequatur accusantium et. Nihil tempore voluptatibus et quas.',48,1,NULL,'2022-08-02 18:57:45','2022-08-02 18:57:45'),
	(10,3,'Olson, Kemmer and Schaden','olson-kemmer-and-schaden','mpagac@gmail.com','https://schumm.com/odit-esse-expedita-sed-possimus-eum-veritatis-placeat.html','+1-513-252-1444','Dignissimos dolore voluptatem dolore quis. Sit ut exercitationem in. Qui quidem qui perspiciatis vitae. Non et inventore eum exercitationem. Mollitia quisquam ipsam doloribus laboriosam quo dolorum blanditiis placeat. Neque totam nulla deserunt nihil mollitia officiis accusantium. Et consequatur quam suscipit ullam dolor alias neque. Ut quis voluptatem dolorem voluptates dolor natus. Exercitationem deleniti quia voluptas recusandae omnis. Explicabo qui id magnam tenetur sit.',598,1,NULL,'2022-08-02 18:57:45','2022-08-02 18:57:45'),
	(11,4,'Mayert-Ryan','mayert-ryan','ekulas@hotmail.com','http://baumbach.com/vitae-omnis-laudantium-veritatis-omnis-est-eveniet-amet.html','+14845365576','Autem praesentium quo voluptate amet velit officiis. Asperiores dolores distinctio non qui corporis. Ex amet culpa sapiente nam. Sunt ut labore et necessitatibus ipsam vel eaque. Voluptatum impedit dignissimos molestias. Perferendis delectus autem doloribus. Natus ut cupiditate quos. Aut enim voluptatem mollitia id odit nulla. Ipsam consequuntur aspernatur alias id odio temporibus vel. Deserunt voluptatem id dolores. Nesciunt harum alias ipsa sequi.',652,1,NULL,'2022-08-02 18:57:45','2022-08-02 18:57:45'),
	(12,2,'Schinner, Huel and Kunze','schinner-huel-and-kunze','vgorczany@hotmail.com','http://www.schmidt.com/vitae-quasi-nobis-architecto-reprehenderit-blanditiis-fugit','(931) 949-9030','Excepturi recusandae sint aut suscipit. Est omnis aut est consequatur ipsa magni quasi. Non voluptate voluptates aspernatur quas necessitatibus est quam. Vel ipsam cum tempora asperiores sed. Autem unde dolores dolor totam placeat eaque voluptates. Impedit vero eaque suscipit veniam. Aut aliquid perferendis perspiciatis porro et ut assumenda. Illo non earum consequatur omnis quam.',258,1,NULL,'2022-08-02 18:57:45','2022-08-02 18:57:45'),
	(13,1,'Goodwin Group','goodwin-group','hermina.pollich@heidenreich.com','https://www.glover.com/inventore-in-quam-quia-vel-rerum-dolorem-cupiditate','1-563-905-1205','Eveniet placeat ducimus saepe saepe. Et ducimus aperiam cupiditate animi. Iste iste itaque voluptatum officia enim ipsa laudantium. Doloremque quasi ut porro dicta temporibus. Ratione doloribus atque sit. Aliquid quia laboriosam tempore necessitatibus qui. Sed expedita eum quaerat quae dolorem.',262,1,NULL,'2022-08-02 18:57:45','2022-08-02 18:57:45'),
	(14,1,'Nicolas-Skiles','nicolas-skiles','wehner.celestino@conroy.org','http://www.kub.net/','+1-646-955-4854','Reiciendis enim officia neque error quidem sint ea. At quis rerum ut saepe rerum. Earum vero dolor voluptas consequuntur impedit. Quos occaecati vitae dignissimos ut. Totam quia voluptas temporibus impedit voluptatem. Ut non ut fuga sequi quidem. Sunt vel vel dicta tenetur voluptatem non et. Officia ut tempore rerum aut incidunt nesciunt. Voluptates impedit quis et iusto et. Id laboriosam libero quis explicabo consequatur eum. Quo quae optio ut a enim. Dolor dolor ipsam dicta libero dolores.',86,1,NULL,'2022-08-02 18:57:45','2022-08-02 18:57:45'),
	(15,1,'Welch-Rowe','welch-rowe','lisandro.mcdermott@yahoo.com','http://weissnat.info/necessitatibus-voluptatibus-aut-consequatur-saepe','(385) 976-5305','Sunt similique aut ipsam id. Enim harum ex eum quibusdam possimus quibusdam. Ut iure ut autem itaque delectus et. Deserunt voluptas quaerat sint facere vel. Libero maxime ut enim sunt aliquid voluptatem. Eos beatae accusamus incidunt magnam. Omnis dolor soluta labore eos deleniti officia unde. Nostrum ipsa quis quo sit hic eum voluptatum. Et minima nam vitae assumenda optio nostrum. Tempore tempore non consequatur deserunt est.',16,1,NULL,'2022-08-02 18:57:45','2022-08-02 18:57:45'),
	(16,5,'Nader PLC','nader-plc','dion.schoen@gmail.com','http://zieme.info/laborum-porro-sit-et-est','+1 (575) 750-2810','Voluptate voluptatem voluptatem minus fugit quia eos a facilis. Dolore beatae pariatur vitae et. Fuga beatae ipsum illo sunt ad vero. Velit consequuntur eius pariatur quasi odit. Quia ipsum fugit et aliquam. Vero accusantium aut omnis non at cum sunt. Sed qui dolorum ipsum minima consequatur ut magnam. Alias adipisci quidem sit sapiente sunt officia. Non veniam autem deleniti velit blanditiis reiciendis. Et blanditiis qui saepe inventore molestias. In pariatur voluptatum eos libero totam.',531,1,NULL,'2022-08-02 18:57:45','2022-08-02 18:57:45');

/*!40000 ALTER TABLE `manufacturers` ENABLE KEYS */;


# Dump of table messages
# ------------------------------------------------------------

DROP TABLE IF EXISTS `messages`;

CREATE TABLE `messages` (
  `id` bigint(20) unsigned NOT NULL AUTO_INCREMENT,
  `shop_id` int(10) unsigned DEFAULT NULL,
  `user_id` bigint(20) unsigned DEFAULT NULL,
  `customer_id` bigint(20) unsigned DEFAULT NULL,
  `name` varchar(255) COLLATE utf8mb3_unicode_ci DEFAULT NULL,
  `phone` varchar(255) COLLATE utf8mb3_unicode_ci DEFAULT NULL,
  `email` varchar(255) COLLATE utf8mb3_unicode_ci DEFAULT NULL,
  `subject` varchar(255) COLLATE utf8mb3_unicode_ci DEFAULT NULL,
  `message` longtext COLLATE utf8mb3_unicode_ci DEFAULT NULL,
  `order_id` bigint(20) unsigned DEFAULT NULL,
  `product_id` bigint(20) unsigned DEFAULT NULL,
  `status` int(11) NOT NULL DEFAULT 1,
  `customer_status` int(11) DEFAULT 1,
  `label` int(11) NOT NULL DEFAULT 1,
  `deleted_at` timestamp NULL DEFAULT NULL,
  `created_at` timestamp NULL DEFAULT NULL,
  `updated_at` timestamp NULL DEFAULT NULL,
  PRIMARY KEY (`id`)
) ENGINE=InnoDB DEFAULT CHARSET=utf8mb3 COLLATE=utf8mb3_unicode_ci;

/*!40000 ALTER TABLE `messages` DISABLE KEYS */;

INSERT INTO `messages` (`id`, `shop_id`, `user_id`, `customer_id`, `name`, `phone`, `email`, `subject`, `message`, `order_id`, `product_id`, `status`, `customer_status`, `label`, `deleted_at`, `created_at`, `updated_at`)
VALUES
	(1,1,NULL,1,NULL,NULL,NULL,'Autem quas in aliquid tempore temporibus autem.','Dolor necessitatibus impedit dignissimos culpa eligendi beatae ipsum. Commodi voluptas nesciunt omnis consequuntur assumenda sint nobis. Ea exercitationem veniam consequatur ipsam et veniam.',10,NULL,2,1,5,NULL,'2022-07-27 18:57:50','2022-08-02 18:57:50'),
	(2,2,NULL,1,NULL,NULL,NULL,'Molestiae earum exercitationem id distinctio inventore omnis sit.','Corrupti veniam ut in voluptatem. Incidunt nostrum quos eum sit est voluptatem. Cupiditate est qui ipsam odit ab sint.',1,NULL,2,1,1,NULL,'2022-07-29 18:57:50','2022-08-02 18:57:50'),
	(3,2,NULL,1,NULL,NULL,NULL,'Doloribus doloribus perferendis consectetur tempore nostrum veniam ab.','Rem consequatur libero asperiores rem adipisci. Est illo asperiores doloribus aut laudantium quos dignissimos. Velit voluptatem est voluptas rerum soluta corrupti iure et.',8,NULL,3,1,4,NULL,'2022-07-23 18:57:50','2022-08-02 18:57:50'),
	(4,2,NULL,1,NULL,NULL,NULL,'Dicta voluptatem asperiores labore non unde consequatur.','Non aspernatur ut quibusdam iure. Reprehenderit quia quas a culpa autem reiciendis excepturi. Illo voluptas rem dolorem.',8,NULL,2,1,4,NULL,'2022-07-22 18:57:50','2022-08-02 18:57:50'),
	(5,1,NULL,1,NULL,NULL,NULL,'Ratione explicabo exercitationem voluptatibus esse repellat eum.','Consequatur dolorem totam tenetur et. Vero esse maxime labore. Porro nam labore voluptatum aperiam aliquid.',15,NULL,3,1,1,NULL,'2022-07-23 18:57:50','2022-08-02 18:57:50'),
	(6,2,NULL,1,NULL,NULL,NULL,'Porro sed molestiae expedita repellat facere praesentium dolorum.','Qui ad qui sunt aut corrupti quia laudantium. Nemo itaque iusto nobis sed accusamus. Eos qui error rerum cumque atque. Modi sit dolores molestiae asperiores rerum ut debitis.',1,NULL,2,1,2,NULL,'2022-07-19 18:57:50','2022-07-20 18:57:50'),
	(7,2,NULL,1,NULL,NULL,NULL,'Aliquam eum eius iusto eaque.','Ex aliquam quos hic sed dolorum eveniet. Corrupti voluptates ratione dolor non. Est exercitationem ratione magnam exercitationem.',8,NULL,2,1,3,NULL,'2022-07-18 18:57:50','2022-08-01 18:57:50'),
	(8,1,NULL,1,NULL,NULL,NULL,'Nulla non cum asperiores consequatur non illum qui velit.','Voluptas dignissimos nulla eos provident temporibus itaque iste. Esse iusto vel ab sed itaque ea. Omnis soluta minima qui et deserunt pariatur aut animi. Corrupti minima sunt et rerum.',10,NULL,2,1,3,NULL,'2022-07-28 18:57:50','2022-07-25 18:57:50'),
	(9,1,NULL,1,NULL,NULL,NULL,'Harum est nostrum asperiores aut quis earum in.','Eligendi at at fuga praesentium aperiam omnis. Eius dolores ullam nobis voluptates repellendus ut dolores. Accusamus provident consectetur cupiditate qui.',11,NULL,3,1,3,NULL,'2022-07-26 18:57:50','2022-07-27 18:57:50'),
	(10,1,NULL,1,NULL,NULL,NULL,'Rem itaque ut quis delectus sequi aut eius.','Et maiores quam nemo mollitia. Voluptas optio omnis sit et consequatur corrupti. Explicabo minus ut possimus et cum. Non molestias rem incidunt aspernatur.',10,NULL,2,1,2,NULL,'2022-07-29 18:57:50','2022-07-31 18:57:50'),
	(11,2,NULL,1,NULL,NULL,NULL,'Maxime fugiat aut deserunt alias delectus.','Quo earum ipsa recusandae ratione. Vitae voluptate et qui vero sed deserunt. Veniam veniam magnam esse architecto.',1,NULL,3,1,1,NULL,'2022-07-22 18:57:50','2022-07-23 18:57:50'),
	(12,2,NULL,1,NULL,NULL,NULL,'Aperiam harum voluptatibus adipisci asperiores.','Dolorem iusto reprehenderit ad ipsum amet. Dolores in rerum est error illo asperiores. Eum odit doloremque error voluptatem voluptatem magnam cupiditate deleniti. Cupiditate quia quia facilis.',1,NULL,1,1,4,NULL,'2022-07-27 18:57:50','2022-07-23 18:57:50'),
	(13,2,NULL,1,NULL,NULL,NULL,'Consequatur officia sed sint illo.','Qui similique labore repellat. Aut distinctio aut quam officiis. Atque magni omnis consequatur unde sed. Velit id cum est repudiandae quos.',1,NULL,1,1,1,NULL,'2022-07-27 18:57:50','2022-08-02 18:57:50'),
	(14,2,NULL,1,NULL,NULL,NULL,'Dolor soluta dolorem molestias.','Earum ad odio nisi quae non. Minus nemo sunt rem optio non dolores dolor autem. Nulla facilis impedit quibusdam nam. Quisquam facilis quia repellat assumenda.',8,NULL,2,1,4,NULL,'2022-07-29 18:57:50','2022-07-27 18:57:50'),
	(15,1,NULL,1,NULL,NULL,NULL,'Perferendis possimus excepturi enim qui quo.','Eos dolorem accusantium unde ut cupiditate. Velit et ea nobis sapiente voluptatem animi. Eum facilis eius necessitatibus quae aliquam.',15,NULL,3,1,4,NULL,'2022-07-29 18:57:50','2022-07-31 18:57:50');

/*!40000 ALTER TABLE `messages` ENABLE KEYS */;


# Dump of table migrations
# ------------------------------------------------------------

DROP TABLE IF EXISTS `migrations`;

CREATE TABLE `migrations` (
  `id` int(10) unsigned NOT NULL AUTO_INCREMENT,
  `migration` varchar(255) COLLATE utf8mb3_unicode_ci NOT NULL,
  `batch` int(11) NOT NULL,
  PRIMARY KEY (`id`)
) ENGINE=InnoDB DEFAULT CHARSET=utf8mb3 COLLATE=utf8mb3_unicode_ci;

/*!40000 ALTER TABLE `migrations` DISABLE KEYS */;

INSERT INTO `migrations` (`id`, `migration`, `batch`)
VALUES
	(377,'2014_04_01_151049_create_activity_log_table',1),
	(378,'2014_10_11_000000_create_modules_table',1),
	(379,'2014_10_11_000010_create_roles_table',1),
	(380,'2014_10_11_000011_create_permissions_table',1),
	(381,'2014_10_11_000020_create_attachments_table',1),
	(382,'2014_10_11_000020_create_images_table',1),
	(383,'2014_10_12_000000_create_subscription_items_table',1),
	(384,'2014_10_12_000000_create_subscriptions_table',1),
	(385,'2014_10_12_000000_create_users_table',1),
	(386,'2014_10_12_000001_create_password_resets_table',1),
	(387,'2014_10_12_000003_create_dashboard_configs_table',1),
	(388,'2014_10_12_000003_create_pages_table',1),
	(389,'2014_10_12_000003_create_systems_table',1),
	(390,'2014_10_12_000004_create_customers_table',1),
	(391,'2014_12_31_000001_create_countries_table',1),
	(392,'2014_12_31_000004_create_addresses_table',1),
	(393,'2015_01_11_135657_create_shops_table',1),
	(394,'2015_01_12_000002_create_configs_table',1),
	(395,'2015_05_12_131134_create_performance_indicators_table',1),
	(396,'2015_05_12_151257_create_invoices_table',1),
	(397,'2015_12_31_000002_create_tags_table',1),
	(398,'2015_12_31_000004_create_blogs_table',1),
	(399,'2016_01_11_135655_create_manufacturers_table',1),
	(400,'2016_01_11_135658_create_products_table',1),
	(401,'2016_01_11_135660_create_attribute_table',1),
	(402,'2016_01_11_135714_create_suppliers_table',1),
	(403,'2016_01_15_191220_create_category_groups_table',1),
	(404,'2016_03_11_182034_create_warehouse_table',1),
	(405,'2016_03_11_190111_create_inventory_table',1),
	(406,'2016_03_25_192206_create_taxes_table',1),
	(407,'2016_03_26_091903_create_carriers_table',1),
	(408,'2016_03_26_091903_create_shipping_zones_table',1),
	(409,'2016_04_22_162519_create_email_templates_table',1),
	(410,'2016_04_22_162552_create_payment_methods_table',1),
	(411,'2016_04_22_162555_create_config_manual_payments_table',1),
	(412,'2016_04_22_162555_create_config_paypal_express_table',1),
	(413,'2016_04_22_162555_create_config_stripe_table',1),
	(414,'2016_04_22_162559_create_order_table',1),
	(415,'2016_04_24_151506_create_cart_table',1),
	(416,'2016_06_01_000001_create_oauth_auth_codes_table',1),
	(417,'2016_06_01_000002_create_oauth_access_tokens_table',1),
	(418,'2016_06_01_000003_create_oauth_refresh_tokens_table',1),
	(419,'2016_06_01_000004_create_oauth_clients_table',1),
	(420,'2016_06_01_000005_create_oauth_personal_access_clients_table',1),
	(421,'2017_09_17_202406_create_gift_cards_table',1),
	(422,'2017_11_27_144538_create_contact_us_table',1),
	(423,'2017_11_27_144538_create_disputes_table',1),
	(424,'2017_11_27_144538_create_messages_table',1),
	(425,'2017_11_27_144538_create_refunds_table',1),
	(426,'2017_11_27_144538_create_tickets_table',1),
	(427,'2017_11_27_144548_create_replies_table',1),
	(428,'2018_04_08_155212_create_notifications_table',1),
	(429,'2018_04_11_202451_create_jobs_table',1),
	(430,'2018_04_28_201222_create_faqs_table',1),
	(431,'2018_05_27_135039_create_visitors_table',1),
	(432,'2018_07_04_210334_create_banners_table',1),
	(433,'2018_07_04_210813_create_sliders_table',1),
	(434,'2018_07_19_191545_create_feedbacks_table',1),
	(435,'2018_10_04_162859_create_options_table',1),
	(436,'2018_12_25_163942_create_config_cybersource_table',1),
	(437,'2018_12_25_163942_create_config_instamojo_table',1),
	(438,'2019_07_11_165534_create_languages_table',1),
	(439,'2019_12_27_092414_add_notify_chat_to_configs_table',1),
	(440,'2020_01_09_054507_add_payment_instruction_fields_to_order_table',1),
	(441,'2020_05_06_172818_add_email_phone_fields_to_messages_table',1),
	(442,'2020_06_30_154819_create_cancellation_table',1),
	(443,'2020_07_01_103906_add_cancellation_config_to_systems_table',1),
	(444,'2020_10_22_195815_add_stripe_status_to_subscriptions_table',1),
	(445,'2020_11_20_195815_create_package_table',1),
	(446,'2020_12_18_054507_add_cancellation_fields_to_systems_table',1),
	(447,'2021_01_30_061710_add_fields_to_packages_table',1),
	(448,'2021_02_01_054507_add_amount_fields_to_shop_table',1),
	(449,'2021_02_01_054507_add_description_fields_to_sliders_table',1),
	(450,'2021_02_01_054507_add_device_id_fields_to_orders_table',1),
	(451,'2021_02_01_054507_add_social_auth_fields_to_systems_table',1),
	(452,'2021_02_17_112139_add_type_field_to_images_table',1),
	(453,'2021_03_01_172738_add_show_merchant_info_as_vendor_system_table',1),
	(454,'2021_03_03_054507_add_active_ecommerce_fields_to_configs_table',1),
	(455,'2021_03_03_054507_add_fulfilment_type_fields_to_orders_table',1),
	(456,'2021_03_03_054507_add_opening_and_close_time_fields_to_warehouse_table',1),
	(457,'2021_03_03_054507_add_pay_in_person_and_pay_online_fields_to_configs_table',1),
	(458,'2021_03_04_051130_add_effect_to_banners_table',1),
	(459,'2021_06_02_062412_add_show_item_conditions_to_systems_table',1),
	(460,'2021_06_07_200450_create_avg_feedback_table',1),
	(461,'2021_10_13_074513_change_subscriptions_tables_for_cashier',1),
	(462,'2021_10_14_193443_add_uuid_to_failed_jobs_table',1),
	(463,'2021_10_24_161811_add_split_money_to_payment_methods_table',1),
	(464,'2021_11_20_052700_rename_billing_info_on_billables',1),
	(465,'2021_12_04_083515_add_payment_ref_id_to_orders_table',1),
	(466,'2022_01_04_065320_create_delivery_boys_table',1),
	(467,'2022_01_10_072540_add_delivery_boy_id_to_orders_table',1),
	(468,'2022_02_02_064852_create_attribute_categories_table',1),
	(469,'2022_02_13_091819_add_notification_sent_field_to_subscriptions_table',1),
	(470,'2022_02_17_113926_add_customer_phone_to_orders_table',1),
	(471,'2018_07_16_015501_create_wishlists_table',2),
	(472,'2014_10_11_000020_create_announcements_table',3),
	(473,'2017_09_13_195828_create_coupons_table',4),
	(474,'2020_11_20_195811_create_events_table',5),
	(475,'2016_03_26_091904_create_packagings_table',6),
	(476,'2019_12_06_063720_create_chat_tables',7),
	(477,'2018_11_05_124230_create_wallets_table',8),
	(478,'2018_11_06_222923_create_transactions_table',8),
	(479,'2018_11_07_192923_create_transfers_table',8),
	(480,'2020_11_20_195811_create_config_sslcommerz_table',9),
	(481,'2020_11_20_195811_create_ssl_orders_table',9),
	(482,'2018_12_24_070051_create_config_authorize_net_table',10),
	(483,'2020_11_20_195811_add_commission_rate_to_shops_table',11),
	(484,'2020_11_20_195811_create_inspections_table',12),
	(485,'2020_11_20_195815_add_inspection_status_column',12),
	(486,'2018_12_20_193751_create_config_paystacks_table',13),
	(487,'2020_11_20_195811_create_config_razorpay_table',14),
	(488,'2021_09_22_103906_add_razorpay_fields_on_carts_table',14),
	(489,'2021_09_22_103906_add_razorpay_fields_on_orders_table',14),
	(490,'2022_05_20_195811_create_razorpay_wallet_transection_table',14),
	(491,'2020_11_20_195811_create_config_flutterwave_table',15),
	(492,'2020_07_01_103906_add_nullable_on_subscriptions_table',16),
	(493,'2021_03_07_142449_add_custom_subsription_fee_to_shops_table',16);

/*!40000 ALTER TABLE `migrations` ENABLE KEYS */;


# Dump of table modules
# ------------------------------------------------------------

DROP TABLE IF EXISTS `modules`;

CREATE TABLE `modules` (
  `id` int(10) unsigned NOT NULL AUTO_INCREMENT,
  `name` varchar(255) COLLATE utf8mb3_unicode_ci NOT NULL,
  `description` text COLLATE utf8mb3_unicode_ci DEFAULT NULL,
  `access` enum('Super Admin','Platform','Merchant','Common') COLLATE utf8mb3_unicode_ci NOT NULL,
  `actions` varchar(255) COLLATE utf8mb3_unicode_ci DEFAULT NULL,
  `active` tinyint(1) NOT NULL DEFAULT 1,
  `deleted_at` timestamp NULL DEFAULT NULL,
  `created_at` timestamp NULL DEFAULT NULL,
  `updated_at` timestamp NULL DEFAULT NULL,
  PRIMARY KEY (`id`)
) ENGINE=InnoDB DEFAULT CHARSET=utf8mb3 COLLATE=utf8mb3_unicode_ci;

/*!40000 ALTER TABLE `modules` DISABLE KEYS */;

INSERT INTO `modules` (`id`, `name`, `description`, `access`, `actions`, `active`, `deleted_at`, `created_at`, `updated_at`)
VALUES
	(1,'Appearance','Manage all appearance.','Platform','customize',1,NULL,'2022-08-02 18:57:42','2022-08-02 18:57:42'),
	(2,'Attribute','Manage all attribute.','Common','view,add,edit,delete',1,NULL,'2022-08-02 18:57:42','2022-08-02 18:57:42'),
	(3,'Carrier','Manage all carrier.','Merchant','view,add,edit,delete',1,NULL,'2022-08-02 18:57:42','2022-08-02 18:57:42'),
	(4,'Category','Manage all category.','Platform','view,add,edit,delete',1,NULL,'2022-08-02 18:57:42','2022-08-02 18:57:42'),
	(5,'Category Group','Manage all category group.','Platform','view,add,edit,delete',1,NULL,'2022-08-02 18:57:42','2022-08-02 18:57:42'),
	(6,'Category Sub Group','Manage all category sub group.','Platform','view,add,edit,delete',1,NULL,'2022-08-02 18:57:42','2022-08-02 18:57:42'),
	(7,'Config','Manage all config.','Merchant','view,edit',1,NULL,'2022-08-02 18:57:42','2022-08-02 18:57:42'),
	(8,'Cart','Manage all cart.','Common','view,add,edit,delete',1,NULL,'2022-08-02 18:57:42','2022-08-02 18:57:42'),
	(9,'Customer','Manage all customer.','Platform','view,add,edit,delete',1,NULL,'2022-08-02 18:57:42','2022-08-02 18:57:42'),
	(10,'Dispute','Manage all dispute.','Common','view,response',1,NULL,'2022-08-02 18:57:42','2022-08-02 18:57:42'),
	(11,'Inventory','Manage all inventory.','Merchant','view,add,edit,delete',1,NULL,'2022-08-02 18:57:42','2022-08-02 18:57:42'),
	(12,'Manufacturer','Manage all manufacturer.','Common','view,add,edit,delete',1,NULL,'2022-08-02 18:57:42','2022-08-02 18:57:42'),
	(13,'Message','Manage all message.','Common','view,add,update,delete,reply',1,NULL,'2022-08-02 18:57:42','2022-08-02 18:57:42'),
	(14,'Module','Manage all module.','Super Admin','view,add,edit,delete',1,NULL,'2022-08-02 18:57:42','2022-08-02 18:57:42'),
	(15,'Order','Manage all order.','Common','view,add,fulfill,cancel,archive,delete',1,NULL,'2022-08-02 18:57:42','2022-08-02 18:57:42'),
	(16,'Product','Manage all product.','Common','view,add,edit,delete',1,NULL,'2022-08-02 18:57:42','2022-08-02 18:57:42'),
	(17,'Refund','Manage all refund.','Common','view,initiate,update,approve',1,NULL,'2022-08-02 18:57:42','2022-08-02 18:57:42'),
	(18,'Role','Manage all role.','Common','view,add,edit,delete',1,NULL,'2022-08-02 18:57:42','2022-08-02 18:57:42'),
	(19,'Supplier','Manage all supplier.','Merchant','view,add,edit,delete',1,NULL,'2022-08-02 18:57:42','2022-08-02 18:57:42'),
	(20,'Subscription Plan','Manage all subscription plan.','Super Admin','view,add,edit,delete',1,NULL,'2022-08-02 18:57:42','2022-08-02 18:57:42'),
	(21,'Shipping Zone','Manage all shipping zone.','Merchant','view,add,edit,delete',1,NULL,'2022-08-02 18:57:42','2022-08-02 18:57:42'),
	(22,'Shipping Rate','Manage all shipping rate.','Merchant','add,edit,delete',1,NULL,'2022-08-02 18:57:42','2022-08-02 18:57:42'),
	(23,'System','Manage all system.','Super Admin','view,edit',1,NULL,'2022-08-02 18:57:42','2022-08-02 18:57:42'),
	(24,'System Config','Manage all system config.','Platform','view,edit',1,NULL,'2022-08-02 18:57:42','2022-08-02 18:57:42'),
	(25,'Tax','Manage all tax.','Merchant','view,add,edit,delete',1,NULL,'2022-08-02 18:57:42','2022-08-02 18:57:42'),
	(26,'Ticket','Manage all ticket.','Platform','view,update,reply,assign',1,NULL,'2022-08-02 18:57:42','2022-08-02 18:57:42'),
	(27,'Vendor','Manage all vendor.','Platform','view,add,edit,delete,login',1,NULL,'2022-08-02 18:57:42','2022-08-02 18:57:42'),
	(28,'Warehouse','Manage all warehouse.','Merchant','view,add,edit,delete',1,NULL,'2022-08-02 18:57:42','2022-08-02 18:57:42'),
	(29,'User','Manage all user.','Common','view,add,edit,delete,login',1,NULL,'2022-08-02 18:57:42','2022-08-02 18:57:42'),
	(30,'Utility','Manage all utility.','Platform','view,add,edit,delete',1,NULL,'2022-08-02 18:57:42','2022-08-02 18:57:42'),
	(31,'Coupon','Manage all packagings.','Merchant','view,add,edit,delete',1,NULL,'2022-08-03 19:02:28','2022-08-03 19:02:28'),
	(32,'Flash Deal','Manage all packagings.','Platform','manage',1,NULL,'2022-08-03 19:02:51','2022-08-03 19:02:51'),
	(33,'Packaging','Manage all packagings.','Merchant','view,add,edit,delete',1,NULL,'2022-08-03 19:03:35','2022-08-03 19:03:35'),
	(34,'Chat Conversation','Manage all packagings.','Merchant','view,reply',1,NULL,'2022-08-03 19:04:06','2022-08-03 19:04:06'),
	(35,'Wallet','Manage all packagings.','Platform','setting,payout,report',1,NULL,'2022-08-03 19:04:28','2022-08-03 19:04:28'),
	(36,'Dynamic Commission','Manage all packagings.','Platform','manage',1,NULL,'2022-08-03 19:23:35','2022-08-03 19:23:35'),
	(37,'Inspector','Manage all packagings.','Platform','setting,view,edit,delete,approve',1,NULL,'2022-08-03 19:23:49','2022-08-03 19:23:49');

/*!40000 ALTER TABLE `modules` ENABLE KEYS */;


# Dump of table notifications
# ------------------------------------------------------------

DROP TABLE IF EXISTS `notifications`;

CREATE TABLE `notifications` (
  `id` char(36) COLLATE utf8mb3_unicode_ci NOT NULL,
  `type` varchar(255) COLLATE utf8mb3_unicode_ci NOT NULL,
  `notifiable_type` varchar(255) COLLATE utf8mb3_unicode_ci NOT NULL,
  `notifiable_id` bigint(20) unsigned NOT NULL,
  `created_by` int(11) DEFAULT NULL,
  `icon` varchar(50) COLLATE utf8mb3_unicode_ci DEFAULT NULL,
  `action_text` varchar(255) COLLATE utf8mb3_unicode_ci DEFAULT NULL,
  `action_url` text COLLATE utf8mb3_unicode_ci DEFAULT NULL,
  `data` text COLLATE utf8mb3_unicode_ci NOT NULL,
  `read_at` timestamp NULL DEFAULT NULL,
  `created_at` timestamp NULL DEFAULT NULL,
  `updated_at` timestamp NULL DEFAULT NULL,
  PRIMARY KEY (`id`),
  KEY `notifications_notifiable_type_notifiable_id_index` (`notifiable_type`,`notifiable_id`)
) ENGINE=InnoDB DEFAULT CHARSET=utf8mb3 COLLATE=utf8mb3_unicode_ci;

/*!40000 ALTER TABLE `notifications` DISABLE KEYS */;

INSERT INTO `notifications` (`id`, `type`, `notifiable_type`, `notifiable_id`, `created_by`, `icon`, `action_text`, `action_url`, `data`, `read_at`, `created_at`, `updated_at`)
VALUES
	('26a40b18-7cd2-40f5-b843-e57f39346808','Incevio\\Package\\Wallet\\Notifications\\Deposit','App\\Models\\Shop',1,NULL,NULL,NULL,NULL,'{\"amount\":\"Your deposit request has been Completed $10,000.00 created by you or your team.\"}',NULL,'2022-08-04 15:45:19','2022-08-04 15:45:19'),
	('362dae85-916c-4aeb-b161-78efacdecd1d','Incevio\\Package\\Wallet\\Notifications\\Deposit','App\\Models\\Shop',4,NULL,NULL,NULL,NULL,'{\"amount\":\"Your deposit request has been Completed $30,000.00 created by you or your team.\"}',NULL,'2022-08-04 15:47:45','2022-08-04 15:47:45'),
	('3e247b18-2c50-4b15-8bc4-1049155f7613','Incevio\\Package\\Wallet\\Notifications\\Deposit','App\\Models\\Shop',3,NULL,NULL,NULL,NULL,'{\"amount\":\"Your deposit request has been Completed $59,900.00 created by you or your team.\"}',NULL,'2022-08-04 15:47:06','2022-08-04 15:47:06'),
	('5a9deb2a-a29a-4451-9e3b-177bee0c9e47','Incevio\\Package\\Wallet\\Notifications\\Deposit','App\\Models\\Shop',2,NULL,NULL,NULL,NULL,'{\"amount\":\"Your deposit request has been Completed $19,000.00 created by you or your team.\"}',NULL,'2022-08-04 15:46:18','2022-08-04 15:46:18');

/*!40000 ALTER TABLE `notifications` ENABLE KEYS */;


# Dump of table oauth_access_tokens
# ------------------------------------------------------------

DROP TABLE IF EXISTS `oauth_access_tokens`;

CREATE TABLE `oauth_access_tokens` (
  `id` varchar(100) COLLATE utf8mb3_unicode_ci NOT NULL,
  `user_id` bigint(20) unsigned DEFAULT NULL,
  `client_id` bigint(20) unsigned NOT NULL,
  `name` varchar(255) COLLATE utf8mb3_unicode_ci DEFAULT NULL,
  `scopes` text COLLATE utf8mb3_unicode_ci DEFAULT NULL,
  `revoked` tinyint(1) NOT NULL,
  `created_at` timestamp NULL DEFAULT NULL,
  `updated_at` timestamp NULL DEFAULT NULL,
  `expires_at` datetime DEFAULT NULL,
  PRIMARY KEY (`id`),
  KEY `oauth_access_tokens_user_id_index` (`user_id`)
) ENGINE=InnoDB DEFAULT CHARSET=utf8mb3 COLLATE=utf8mb3_unicode_ci;



# Dump of table oauth_auth_codes
# ------------------------------------------------------------

DROP TABLE IF EXISTS `oauth_auth_codes`;

CREATE TABLE `oauth_auth_codes` (
  `id` varchar(100) COLLATE utf8mb3_unicode_ci NOT NULL,
  `user_id` bigint(20) unsigned NOT NULL,
  `client_id` bigint(20) unsigned NOT NULL,
  `scopes` text COLLATE utf8mb3_unicode_ci DEFAULT NULL,
  `revoked` tinyint(1) NOT NULL,
  `expires_at` datetime DEFAULT NULL,
  PRIMARY KEY (`id`),
  KEY `oauth_auth_codes_user_id_index` (`user_id`)
) ENGINE=InnoDB DEFAULT CHARSET=utf8mb3 COLLATE=utf8mb3_unicode_ci;



# Dump of table oauth_clients
# ------------------------------------------------------------

DROP TABLE IF EXISTS `oauth_clients`;

CREATE TABLE `oauth_clients` (
  `id` bigint(20) unsigned NOT NULL AUTO_INCREMENT,
  `user_id` bigint(20) unsigned DEFAULT NULL,
  `name` varchar(255) COLLATE utf8mb3_unicode_ci NOT NULL,
  `secret` varchar(100) COLLATE utf8mb3_unicode_ci DEFAULT NULL,
  `provider` varchar(255) COLLATE utf8mb3_unicode_ci DEFAULT NULL,
  `redirect` text COLLATE utf8mb3_unicode_ci NOT NULL,
  `personal_access_client` tinyint(1) NOT NULL,
  `password_client` tinyint(1) NOT NULL,
  `revoked` tinyint(1) NOT NULL,
  `created_at` timestamp NULL DEFAULT NULL,
  `updated_at` timestamp NULL DEFAULT NULL,
  PRIMARY KEY (`id`),
  KEY `oauth_clients_user_id_index` (`user_id`)
) ENGINE=InnoDB DEFAULT CHARSET=utf8mb3 COLLATE=utf8mb3_unicode_ci;



# Dump of table oauth_personal_access_clients
# ------------------------------------------------------------

DROP TABLE IF EXISTS `oauth_personal_access_clients`;

CREATE TABLE `oauth_personal_access_clients` (
  `id` bigint(20) unsigned NOT NULL AUTO_INCREMENT,
  `client_id` bigint(20) unsigned NOT NULL,
  `created_at` timestamp NULL DEFAULT NULL,
  `updated_at` timestamp NULL DEFAULT NULL,
  PRIMARY KEY (`id`)
) ENGINE=InnoDB DEFAULT CHARSET=utf8mb3 COLLATE=utf8mb3_unicode_ci;



# Dump of table oauth_refresh_tokens
# ------------------------------------------------------------

DROP TABLE IF EXISTS `oauth_refresh_tokens`;

CREATE TABLE `oauth_refresh_tokens` (
  `id` varchar(100) COLLATE utf8mb3_unicode_ci NOT NULL,
  `access_token_id` varchar(100) COLLATE utf8mb3_unicode_ci NOT NULL,
  `revoked` tinyint(1) NOT NULL,
  `expires_at` datetime DEFAULT NULL,
  PRIMARY KEY (`id`),
  KEY `oauth_refresh_tokens_access_token_id_index` (`access_token_id`)
) ENGINE=InnoDB DEFAULT CHARSET=utf8mb3 COLLATE=utf8mb3_unicode_ci;



# Dump of table options
# ------------------------------------------------------------

DROP TABLE IF EXISTS `options`;

CREATE TABLE `options` (
  `id` int(10) unsigned NOT NULL AUTO_INCREMENT,
  `option_name` varchar(255) COLLATE utf8mb3_unicode_ci NOT NULL,
  `option_value` longtext COLLATE utf8mb3_unicode_ci DEFAULT NULL,
  `autoload` tinyint(1) NOT NULL DEFAULT 1,
  `created_at` timestamp NULL DEFAULT NULL,
  `updated_at` timestamp NULL DEFAULT NULL,
  PRIMARY KEY (`id`)
) ENGINE=InnoDB DEFAULT CHARSET=utf8mb3 COLLATE=utf8mb3_unicode_ci;

/*!40000 ALTER TABLE `options` DISABLE KEYS */;

INSERT INTO `options` (`id`, `option_name`, `option_value`, `autoload`, `created_at`, `updated_at`)
VALUES
	(1,'trending_categories','a:3:{i:0;i:19;i:1;i:34;i:2;i:5;}',1,'2022-08-02 18:57:43','2022-08-02 18:57:43'),
	(2,'trending_keywords','a:8:{i:0;s:7:\"aperiam\";i:1;s:4:\"iste\";i:2;s:3:\"aut\";i:3;s:5:\"porro\";i:4;s:9:\"iPhone 13\";i:5;s:8:\"Galuxy S\";i:6;s:5:\"omnis\";i:7;s:9:\"provident\";}',1,'2022-08-02 18:57:43','2022-08-02 18:57:43'),
	(3,'promotional_tagline','a:2:{s:4:\"text\";s:24:\"FLASH SALE 40% Discount!\";s:10:\"action_url\";s:1:\"/\";}',1,'2022-08-02 18:57:43','2022-08-02 18:57:43'),
	(4,'featured_items','a:10:{i:0;i:90;i:1;i:37;i:2;i:11;i:3;i:9;i:4;i:73;i:5;i:43;i:6;i:59;i:7;i:62;i:8;i:12;i:9;i:55;}',1,'2022-08-02 18:57:43','2022-08-02 18:57:43'),
	(5,'featured_brands','a:3:{i:0;i:9;i:1;i:11;i:2;i:12;}',1,'2022-08-02 18:57:43','2022-08-02 18:57:43'),
	(6,'deal_of_the_day','85',1,'2022-08-02 18:57:43','2022-08-02 18:57:43'),
	(7,'best_finds_under','99',1,'2022-08-03 19:00:56','2022-08-03 19:00:56'),
	(8,'flashdeal_items','a:4:{s:10:\"start_time\";O:13:\"Carbon\\Carbon\":3:{s:4:\"date\";s:26:\"2022-08-01 19:12:00.000000\";s:13:\"timezone_type\";i:3;s:8:\"timezone\";s:13:\"Europe/London\";}s:8:\"end_time\";O:13:\"Carbon\\Carbon\":3:{s:4:\"date\";s:26:\"2023-05-18 19:12:00.000000\";s:13:\"timezone_type\";i:3;s:8:\"timezone\";s:13:\"Europe/London\";}s:8:\"listings\";a:12:{i:0;s:1:\"4\";i:1;s:2:\"14\";i:2;s:2:\"15\";i:3;s:2:\"18\";i:4;s:2:\"20\";i:5;s:2:\"25\";i:6;s:2:\"35\";i:7;s:2:\"69\";i:8;s:2:\"74\";i:9;s:2:\"83\";i:10;s:2:\"86\";i:11;s:2:\"91\";}s:8:\"featured\";a:2:{i:0;s:2:\"24\";i:1;s:2:\"90\";}}',1,'2022-08-03 19:15:21','2022-08-03 19:15:21'),
	(9,'searchAutocomplete_settings','a:3:{s:8:\"min_char\";i:3;s:10:\"max_result\";i:10;s:9:\"show_char\";i:50;}',1,'2022-08-03 19:03:20','2022-08-03 19:03:20'),
	(10,'searchAutocomplete_css','/*autocomplete search css*/\n.search-box__dropdown {\n  position: absolute;\n  top: 100%;\n  left: -1px;\n  width: 100%;\n  border: 1px solid #868e8e;\n  box-shadow: 0 1px 4px rgba(0, 0, 0, 0.15);\n  padding: 10px;\n  opacity: 0;\n  z-index: 99;\n  background: #fff;\n  visibility: hidden;\n  -webkit-transition: opacity 0.3s ease-in-out;\n  -moz-transition: opacity 0.3s ease-in-out;\n  -ms-transition: opacity 0.3s ease-in-out;\n  -o-transition: opacity 0.3s ease-in-out;\n  transition: opacity 0.3s ease-in-out;\n  -webkit-transform: translate(0, 10px) 0;\n  -moz-transform: translate(0, 10px) 0;\n  -ms-transform: translate(0, 10px) 0;\n  -o-transform: translate(0, 10px) 0;\n  transform: translate(0, 10px) 0;\n  -webkit-border-radius: 6px;\n  -moz-border-radius: 6px;\n  -ms-border-radius: 6px;\n  -o-border-radius: 6px;\n  border-radius: 6px;\n}\n\n.search-box__dropdown.active {\n  opacity: 1;\n  visibility: visible;\n  -webkit-transform: translate(0, 0);\n  -moz-transform: translate(0, 0);\n  -ms-transform: translate(0, 0);\n  -o-transform: translate(0, 0);\n  transform: translate(0, 0);\n}\n\n.search-box__dropdown ul {\n  display: -webkit-flex;\n  display: -webkit-box;\n  display: -moz-flex;\n  display: -moz-box;\n  display: -ms-flexbox;\n  display: flex;\n  -webkit-flex-direction: column;\n  -moz-flex-direction: column;\n  -ms-flex-direction: column;\n  -o-flex-direction: column;\n  flex-direction: column;\n}\n\n.search-box__dropdown ul a {\n  font-weight: normal;\n  font-size: 16px;\n  line-height: 32px;\n  color: #333e48;\n}\n\n.search-box__dropdown ul a img {\n  height: 30px;\n  width: 30px;\n}\n\n.search-box__dropdown ul li {\n  margin-bottom: 5px;\n}\n',1,'2022-08-03 19:03:20','2022-08-03 19:03:20'),
	(11,'wallet_min_withdrawal_limit','100',1,'2022-08-03 19:04:28','2022-08-03 19:04:28'),
	(12,'wallet_payment_methods','a:2:{i:0;s:1:\"1\";i:1;s:1:\"2\";}',1,'2022-08-03 19:04:28','2022-08-03 19:04:28'),
	(13,'wallet_checkout','1',1,'2022-08-03 19:04:28','2022-08-03 19:04:28'),
	(14,'wallet_payment_info_cod','Manual payment info. Edit in wallet settings section.',1,'2022-08-03 19:04:28','2022-08-03 19:04:28'),
	(15,'wallet_payment_info_wire','Manual payment instructions. Edit in wallet settings section.',1,'2022-08-03 19:04:28','2022-08-03 19:04:28'),
	(16,'wallet_payment_instructions_cod','Manual payment instructions. Edit in wallet settings section.',1,'2022-08-03 19:04:28','2022-08-03 19:04:28'),
	(17,'wallet_payment_instructions_wire','Manual payment instructions. Edit in wallet settings section.',1,'2022-08-03 19:04:28','2022-08-03 19:04:28'),
	(18,'wallet_payout_fee','Payout Fee',1,'2022-08-03 19:04:28','2022-08-03 19:04:28'),
	(19,'trendingKeywords_keywords','a:7:{i:0;s:3:\"new\";i:1;s:4:\"nice\";i:2;s:7:\"stylish\";i:3;s:4:\"Eius\";i:4;s:7:\"Commodi\";i:5;s:5:\"ipsum\";i:6;s:7:\"laborum\";}',1,'2022-08-03 19:05:13','2022-08-03 19:17:57'),
	(20,'dynamicCommission_milestones','a:5:{i:0;a:2:{s:9:\"milestone\";s:1:\"0\";s:10:\"commission\";s:2:\"11\";}i:1;a:2:{s:9:\"milestone\";s:3:\"501\";s:10:\"commission\";s:3:\"9.5\";}i:2;a:2:{s:9:\"milestone\";s:4:\"1001\";s:10:\"commission\";s:1:\"8\";}i:3;a:2:{s:9:\"milestone\";s:5:\"10000\";s:10:\"commission\";s:1:\"5\";}i:4;a:2:{s:9:\"milestone\";s:5:\"50000\";s:10:\"commission\";s:1:\"3\";}}',1,'2022-08-03 19:23:35','2022-08-04 16:19:54'),
	(21,'dynamicCommission_reset_on_payout','0',1,'2022-08-03 19:23:35','2022-08-03 19:23:35'),
	(22,'inspector_keywords','a:4:{i:0;s:4:\"Nude\";i:1;s:5:\"nudes\";i:2;s:7:\"violent\";i:3;s:8:\"violence\";}',1,'2022-08-03 19:23:49','2022-08-03 19:23:49');

/*!40000 ALTER TABLE `options` ENABLE KEYS */;


# Dump of table order_items
# ------------------------------------------------------------

DROP TABLE IF EXISTS `order_items`;

CREATE TABLE `order_items` (
  `order_id` bigint(20) unsigned NOT NULL,
  `inventory_id` bigint(20) unsigned DEFAULT NULL,
  `item_description` longtext COLLATE utf8mb3_unicode_ci NOT NULL,
  `quantity` int(10) unsigned NOT NULL,
  `unit_price` decimal(20,6) NOT NULL,
  `feedback_id` bigint(20) unsigned DEFAULT NULL,
  `created_at` timestamp NULL DEFAULT NULL,
  `updated_at` timestamp NULL DEFAULT NULL,
  KEY `order_items_order_id_index` (`order_id`),
  KEY `order_items_inventory_id_index` (`inventory_id`),
  CONSTRAINT `order_items_inventory_id_foreign` FOREIGN KEY (`inventory_id`) REFERENCES `inventories` (`id`) ON DELETE SET NULL,
  CONSTRAINT `order_items_order_id_foreign` FOREIGN KEY (`order_id`) REFERENCES `orders` (`id`) ON DELETE CASCADE
) ENGINE=InnoDB DEFAULT CHARSET=utf8mb3 COLLATE=utf8mb3_unicode_ci;

/*!40000 ALTER TABLE `order_items` DISABLE KEYS */;

INSERT INTO `order_items` (`order_id`, `inventory_id`, `item_description`, `quantity`, `unit_price`, `feedback_id`, `created_at`, `updated_at`)
VALUES
	(1,56,'Aut ut quia est ut quo molestiae voluptatem. - New',3,370.800000,NULL,'2022-08-02 18:57:43','2022-08-02 18:57:43'),
	(1,100,'Impedit itaque sint enim quia aut. - Refurbished',1,483.000000,NULL,'2022-08-02 18:57:43','2022-08-02 18:57:43'),
	(2,65,'Quis eum ipsum ullam nemo. - Used',1,477.900000,NULL,'2022-08-02 18:57:43','2022-08-02 18:57:43'),
	(2,78,'Eligendi id placeat omnis aut nam dolorem reiciendis. - New',1,270.507200,NULL,'2022-08-02 18:57:43','2022-08-02 18:57:43'),
	(2,90,'Adipisci doloremque veniam ipsa itaque. - New',1,264.419300,NULL,'2022-08-02 18:57:43','2022-08-02 18:57:43'),
	(2,105,'Praesentium distinctio itaque esse voluptatem aliquam. - Refurbished',2,37.000000,NULL,'2022-08-02 18:57:43','2022-08-02 18:57:43'),
	(3,36,'Sint quia quia quo commodi. - Refurbished',1,410.409000,NULL,'2022-08-02 18:57:43','2022-08-02 18:57:43'),
	(3,53,'Quae deserunt voluptatibus sed. - Used',2,367.980795,NULL,'2022-08-02 18:57:43','2022-08-02 18:57:43'),
	(4,11,'Reiciendis vitae id consectetur voluptatem qui quia. - Used',1,424.658121,NULL,'2022-08-02 18:57:43','2022-08-02 18:57:43'),
	(4,53,'Quae deserunt voluptatibus sed. - Used',3,367.980795,NULL,'2022-08-02 18:57:43','2022-08-02 18:57:43'),
	(5,17,'In id rem quam temporibus totam. - New',3,336.695000,NULL,'2022-08-02 18:57:43','2022-08-02 18:57:43'),
	(5,25,'Voluptas nesciunt nostrum non voluptatem. - Used',3,237.686165,NULL,'2022-08-02 18:57:43','2022-08-02 18:57:43'),
	(5,53,'Quae deserunt voluptatibus sed. - Used',3,367.980795,NULL,'2022-08-02 18:57:43','2022-08-02 18:57:43'),
	(6,82,'Architecto aut sit qui enim. - Used',1,315.188074,NULL,'2022-08-02 18:57:43','2022-08-02 18:57:43'),
	(6,102,'Iusto laboriosam non rerum dicta nemo. - Used',2,29.000000,NULL,'2022-08-02 18:57:43','2022-08-02 18:57:43'),
	(7,18,'Pariatur corporis asperiores odit aut laudantium sed. - Used',3,546.922975,NULL,'2022-08-02 18:57:43','2022-08-02 18:57:43'),
	(7,27,'Molestiae quo autem laborum hic odio possimus temporibus. - Refurbished',3,526.187479,NULL,'2022-08-02 18:57:43','2022-08-02 18:57:43'),
	(7,101,'Sunt nam sapiente facere suscipit. - New',1,287.685300,NULL,'2022-08-02 18:57:43','2022-08-02 18:57:43'),
	(7,104,'Modi omnis vel facilis ut eos ut. - New',1,26.000000,NULL,'2022-08-02 18:57:43','2022-08-02 18:57:43'),
	(8,32,'Sunt ab error quis nulla unde magnam non. - Used',1,482.674660,NULL,'2022-08-02 18:57:43','2022-08-02 18:57:43'),
	(8,34,'Et incidunt autem non incidunt laboriosam aut asperiores. - New',3,262.254040,NULL,'2022-08-02 18:57:43','2022-08-02 18:57:43'),
	(8,54,'Qui enim rerum beatae hic. - New',3,270.465171,NULL,'2022-08-02 18:57:43','2022-08-02 18:57:43'),
	(8,107,'Repellendus vero sed quo illo rerum. - Used',2,67.000000,NULL,'2022-08-02 18:57:43','2022-08-02 18:57:43'),
	(9,3,'Aliquid dicta maiores consectetur maxime ducimus. - Refurbished',1,467.000000,NULL,'2022-08-02 18:57:43','2022-08-02 18:57:43'),
	(9,50,'Qui eos qui nihil suscipit esse velit magni. - Used',2,273.887300,NULL,'2022-08-02 18:57:43','2022-08-02 18:57:43'),
	(9,82,'Architecto aut sit qui enim. - Used',2,315.188074,NULL,'2022-08-02 18:57:43','2022-08-02 18:57:43'),
	(10,4,'Veniam facere deleniti est quo nesciunt. - Refurbished',2,421.600000,NULL,'2022-08-02 18:57:43','2022-08-02 18:57:43'),
	(10,26,'Quae error cum aliquid quo hic ut ut. - Used',3,277.127117,NULL,'2022-08-02 18:57:43','2022-08-02 18:57:43'),
	(10,75,'Quam quam iste deleniti nulla numquam nostrum. - New',2,105.790460,NULL,'2022-08-02 18:57:43','2022-08-02 18:57:43'),
	(11,7,'Et assumenda animi fugiat recusandae reiciendis molestiae est. - Used',2,331.586812,NULL,'2022-08-02 18:57:43','2022-08-02 18:57:43'),
	(11,43,'Corrupti tenetur incidunt a illo. - New',1,510.444384,NULL,'2022-08-02 18:57:43','2022-08-02 18:57:43'),
	(11,48,'Aperiam voluptas exercitationem enim ad dolore. - Used',3,349.405068,NULL,'2022-08-02 18:57:43','2022-08-02 18:57:43'),
	(11,80,'Quos sed cumque rem et. - New',3,349.300000,NULL,'2022-08-02 18:57:43','2022-08-02 18:57:43'),
	(12,6,'Rerum velit inventore et et in omnis quia. - Refurbished',2,124.317300,NULL,'2022-08-02 18:57:43','2022-08-02 18:57:43'),
	(12,12,'Quia nisi facilis voluptatem quia ducimus saepe explicabo. - Refurbished',2,334.321406,NULL,'2022-08-02 18:57:43','2022-08-02 18:57:43'),
	(13,9,'Ex aut sapiente harum unde dicta velit unde quia. - Used',1,307.454815,NULL,'2022-08-02 18:57:43','2022-08-02 18:57:43'),
	(13,51,'Qui et fugiat voluptatem possimus. - New',1,380.979000,NULL,'2022-08-02 18:57:43','2022-08-02 18:57:43'),
	(13,86,'Veniam distinctio vitae expedita eos qui explicabo possimus. - New',1,333.930073,NULL,'2022-08-02 18:57:43','2022-08-02 18:57:43'),
	(13,106,'Repellendus veniam asperiores exercitationem et aut sit. - Used',3,18.000000,NULL,'2022-08-02 18:57:43','2022-08-02 18:57:43'),
	(14,3,'Aliquid dicta maiores consectetur maxime ducimus. - Refurbished',3,467.000000,NULL,'2022-08-02 18:57:43','2022-08-02 18:57:43'),
	(14,21,'Nulla adipisci nobis necessitatibus deserunt. - Used',3,195.667047,NULL,'2022-08-02 18:57:43','2022-08-02 18:57:43'),
	(14,23,'Quia omnis labore ipsam eligendi aut dolorum ducimus eum. - Refurbished',2,80.000000,NULL,'2022-08-02 18:57:43','2022-08-02 18:57:43'),
	(14,102,'Iusto laboriosam non rerum dicta nemo. - Used',2,29.000000,NULL,'2022-08-02 18:57:43','2022-08-02 18:57:43'),
	(15,52,'Pariatur ab ad eius ex. - Refurbished',3,478.638266,NULL,'2022-08-02 18:57:43','2022-08-02 18:57:43'),
	(15,73,'Dolore exercitationem corporis distinctio ad saepe. - New',2,243.496020,NULL,'2022-08-02 18:57:43','2022-08-02 18:57:43');

/*!40000 ALTER TABLE `order_items` ENABLE KEYS */;


# Dump of table orders
# ------------------------------------------------------------

DROP TABLE IF EXISTS `orders`;

CREATE TABLE `orders` (
  `id` bigint(20) unsigned NOT NULL AUTO_INCREMENT,
  `order_number` varchar(255) COLLATE utf8mb3_unicode_ci DEFAULT NULL,
  `shop_id` int(10) unsigned DEFAULT NULL,
  `delivery_boy_id` int(10) unsigned DEFAULT NULL,
  `customer_id` bigint(20) unsigned DEFAULT NULL,
  `ship_to` int(10) unsigned DEFAULT NULL,
  `shipping_zone_id` int(10) unsigned DEFAULT NULL,
  `shipping_rate_id` int(10) unsigned DEFAULT NULL,
  `packaging_id` int(10) unsigned DEFAULT NULL,
  `item_count` int(10) unsigned NOT NULL,
  `quantity` int(10) unsigned NOT NULL,
  `taxrate` decimal(20,6) DEFAULT NULL,
  `shipping_weight` decimal(20,6) DEFAULT NULL,
  `total` decimal(20,6) DEFAULT NULL,
  `discount` decimal(20,6) DEFAULT NULL,
  `shipping` decimal(20,6) DEFAULT NULL,
  `packaging` decimal(20,6) DEFAULT NULL,
  `handling` decimal(20,6) DEFAULT NULL,
  `taxes` decimal(20,6) DEFAULT NULL,
  `grand_total` decimal(20,6) DEFAULT NULL,
  `billing_address` text COLLATE utf8mb3_unicode_ci DEFAULT NULL,
  `shipping_address` text COLLATE utf8mb3_unicode_ci DEFAULT NULL,
  `fulfilment_type` enum('deliver','pickup') COLLATE utf8mb3_unicode_ci NOT NULL DEFAULT 'deliver',
  `payment_instruction` text COLLATE utf8mb3_unicode_ci DEFAULT NULL,
  `email` varchar(255) COLLATE utf8mb3_unicode_ci DEFAULT NULL,
  `customer_phone_number` varchar(255) COLLATE utf8mb3_unicode_ci DEFAULT NULL,
  `shipping_date` date DEFAULT NULL,
  `delivery_date` date DEFAULT NULL,
  `tracking_id` varchar(255) COLLATE utf8mb3_unicode_ci DEFAULT NULL,
  `coupon_id` bigint(20) unsigned DEFAULT NULL,
  `carrier_id` int(10) unsigned DEFAULT NULL,
  `payment_status` int(11) NOT NULL DEFAULT 1,
  `payment_ref_id` varchar(255) COLLATE utf8mb3_unicode_ci DEFAULT NULL,
  `payment_method_id` int(10) unsigned NOT NULL,
  `order_status_id` int(10) unsigned NOT NULL DEFAULT 1,
  `message_to_customer` text COLLATE utf8mb3_unicode_ci DEFAULT NULL,
  `send_invoice_to_customer` tinyint(1) DEFAULT NULL,
  `admin_note` text COLLATE utf8mb3_unicode_ci DEFAULT NULL,
  `buyer_note` text COLLATE utf8mb3_unicode_ci DEFAULT NULL,
  `goods_received` tinyint(1) DEFAULT NULL,
  `approved` tinyint(1) DEFAULT NULL,
  `disputed` tinyint(1) DEFAULT NULL,
  `feedback_id` bigint(20) unsigned DEFAULT NULL,
  `device_id` char(40) COLLATE utf8mb3_unicode_ci DEFAULT NULL,
  `deleted_at` timestamp NULL DEFAULT NULL,
  `created_at` timestamp NULL DEFAULT NULL,
  `updated_at` timestamp NULL DEFAULT NULL,
  `razorpay_order_id` text COLLATE utf8mb3_unicode_ci DEFAULT NULL,
  `razorpay_payment_id` text COLLATE utf8mb3_unicode_ci DEFAULT NULL,
  `razorpay_signature` text COLLATE utf8mb3_unicode_ci DEFAULT NULL,
  PRIMARY KEY (`id`),
  KEY `orders_customer_id_foreign` (`customer_id`),
  CONSTRAINT `orders_customer_id_foreign` FOREIGN KEY (`customer_id`) REFERENCES `customers` (`id`) ON DELETE SET NULL
) ENGINE=InnoDB DEFAULT CHARSET=utf8mb3 COLLATE=utf8mb3_unicode_ci;

/*!40000 ALTER TABLE `orders` DISABLE KEYS */;

INSERT INTO `orders` (`id`, `order_number`, `shop_id`, `delivery_boy_id`, `customer_id`, `ship_to`, `shipping_zone_id`, `shipping_rate_id`, `packaging_id`, `item_count`, `quantity`, `taxrate`, `shipping_weight`, `total`, `discount`, `shipping`, `packaging`, `handling`, `taxes`, `grand_total`, `billing_address`, `shipping_address`, `fulfilment_type`, `payment_instruction`, `email`, `customer_phone_number`, `shipping_date`, `delivery_date`, `tracking_id`, `coupon_id`, `carrier_id`, `payment_status`, `payment_ref_id`, `payment_method_id`, `order_status_id`, `message_to_customer`, `send_invoice_to_customer`, `admin_note`, `buyer_note`, `goods_received`, `approved`, `disputed`, `feedback_id`, `device_id`, `deleted_at`, `created_at`, `updated_at`, `razorpay_order_id`, `razorpay_payment_id`, `razorpay_signature`)
VALUES
	(1,'#180700',2,NULL,11,NULL,NULL,12,NULL,2,4,NULL,3954.000000,1595.400000,NULL,3.000000,NULL,NULL,NULL,1598.400000,'<address>5876 Zulauf Well<br/>Morris Ways<br/>Sisterside, <br/> 18766-8046<br/><abbr title=\"Phone\">P:</abbr> +1.283.389.4871</address>','<address>5876 Zulauf Well<br/>Morris Ways<br/>Sisterside, <br/> 18766-8046<br/><abbr title=\"Phone\">P:</abbr> +1.283.389.4871</address>','deliver',NULL,NULL,NULL,NULL,NULL,'RR123456789CN',NULL,NULL,1,NULL,4,1,NULL,NULL,'Possimus iste omnis non et quam.','Voluptatem vitae et cum eveniet iure sapiente.',NULL,NULL,NULL,NULL,NULL,NULL,'2022-07-21 18:57:50','2022-07-21 18:57:50',NULL,NULL,NULL),
	(2,'#746018',5,NULL,14,NULL,NULL,47,NULL,4,5,NULL,5532.000000,1086.826500,NULL,8.000000,NULL,NULL,NULL,1094.826500,'<address>146 Freddie Light Apt. 641<br/>Violet Ville<br/>Lake Pamelafurt, <br/> 66483-9624<br/><abbr title=\"Phone\">P:</abbr> +1-747-686-9217</address>','<address>146 Freddie Light Apt. 641<br/>Violet Ville<br/>Lake Pamelafurt, <br/> 66483-9624<br/><abbr title=\"Phone\">P:</abbr> +1-747-686-9217</address>','deliver',NULL,NULL,NULL,NULL,NULL,'RR123456789CN',NULL,NULL,1,NULL,2,1,NULL,NULL,'Et autem sit quas ut aut.','Molestiae quae dolor amet qui neque ipsam.',NULL,NULL,NULL,NULL,NULL,NULL,'2022-07-21 18:57:50','2022-07-21 18:57:50',NULL,NULL,NULL),
	(3,'#686739',4,NULL,8,NULL,NULL,44,NULL,2,3,NULL,2963.000000,1146.370590,NULL,1.000000,NULL,NULL,NULL,1147.370590,'<address>88972 Schowalter Branch<br/>Precious Streets<br/>Trantowside, <br/> 16607-2322<br/><abbr title=\"Phone\">P:</abbr> (469) 408-1777</address>','<address>88972 Schowalter Branch<br/>Precious Streets<br/>Trantowside, <br/> 16607-2322<br/><abbr title=\"Phone\">P:</abbr> (469) 408-1777</address>','deliver',NULL,NULL,NULL,NULL,NULL,'RR123456789CN',NULL,NULL,1,NULL,3,1,NULL,NULL,'Id ut sunt et adipisci sunt quaerat aperiam quo.','Occaecati dicta ipsum dolorem nulla officiis voluptates.',NULL,NULL,NULL,NULL,NULL,NULL,'2022-07-28 18:57:50','2022-07-28 18:57:50',NULL,NULL,NULL),
	(4,'#247468',4,NULL,6,NULL,NULL,23,NULL,2,4,NULL,5692.000000,1528.600506,NULL,9.000000,NULL,NULL,NULL,1537.600506,'<address>4296 Kenyatta Mount Apt. 269<br/>Zieme Grove<br/>Lydaborough, <br/>Corse 98689-6543<br/><abbr title=\"Phone\">P:</abbr> 806.690.8834</address>','<address>4296 Kenyatta Mount Apt. 269<br/>Zieme Grove<br/>Lydaborough, <br/>Corse 98689-6543<br/><abbr title=\"Phone\">P:</abbr> 806.690.8834</address>','deliver',NULL,NULL,NULL,NULL,NULL,'RR123456789CN',NULL,NULL,1,NULL,1,1,NULL,NULL,'Non explicabo facere sed.','Magnam qui aut quo laboriosam eum error consequatur enim.',NULL,NULL,NULL,NULL,NULL,NULL,'2022-07-23 18:57:50','2022-07-23 18:57:50',NULL,NULL,NULL),
	(5,'#496533',4,NULL,4,NULL,NULL,28,NULL,3,9,NULL,12462.000000,2827.085880,NULL,4.000000,NULL,NULL,NULL,2831.085880,'<address>5606 Ida Radial Apt. 734<br/>Lueilwitz Coves<br/>South Edna, <br/> 90806-6337<br/><abbr title=\"Phone\">P:</abbr> 385-338-8251</address>','<address>5606 Ida Radial Apt. 734<br/>Lueilwitz Coves<br/>South Edna, <br/> 90806-6337<br/><abbr title=\"Phone\">P:</abbr> 385-338-8251</address>','deliver',NULL,NULL,NULL,NULL,NULL,'RR123456789CN',NULL,NULL,1,NULL,2,1,NULL,NULL,'Possimus ut laborum placeat veritatis saepe deserunt aut iste.','Explicabo dolorem culpa odit ut cupiditate eligendi et.',NULL,NULL,NULL,NULL,NULL,NULL,'2022-07-30 18:57:50','2022-07-30 18:57:50',NULL,NULL,NULL),
	(6,'#474262',3,NULL,11,NULL,NULL,26,NULL,2,3,NULL,1928.000000,373.188074,NULL,5.000000,NULL,NULL,NULL,378.188074,'<address>5876 Zulauf Well<br/>Morris Ways<br/>Sisterside, <br/> 18766-8046<br/><abbr title=\"Phone\">P:</abbr> +1.283.389.4871</address>','<address>5876 Zulauf Well<br/>Morris Ways<br/>Sisterside, <br/> 18766-8046<br/><abbr title=\"Phone\">P:</abbr> +1.283.389.4871</address>','deliver',NULL,NULL,NULL,NULL,NULL,'RR123456789CN',NULL,NULL,1,NULL,1,1,NULL,NULL,'Illum necessitatibus quia distinctio quia.','Minima iure et eveniet voluptatibus et et qui maiores.',NULL,NULL,NULL,NULL,NULL,NULL,'2022-08-01 18:57:50','2022-08-01 18:57:50',NULL,NULL,NULL),
	(7,'#488139',5,NULL,10,NULL,NULL,15,NULL,4,8,NULL,9436.000000,3533.016662,NULL,8.000000,NULL,NULL,NULL,3541.016662,'<address>51889 Kole Mission<br/>Wisoky Springs<br/>Spencerview, <br/> 48088<br/><abbr title=\"Phone\">P:</abbr> 1-657-445-1455</address>','<address>51889 Kole Mission<br/>Wisoky Springs<br/>Spencerview, <br/> 48088<br/><abbr title=\"Phone\">P:</abbr> 1-657-445-1455</address>','deliver',NULL,NULL,NULL,NULL,NULL,'RR123456789CN',NULL,NULL,1,NULL,1,1,NULL,NULL,'Maiores aspernatur corporis totam veniam sequi.','Atque accusantium fugiat officia eligendi dolorum.',NULL,NULL,NULL,NULL,NULL,NULL,'2022-07-31 18:57:50','2022-07-31 18:57:50',NULL,NULL,NULL),
	(8,'#032872',2,NULL,7,NULL,NULL,49,NULL,4,9,NULL,12860.000000,2214.832293,NULL,7.000000,NULL,NULL,NULL,2221.832293,'<address>98879 Bud Groves Apt. 375<br/>Geraldine Port<br/>Rowehaven, <br/>Kampong Thum 79605-3218<br/><abbr title=\"Phone\">P:</abbr> +1-631-513-2222</address>','<address>98879 Bud Groves Apt. 375<br/>Geraldine Port<br/>Rowehaven, <br/>Kampong Thum 79605-3218<br/><abbr title=\"Phone\">P:</abbr> +1-631-513-2222</address>','deliver',NULL,NULL,NULL,NULL,NULL,'RR123456789CN',NULL,NULL,1,NULL,2,1,NULL,NULL,'Sit praesentium possimus vel cum saepe.','Ut provident ducimus voluptatem qui explicabo culpa.',NULL,NULL,NULL,NULL,NULL,NULL,'2022-07-05 18:57:50','2022-07-05 18:57:50',NULL,NULL,NULL),
	(9,'#000830',3,NULL,13,NULL,NULL,38,NULL,3,5,NULL,5073.000000,1645.150748,NULL,5.000000,NULL,NULL,NULL,1650.150748,'<address>79160 Addison Views Suite 003<br/>Stevie Mountain<br/>North Chloe, <br/> 52366-7864<br/><abbr title=\"Phone\">P:</abbr> +1-410-235-7104</address>','<address>79160 Addison Views Suite 003<br/>Stevie Mountain<br/>North Chloe, <br/> 52366-7864<br/><abbr title=\"Phone\">P:</abbr> +1-410-235-7104</address>','deliver',NULL,NULL,NULL,NULL,NULL,'RR123456789CN',NULL,NULL,1,NULL,2,1,NULL,NULL,'Vel quaerat aut commodi voluptatem earum.','Dicta dolores illo voluptas quia maxime inventore quae tempore.',NULL,NULL,NULL,NULL,NULL,NULL,'2022-07-11 18:57:50','2022-07-11 18:57:50',NULL,NULL,NULL),
	(10,'#879754',1,NULL,9,NULL,NULL,44,NULL,3,7,NULL,5416.000000,1886.162271,NULL,3.000000,NULL,NULL,NULL,1889.162271,'<address>159 Caden Mountain Suite 367<br/>Felipa Spurs<br/>Lake Aidan, <br/> 13150<br/><abbr title=\"Phone\">P:</abbr> 240.641.1285</address>','<address>159 Caden Mountain Suite 367<br/>Felipa Spurs<br/>Lake Aidan, <br/> 13150<br/><abbr title=\"Phone\">P:</abbr> 240.641.1285</address>','deliver',NULL,NULL,NULL,NULL,NULL,'RR123456789CN',NULL,NULL,1,NULL,2,1,NULL,NULL,'Saepe fuga qui aut est itaque quos.','Quod tempore blanditiis autem error eius asperiores.',NULL,NULL,NULL,NULL,NULL,NULL,'2022-07-13 18:57:50','2022-07-13 18:57:50',NULL,NULL,NULL),
	(11,'#795595',1,NULL,14,NULL,NULL,38,NULL,4,9,NULL,9103.000000,3269.733212,NULL,8.000000,NULL,NULL,NULL,3277.733212,'<address>146 Freddie Light Apt. 641<br/>Violet Ville<br/>Lake Pamelafurt, <br/> 66483-9624<br/><abbr title=\"Phone\">P:</abbr> +1-747-686-9217</address>','<address>146 Freddie Light Apt. 641<br/>Violet Ville<br/>Lake Pamelafurt, <br/> 66483-9624<br/><abbr title=\"Phone\">P:</abbr> +1-747-686-9217</address>','deliver',NULL,NULL,NULL,NULL,NULL,'RR123456789CN',NULL,NULL,1,NULL,3,1,NULL,NULL,'Suscipit et facere consequatur placeat ullam qui fuga.','Voluptas molestiae libero reiciendis dolorem harum voluptatem.',NULL,NULL,NULL,NULL,NULL,NULL,'2022-07-27 18:57:50','2022-07-27 18:57:50',NULL,NULL,NULL),
	(12,'#335223',3,NULL,1,NULL,NULL,24,NULL,2,4,NULL,5816.000000,917.277412,NULL,6.000000,NULL,NULL,NULL,923.277412,'<address>1537 Tremblay Wells<br/>Brandt Cliffs<br/>South Eusebio, <br/> 64251-3760<br/><abbr title=\"Phone\">P:</abbr> 412-933-3397</address>','<address>1537 Tremblay Wells<br/>Brandt Cliffs<br/>South Eusebio, <br/> 64251-3760<br/><abbr title=\"Phone\">P:</abbr> 412-933-3397</address>','deliver',NULL,NULL,NULL,NULL,NULL,'RR123456789CN',NULL,NULL,1,NULL,3,1,NULL,NULL,'Saepe blanditiis numquam praesentium quidem delectus quasi sed et.','Tempore ut aut itaque fuga quisquam.',NULL,NULL,NULL,NULL,NULL,NULL,'2022-08-02 18:57:50','2022-08-02 18:57:50',NULL,NULL,NULL),
	(13,'#051437',4,NULL,7,NULL,NULL,16,NULL,4,6,NULL,3008.000000,1076.363888,NULL,9.000000,NULL,NULL,NULL,1085.363888,'<address>98879 Bud Groves Apt. 375<br/>Geraldine Port<br/>Rowehaven, <br/>Kampong Thum 79605-3218<br/><abbr title=\"Phone\">P:</abbr> +1-631-513-2222</address>','<address>98879 Bud Groves Apt. 375<br/>Geraldine Port<br/>Rowehaven, <br/>Kampong Thum 79605-3218<br/><abbr title=\"Phone\">P:</abbr> +1-631-513-2222</address>','deliver',NULL,NULL,NULL,NULL,NULL,'RR123456789CN',NULL,NULL,1,NULL,3,1,NULL,NULL,'Sit maiores molestiae soluta magnam earum.','Cum accusamus in magnam sit.',NULL,NULL,NULL,NULL,NULL,NULL,'2022-07-27 18:57:50','2022-07-27 18:57:50',NULL,NULL,NULL),
	(14,'#809175',3,NULL,12,NULL,NULL,39,NULL,4,10,NULL,9509.000000,2206.001141,NULL,9.000000,NULL,NULL,NULL,2215.001141,'<address>2268 Ludie Burg Suite 046<br/>Pfeffer Mall<br/>Kayceeberg, <br/> 56126<br/><abbr title=\"Phone\">P:</abbr> 763-615-3061</address>','<address>2268 Ludie Burg Suite 046<br/>Pfeffer Mall<br/>Kayceeberg, <br/> 56126<br/><abbr title=\"Phone\">P:</abbr> 763-615-3061</address>','deliver',NULL,NULL,NULL,NULL,NULL,'RR123456789CN',NULL,NULL,1,NULL,3,1,NULL,NULL,'Itaque aliquam quod quam nam accusamus minus.','Commodi ad eos quia aut omnis omnis eum iste.',NULL,NULL,NULL,NULL,NULL,NULL,'2022-07-19 18:57:50','2022-07-19 18:57:50',NULL,NULL,NULL),
	(15,'#952515',1,NULL,5,NULL,NULL,25,NULL,2,5,NULL,2124.000000,1922.906838,NULL,4.000000,NULL,NULL,NULL,1926.906838,'<address>69481 Quitzon Trail<br/>Parker Drives<br/>Rosenbaumview, <br/> 51056-6386<br/><abbr title=\"Phone\">P:</abbr> +19474510747</address>','<address>69481 Quitzon Trail<br/>Parker Drives<br/>Rosenbaumview, <br/> 51056-6386<br/><abbr title=\"Phone\">P:</abbr> +19474510747</address>','deliver',NULL,NULL,NULL,NULL,NULL,'RR123456789CN',NULL,NULL,1,NULL,2,1,NULL,NULL,'Maiores labore delectus et veritatis.','Voluptatum repellat velit non et velit.',NULL,NULL,NULL,NULL,NULL,NULL,'2022-07-08 18:57:50','2022-07-08 18:57:50',NULL,NULL,NULL);

/*!40000 ALTER TABLE `orders` ENABLE KEYS */;


# Dump of table packages
# ------------------------------------------------------------

DROP TABLE IF EXISTS `packages`;

CREATE TABLE `packages` (
  `id` int(10) unsigned NOT NULL AUTO_INCREMENT,
  `slug` varchar(255) COLLATE utf8mb3_unicode_ci NOT NULL,
  `name` varchar(255) COLLATE utf8mb3_unicode_ci DEFAULT NULL,
  `description` varchar(255) COLLATE utf8mb3_unicode_ci DEFAULT NULL,
  `compatible` varchar(255) COLLATE utf8mb3_unicode_ci DEFAULT NULL,
  `dependency` varchar(255) COLLATE utf8mb3_unicode_ci DEFAULT NULL,
  `version` varchar(255) COLLATE utf8mb3_unicode_ci NOT NULL DEFAULT '1',
  `license_key` varchar(255) COLLATE utf8mb3_unicode_ci NOT NULL,
  `installation_key` varchar(255) COLLATE utf8mb3_unicode_ci NOT NULL,
  `installation_hash` varchar(255) COLLATE utf8mb3_unicode_ci NOT NULL,
  `lcd` varchar(255) COLLATE utf8mb3_unicode_ci NOT NULL,
  `lrd` varchar(255) COLLATE utf8mb3_unicode_ci NOT NULL,
  `active` tinyint(1) DEFAULT 0,
  `icon` varchar(255) COLLATE utf8mb3_unicode_ci DEFAULT NULL,
  `created_at` timestamp NULL DEFAULT NULL,
  `updated_at` timestamp NULL DEFAULT NULL,
  PRIMARY KEY (`id`)
) ENGINE=InnoDB DEFAULT CHARSET=utf8mb3 COLLATE=utf8mb3_unicode_ci;

/*!40000 ALTER TABLE `packages` DISABLE KEYS */;

INSERT INTO `packages` (`id`, `slug`, `name`, `description`, `compatible`, `dependency`, `version`, `license_key`, `installation_key`, `installation_hash`, `lcd`, `lrd`, `active`, `icon`, `created_at`, `updated_at`)
VALUES
	(1,'wishlist','Wishlist','A Package to add product on wishlist','2.6.0','','1.0.0','1111-1111-1111-1111','','','','',1,'heart','2022-08-03 19:01:57','2022-08-03 19:02:04'),
	(2,'trendingKeywords','Trending Search Keywords','A Package to set trending search keywords to boost conversion.','2.6.0','','1.0.0','1111-1111-1111-1111','','','','',1,'bolt','2022-08-03 19:02:11','2022-08-03 19:04:18'),
	(3,'announcement','Announcement','A Package to set a global announcement notification','2.6.0','','1.0.1','1111-1111-1111-1111','','','','',1,'bolt','2022-08-03 19:02:18','2022-08-03 19:02:58'),
	(4,'coupons','Coupons','A Package to add coupon feature in the site ','2.6.0','','1.0.0','1111-1111-1111-1111','','','','',1,'gift','2022-08-03 19:02:26','2022-08-03 19:03:01'),
	(5,'eventy','Eventy','Manage events and on Phza24 platform.','2.6.0','','1.0.0','1111-1111-1111-1111','','','','',1,'calendar','2022-08-03 19:02:36','2022-08-03 19:03:03'),
	(6,'facebook-login','Sign in with Facebook','Add Sign in with Facebook option to customer registration page','2.6.1','','1.0.1','1111-1111-1111-1111','','','','',1,'facebook','2022-08-03 19:02:46','2022-08-03 19:03:40'),
	(7,'flashdeal','Flash Deal','A Package to promote products and make more sells','2.6.0','','1.4.0','1111-1111-1111-1111','','','','',1,'bolt','2022-08-03 19:02:51','2022-08-03 19:03:23'),
	(8,'googleAnalytics','Google Analytics','A package to integrtare Google Analytics on Phza24','2.6.0','','1.0.0','1111-1111-1111-1111','','','','',1,'bar-chart','2022-08-03 19:02:56','2022-08-03 19:03:08'),
	(9,'searchAutocomplete','Ajax Search Autocomplete','A Package to add auto search feature with searchbar','2.6.0','','1.0.0','1111-1111-1111-1111','','','','',1,'search','2022-08-03 19:03:20','2022-08-03 19:03:27'),
	(10,'packaging','Packaging','A Package to create various packaging from vendor and customer can purchase those packaging at the time of product purchase','2.6.0','','1.0.0','1111-1111-1111-1111','','','','',1,'gift','2022-08-03 19:03:34','2022-08-03 19:04:11'),
	(11,'google-login','Sign in with Google','Add Sign in with Google option to customer registration page','2.6.1','','1.0.1','1111-1111-1111-1111','','','','',1,'google','2022-08-03 19:03:46','2022-08-03 19:03:49'),
	(12,'guestCheckout','Guest Checkout','A Package to allow guest checkout','2.6.0','','1.0.0','1111-1111-1111-1111','','','','',1,'shopping-cart','2022-08-03 19:03:57','2022-08-03 19:04:00'),
	(13,'liveChat','Live Chat','A Package to allow user to livechat with vendor','2.6.0','','1.0.0','1111-1111-1111-1111','','','','',1,'comment','2022-08-03 19:04:05','2022-08-03 19:04:08'),
	(14,'wallet','Wallet','This is wallet module for Phza24','2.6.0','','1.4.1','1111-1111-1111-1111','','','','',1,'money','2022-08-03 19:04:23','2022-08-03 19:04:33'),
	(15,'sslcommerz','SSLCOMMERZ','A package for the sslcommerz payment method.','2.6.0','','1.1.0','1111-1111-1111-1111','','','','',1,'credit-card','2022-08-03 19:05:01','2022-08-03 19:05:01'),
	(16,'apple-login','Sign in with Apple','Add Sign in with Apple option to customer registration page','2.6.0','','1.1.0','1111-1111-1111-1111-','','','','',1,'apple','2022-08-03 19:23:14','2022-08-03 19:23:16'),
	(17,'authorizenet','Authorize.Net','A package for the Authorize.Net payment method.','2.6.0','','1.0.0','1111-1111-1111-1111-','','','','',1,'credit-card','2022-08-03 19:23:24','2022-08-03 19:23:24'),
	(18,'dynamicCommission','Dynamic Commission','A Package to configure marketplace commissions dynamically.','2.6.0','wallet','1.1.0','1111-1111-1111-1111-','','','','',1,'percent','2022-08-03 19:23:35','2022-08-03 19:23:38'),
	(19,'inspector','Inspector','A Package to block prohibited contents based on keywords','2.6.0','','1.1.0','1111-1111-1111-1111-','','','','',1,'user-secret','2022-08-03 19:23:48','2022-08-03 19:23:53'),
	(20,'paystack','Paystack','A package for the paystack payment method.','2.6.0','','1.0.1','1111-1111-1111-1111-','','','','',1,'credit-card','2022-08-03 19:23:59','2022-08-03 19:23:59'),
	(21,'checkout','One Checkout','A Phza24 package for single checkout for multiple vendor based on wallet module.','2.6.0','wallet','1.4.0','1111-1111-1111-1111-','','','','',1,'shopping-cart','2022-08-03 19:24:09','2022-08-03 19:24:36'),
	(22,'instamojo','Instamojo','A package for the instamojo payment method.','2.6.0','','1.0.0','1111-1111-1111-1111-','','','','',1,'credit-card','2022-08-03 19:24:14','2022-08-03 19:24:14'),
	(23,'razorpay','Razorpay','A package for the razorpay payment method.','2.6.0','','2.0.0','1111-1111-1111-1111-','','','','',1,'credit-card','2022-08-03 19:24:29','2022-08-03 19:24:29'),
	(24,'flutterwave','FlutterWave','A package for the flutterwave payment method.','2.6.0','','1.1.0','1111-1111-1111-1111-','','','','',1,'credit-card','2022-08-04 15:43:16','2022-08-04 15:43:16'),
	(25,'subscription','Subscription','A Phza24 package for local wallet based subscription','2.6.0','wallet','1.4.0','1111-1111-1111-1111-','','','','',1,'map-pin','2022-08-04 15:43:44','2022-08-04 15:43:50');

/*!40000 ALTER TABLE `packages` ENABLE KEYS */;


# Dump of table packagings
# ------------------------------------------------------------

DROP TABLE IF EXISTS `packagings`;

CREATE TABLE `packagings` (
  `id` int(10) unsigned NOT NULL AUTO_INCREMENT,
  `shop_id` int(10) unsigned DEFAULT NULL,
  `name` varchar(255) COLLATE utf8mb3_unicode_ci NOT NULL,
  `width` decimal(20,6) DEFAULT NULL,
  `height` decimal(20,6) DEFAULT NULL,
  `depth` decimal(20,6) DEFAULT NULL,
  `cost` decimal(20,6) DEFAULT NULL,
  `default` tinyint(1) DEFAULT NULL,
  `active` tinyint(1) NOT NULL DEFAULT 1,
  `deleted_at` timestamp NULL DEFAULT NULL,
  `created_at` timestamp NULL DEFAULT NULL,
  `updated_at` timestamp NULL DEFAULT NULL,
  PRIMARY KEY (`id`)
) ENGINE=InnoDB DEFAULT CHARSET=utf8mb3 COLLATE=utf8mb3_unicode_ci;

/*!40000 ALTER TABLE `packagings` DISABLE KEYS */;

INSERT INTO `packagings` (`id`, `shop_id`, `name`, `width`, `height`, `depth`, `cost`, `default`, `active`, `deleted_at`, `created_at`, `updated_at`)
VALUES
	(1,NULL,'Free Basic Packaging',NULL,NULL,NULL,0.000000,NULL,1,NULL,'2022-08-03 19:03:35','2022-08-03 19:03:35');

/*!40000 ALTER TABLE `packagings` ENABLE KEYS */;


# Dump of table pages
# ------------------------------------------------------------

DROP TABLE IF EXISTS `pages`;

CREATE TABLE `pages` (
  `id` int(10) unsigned NOT NULL AUTO_INCREMENT,
  `author_id` bigint(20) unsigned DEFAULT NULL,
  `title` text COLLATE utf8mb3_unicode_ci DEFAULT NULL,
  `slug` varchar(200) COLLATE utf8mb3_unicode_ci NOT NULL,
  `content` longtext COLLATE utf8mb3_unicode_ci DEFAULT NULL,
  `published_at` timestamp NULL DEFAULT NULL,
  `visibility` int(11) NOT NULL DEFAULT 1,
  `position` varchar(50) COLLATE utf8mb3_unicode_ci DEFAULT NULL,
  `deleted_at` timestamp NULL DEFAULT NULL,
  `created_at` timestamp NULL DEFAULT NULL,
  `updated_at` timestamp NULL DEFAULT NULL,
  PRIMARY KEY (`id`),
  UNIQUE KEY `pages_slug_unique` (`slug`)
) ENGINE=InnoDB DEFAULT CHARSET=utf8mb3 COLLATE=utf8mb3_unicode_ci;

/*!40000 ALTER TABLE `pages` DISABLE KEYS */;

INSERT INTO `pages` (`id`, `author_id`, `title`, `slug`, `content`, `published_at`, `visibility`, `position`, `deleted_at`, `created_at`, `updated_at`)
VALUES
	(1,1,'About us','about-us','Add your own About Us info here. You can modify this page from ADMIN PANEL >> UTILITIES >> PAGES section.','2022-08-02 18:57:43',1,'copyright_area',NULL,'2022-08-02 18:57:43','2022-08-02 18:57:43'),
	(2,1,'Contact us','contact-us','Contact details. A contact form will be added automatically with this info. You can modify this page from ADMIN PANEL >> UTILITIES >> PAGES section.','2022-08-02 18:57:43',1,'footer_3rd_column',NULL,'2022-08-02 18:57:43','2022-08-02 18:57:43'),
	(3,1,'Privacy policy','privacy-policy','Add your own privacy policy here. You can modify this page from ADMIN PANEL >> UTILITIES >> PAGES section.','2022-08-02 18:57:43',1,'copyright_area',NULL,'2022-08-02 18:57:43','2022-08-02 18:57:43'),
	(4,1,'Terms and condition for customer','terms-of-use-customer','Add your own terms and condition for customer here. You can modify this page from ADMIN PANEL >> UTILITIES >> PAGES section.','2022-08-02 18:57:43',1,'copyright_area',NULL,'2022-08-02 18:57:43','2022-08-02 18:57:43'),
	(5,1,'Terms and condition for merchant','terms-of-use-merchant','Add your own terms and condition for merchant here. You can modify this page from ADMIN PANEL >> UTILITIES >> PAGES section.','2022-08-02 18:57:43',2,'copyright_area',NULL,'2022-08-02 18:57:43','2022-08-02 18:57:43'),
	(6,1,'Return and refund policy','return-and-refund-policy','Return and refund policy. You can modify this page from ADMIN PANEL >> UTILITIES >> PAGES section.','2022-08-02 18:57:43',1,'footer_1st_column',NULL,'2022-08-02 18:57:43','2022-08-02 18:57:43'),
	(7,1,'Shipping','shipping','Shipping details. You can modify this page from ADMIN PANEL >> UTILITIES >> PAGES section.','2022-08-02 18:57:43',1,'footer_1st_column',NULL,'2022-08-02 18:57:43','2022-08-02 18:57:43'),
	(8,1,'Career','career','You can modify this page from ADMIN PANEL >> UTILITIES >> PAGES section.','2022-08-02 18:57:43',1,'footer_2nd_column',NULL,'2022-08-02 18:57:43','2022-08-02 18:57:43');

/*!40000 ALTER TABLE `pages` ENABLE KEYS */;


# Dump of table password_resets
# ------------------------------------------------------------

DROP TABLE IF EXISTS `password_resets`;

CREATE TABLE `password_resets` (
  `email` varchar(255) COLLATE utf8mb3_unicode_ci NOT NULL,
  `token` varchar(255) COLLATE utf8mb3_unicode_ci NOT NULL,
  `created_at` timestamp NOT NULL DEFAULT current_timestamp() ON UPDATE current_timestamp(),
  KEY `password_resets_email_index` (`email`),
  KEY `password_resets_token_index` (`token`)
) ENGINE=InnoDB DEFAULT CHARSET=utf8mb3 COLLATE=utf8mb3_unicode_ci;



# Dump of table payment_methods
# ------------------------------------------------------------

DROP TABLE IF EXISTS `payment_methods`;

CREATE TABLE `payment_methods` (
  `id` int(10) unsigned NOT NULL AUTO_INCREMENT,
  `code` varchar(255) COLLATE utf8mb3_unicode_ci NOT NULL,
  `name` varchar(255) COLLATE utf8mb3_unicode_ci NOT NULL,
  `type` int(11) NOT NULL,
  `split_money` tinyint(1) NOT NULL DEFAULT 0,
  `company_name` varchar(255) COLLATE utf8mb3_unicode_ci DEFAULT NULL,
  `website` text COLLATE utf8mb3_unicode_ci DEFAULT NULL,
  `help_doc_link` text COLLATE utf8mb3_unicode_ci DEFAULT NULL,
  `terms_conditions_link` text COLLATE utf8mb3_unicode_ci DEFAULT NULL,
  `description` text COLLATE utf8mb3_unicode_ci DEFAULT NULL,
  `instructions` text COLLATE utf8mb3_unicode_ci DEFAULT NULL,
  `admin_description` text COLLATE utf8mb3_unicode_ci DEFAULT NULL,
  `admin_help_doc_link` text COLLATE utf8mb3_unicode_ci DEFAULT NULL,
  `enabled` tinyint(1) NOT NULL DEFAULT 1,
  `order` int(11) NOT NULL DEFAULT 99,
  `created_at` timestamp NULL DEFAULT NULL,
  `updated_at` timestamp NULL DEFAULT NULL,
  PRIMARY KEY (`id`)
) ENGINE=InnoDB DEFAULT CHARSET=utf8mb3 COLLATE=utf8mb3_unicode_ci;

/*!40000 ALTER TABLE `payment_methods` DISABLE KEYS */;

INSERT INTO `payment_methods` (`id`, `code`, `name`, `type`, `split_money`, `company_name`, `website`, `help_doc_link`, `terms_conditions_link`, `description`, `instructions`, `admin_description`, `admin_help_doc_link`, `enabled`, `order`, `created_at`, `updated_at`)
VALUES
	(1,'paypal-express','PayPal Express Checkout',1,0,'PayPal Inc.','https://www.paypal.com/','https://www.paypal.com/us/webapps/mpp/express-checkout',NULL,'Add PayPal as a payment method to allow customers to checkout with PayPal. Express Checkout offers the ease of convenience and security of PayPal, can turn more shoppers into buyers. You must have a PayPal business account to activate this payment method. - You must have a PayPal business account.<br/><strong>To activate PayPal Express: </strong><br/>- You must have a PayPal business account to accept payments.<br/>- Create an app to receive API credentials for testing and live transactions.<br/>- Go to this link to create your app: <small>https://developer.paypal.com/webapps/developer/applications/myapps</small>',NULL,'Add PayPal as a payment method to any checkout with Express Checkout. Express Checkout offers the ease of convenience and security of PayPal, can be set up in minutes and can turn more shoppers into buyers.','https://developer.paypal.com/docs/integration/direct/express-checkout/integration-jsv4/',1,1,'2022-08-02 18:57:43','2022-08-02 18:57:43'),
	(2,'stripe','Stripe',2,1,'Stripe Inc.','https://stripe.com/','https://stripe.com/docs/checkout/tutorial',NULL,'Stripe is one of the best and safe option to charge credit and debit cards around the world. Stripe has a simple fee structure and no hidden costs. No other gateway or merchant account is required. <br/><strong>By using Stripe: </strong><br/>- You have to connect our platform to your Stripe account. <br/>- You agree to Stripe\'s <a href=\"https://stripe.com/us/privacy\" target=\"_blank\">Terms of Service</a>.',NULL,'Stripe is one of the best and safe option to charge credit and debit cards around the world. Stripe has a product for marketplace like this. To enable Stripe to your vendors, you must have to register your platform with Stripe.<br/><strong> Follow This Simple steps:</strong><br/>- Create an Stripe application using the bellow information. <a href=\"https://stripe.com/docs/connect/quickstart\" target=\"_blank\">Check their documentation for help.</a><br/>- Update the .env file on your server with Stripe API credentials.<br/><br/><strong>Remember </strong> when you register your platform use this information: <br/>- Name: \'Phza24 Marketplace\'<br/>- Website URL: \'https://marketplace.test\'<br/>- Redirect URL: \'https://marketplace.test/admin/setting/stripe/redirect\'','https://stripe.com/docs/connect/quickstart',1,2,'2022-08-02 18:57:43','2022-08-02 18:57:43'),
	(3,'cod','Cash On Delivery',3,0,'Cash on Delivery',NULL,NULL,NULL,'Cash on delivery (COD), sometimes called collect on delivery, is the sale of goods by mail order where payment is made on delivery rather than in advance.',NULL,'Cash on delivery (COD), sometimes called collect on delivery, is the sale of goods by mail order where payment is made on delivery rather than in advance.','',1,5,'2022-08-02 18:57:43','2022-08-02 18:57:43'),
	(4,'wire','Bank Wire Transfer',3,0,'Pay by bank wire transfer',NULL,NULL,NULL,'Pay by bank wire transfer,  transfer the invoice amount via wire tranfer to the merchant account and confirm manually. After payment confirmation the goods will be shipped.',NULL,'Pay by bank wire transfer,  transfer the invoice amount via wire tranfer to the merchant account and confirm manually. After payment confirmation the goods will be shipped.','',1,6,'2022-08-02 18:57:43','2022-08-02 18:57:43'),
	(5,'Phza24-wallet','Phza24 Wallet',3,1,'Incevio',NULL,NULL,NULL,'Phza24 wallet module is the payment method where customer could buy products via customer Phza24 digital wallet balance.',NULL,'Phza24 Wallet module is the payment method where customer could buy products via customer Phza24 digital wallet balance.','https://incevio.com/plugin/wallet',1,8,'2022-08-03 19:04:28','2022-08-03 19:04:28'),
	(6,'sslcommerz','SslCommerz',4,0,'SslCommerz','https://www.sslcommerz.com/','https://developer.sslcommerz.com/doc/v4/',NULL,'SSLCOMMERZ allows its users to simplify the payment process. The consumers can easily make payments for the goods purchased and services rendered. <br/><strong>By using SSLCOMMERZ: </strong><br/>- You agree to SSLCOMMERZ\'s <a href=\"https://www.sslcommerz.com/\" target=\"_blank\">Terms of Service</a>.',NULL,'SSLCOMMERZ allows its users to simplify the payment process. The consumers can easily make payments for the goods purchased and services rendered.','https://developer.sslcommerz.com/doc/v4/',0,1,'2022-08-03 19:05:02','2022-08-03 19:05:02'),
	(7,'authorizenet','Authorize.Net',2,0,'Authorize.Net','https://www.authorize.net/','https://www.authorize.net/support/',NULL,'More solutions for your business. More support when you need it. More strength to stand on. <br/><strong>By using Authorize.Net: </strong><br/>- You have to have an Authorize.Net account. <br/>- You agree to Authorize.Net\'s <a href=\"https://www.authorize.net/about-us/terms/\" target=\"_blank\">Terms of Use</a>.',NULL,'Authorize.Net helps makes it simple to accept electronic and credit card payments.','https://www.authorize.net/about-us/',1,3,'2022-08-03 19:23:25','2022-08-03 19:23:25'),
	(8,'paystack','Paystack',4,0,'Paystack','https://paystack.com/','https://paystack.helpscoutdocs.com/',NULL,'Modern online and offline payments for Africa. Paystack helps businesses in Africa get paid by anyone, anywhere in the world. <br/><strong>By using Paystack: </strong><br/>- You agree to Paystack\'s <a href=\"https://paystack.com/terms\" target=\"_blank\">Terms of Service</a>.',NULL,'Modern online and offline payments for Africa. Paystack helps businesses in Africa get paid by anyone, anywhere in the world.','https://paystack.helpscoutdocs.com/',1,1,'2022-08-03 19:24:00','2022-08-03 19:24:00'),
	(9,'instamojo','Instamojo',2,0,'Instamojo Technologies Pvt. Ltd.','https://instamojo.com/','https://instamojo.com/docs/checkout/tutorial',NULL,'Instamojo is one of the most popular and Multi-Channel Payment Gateway for India - Accept Credit/Debit Cards, Wallets, Net Banking, UPI & EMI. <br/><strong>By using Instamojo: </strong><br/>- You have to have your Instamojo business account. <br/>- You agree to Instamojo\'s <a href=\"https://www.instamojo.com/terms/\" target=\"_blank\">Terms of Service</a>.',NULL,'Instamojo is one of the most popular and Multi-Channel Payment Gateway for India - Accept Credit/Debit Cards, Wallets, Net Banking, UPI & EMI. Enable Instamojo to your vendors.','https://www.instamojo.com/',1,5,'2022-08-03 19:24:14','2022-08-03 19:24:14'),
	(10,'razorpay','Razorpay',4,0,'Razorpay','https://razorpay.com/','https://razorpay.com/features/',NULL,'Accept Payments with Razorpay Payment Suite. <br/><strong>By using razorpay: </strong><br/>- You agree to razorpay\'s <a href=\"https://razorpay.com/\" target=\"_blank\">Terms of Service</a>.',NULL,'Accept Payments with Razorpay Payment Suite.','https://razorpay.com/partners/',0,1,'2022-08-03 19:24:30','2022-08-03 19:24:30'),
	(11,'flutterwave','FlutterWave',4,0,'FlutterWave','https://www.flutterwave.com/','https://developer.flutterwave.com/',NULL,'FLUTTERWAVE allows its users to simplify the payment process. The consumers can easily make payments for the goods purchased and services rendered. <br/><strong>By using FLUTTERWAVE: </strong><br/>- You agree to FLUTTERWAVE\'s <a href=\"https://www.flutterwave.com/\" target=\"_blank\">Terms of Service</a>.',NULL,'FLUTTERWAVE allows its users to simplify the payment process. The consumers can easily make payments for the goods purchased and services rendered.','https://developer.flutterwave.com/',0,1,'2022-08-04 15:43:17','2022-08-04 15:43:17');

/*!40000 ALTER TABLE `payment_methods` ENABLE KEYS */;


# Dump of table performance_indicators
# ------------------------------------------------------------

DROP TABLE IF EXISTS `performance_indicators`;

CREATE TABLE `performance_indicators` (
  `id` int(10) unsigned NOT NULL AUTO_INCREMENT,
  `monthly_recurring_revenue` decimal(8,2) DEFAULT NULL,
  `daily_volume` decimal(8,2) DEFAULT NULL,
  `new_merchants` int(11) NOT NULL,
  `new_customers` int(11) NOT NULL,
  `created_at` timestamp NULL DEFAULT NULL,
  `updated_at` timestamp NULL DEFAULT NULL,
  PRIMARY KEY (`id`),
  KEY `performance_indicators_created_at_index` (`created_at`)
) ENGINE=InnoDB DEFAULT CHARSET=utf8mb3 COLLATE=utf8mb3_unicode_ci;



# Dump of table permission_role
# ------------------------------------------------------------

DROP TABLE IF EXISTS `permission_role`;

CREATE TABLE `permission_role` (
  `permission_id` int(10) unsigned NOT NULL,
  `role_id` int(10) unsigned NOT NULL,
  `created_at` timestamp NULL DEFAULT NULL,
  `updated_at` timestamp NULL DEFAULT NULL,
  PRIMARY KEY (`permission_id`,`role_id`),
  KEY `permission_role_permission_id_index` (`permission_id`),
  KEY `permission_role_role_id_index` (`role_id`),
  CONSTRAINT `permission_role_permission_id_foreign` FOREIGN KEY (`permission_id`) REFERENCES `permissions` (`id`) ON DELETE CASCADE,
  CONSTRAINT `permission_role_role_id_foreign` FOREIGN KEY (`role_id`) REFERENCES `roles` (`id`) ON DELETE CASCADE
) ENGINE=InnoDB DEFAULT CHARSET=utf8mb3 COLLATE=utf8mb3_unicode_ci;

/*!40000 ALTER TABLE `permission_role` DISABLE KEYS */;

INSERT INTO `permission_role` (`permission_id`, `role_id`, `created_at`, `updated_at`)
VALUES
	(1,2,'2022-08-02 18:57:42','2022-08-02 18:57:42'),
	(2,2,'2022-08-02 18:57:42','2022-08-02 18:57:42'),
	(2,3,'2022-08-02 18:57:42','2022-08-02 18:57:42'),
	(3,2,'2022-08-02 18:57:42','2022-08-02 18:57:42'),
	(3,3,'2022-08-02 18:57:42','2022-08-02 18:57:42'),
	(4,2,'2022-08-02 18:57:42','2022-08-02 18:57:42'),
	(4,3,'2022-08-02 18:57:42','2022-08-02 18:57:42'),
	(5,2,'2022-08-02 18:57:42','2022-08-02 18:57:42'),
	(5,3,'2022-08-02 18:57:42','2022-08-02 18:57:42'),
	(6,3,'2022-08-02 18:57:42','2022-08-02 18:57:42'),
	(7,3,'2022-08-02 18:57:42','2022-08-02 18:57:42'),
	(8,3,'2022-08-02 18:57:42','2022-08-02 18:57:42'),
	(9,3,'2022-08-02 18:57:42','2022-08-02 18:57:42'),
	(10,2,'2022-08-02 18:57:42','2022-08-02 18:57:42'),
	(11,2,'2022-08-02 18:57:42','2022-08-02 18:57:42'),
	(12,2,'2022-08-02 18:57:42','2022-08-02 18:57:42'),
	(13,2,'2022-08-02 18:57:42','2022-08-02 18:57:42'),
	(14,2,'2022-08-02 18:57:42','2022-08-02 18:57:42'),
	(15,2,'2022-08-02 18:57:42','2022-08-02 18:57:42'),
	(16,2,'2022-08-02 18:57:42','2022-08-02 18:57:42'),
	(17,2,'2022-08-02 18:57:42','2022-08-02 18:57:42'),
	(18,2,'2022-08-02 18:57:42','2022-08-02 18:57:42'),
	(19,2,'2022-08-02 18:57:42','2022-08-02 18:57:42'),
	(20,2,'2022-08-02 18:57:42','2022-08-02 18:57:42'),
	(21,2,'2022-08-02 18:57:42','2022-08-02 18:57:42'),
	(22,3,'2022-08-02 18:57:42','2022-08-02 18:57:42'),
	(23,3,'2022-08-02 18:57:42','2022-08-02 18:57:42'),
	(24,2,'2022-08-02 18:57:42','2022-08-02 18:57:42'),
	(24,3,'2022-08-02 18:57:42','2022-08-02 18:57:42'),
	(25,2,'2022-08-02 18:57:42','2022-08-02 18:57:42'),
	(25,3,'2022-08-02 18:57:42','2022-08-02 18:57:42'),
	(26,2,'2022-08-02 18:57:42','2022-08-02 18:57:42'),
	(26,3,'2022-08-02 18:57:42','2022-08-02 18:57:42'),
	(27,2,'2022-08-02 18:57:42','2022-08-02 18:57:42'),
	(27,3,'2022-08-02 18:57:42','2022-08-02 18:57:42'),
	(28,2,'2022-08-02 18:57:42','2022-08-02 18:57:42'),
	(29,2,'2022-08-02 18:57:42','2022-08-02 18:57:42'),
	(30,2,'2022-08-02 18:57:42','2022-08-02 18:57:42'),
	(31,2,'2022-08-02 18:57:42','2022-08-02 18:57:42'),
	(32,2,'2022-08-02 18:57:42','2022-08-02 18:57:42'),
	(32,3,'2022-08-02 18:57:42','2022-08-02 18:57:42'),
	(33,2,'2022-08-02 18:57:42','2022-08-02 18:57:42'),
	(33,3,'2022-08-02 18:57:42','2022-08-02 18:57:42'),
	(34,3,'2022-08-02 18:57:42','2022-08-02 18:57:42'),
	(35,3,'2022-08-02 18:57:42','2022-08-02 18:57:42'),
	(36,3,'2022-08-02 18:57:42','2022-08-02 18:57:42'),
	(37,3,'2022-08-02 18:57:42','2022-08-02 18:57:42'),
	(38,2,'2022-08-02 18:57:42','2022-08-02 18:57:42'),
	(38,3,'2022-08-02 18:57:42','2022-08-02 18:57:42'),
	(39,2,'2022-08-02 18:57:42','2022-08-02 18:57:42'),
	(39,3,'2022-08-02 18:57:42','2022-08-02 18:57:42'),
	(40,2,'2022-08-02 18:57:42','2022-08-02 18:57:42'),
	(40,3,'2022-08-02 18:57:42','2022-08-02 18:57:42'),
	(41,2,'2022-08-02 18:57:42','2022-08-02 18:57:42'),
	(41,3,'2022-08-02 18:57:42','2022-08-02 18:57:42'),
	(42,2,'2022-08-02 18:57:42','2022-08-02 18:57:42'),
	(42,3,'2022-08-02 18:57:42','2022-08-02 18:57:42'),
	(43,2,'2022-08-02 18:57:42','2022-08-02 18:57:42'),
	(43,3,'2022-08-02 18:57:42','2022-08-02 18:57:42'),
	(44,2,'2022-08-02 18:57:42','2022-08-02 18:57:42'),
	(44,3,'2022-08-02 18:57:42','2022-08-02 18:57:42'),
	(45,2,'2022-08-02 18:57:42','2022-08-02 18:57:42'),
	(45,3,'2022-08-02 18:57:42','2022-08-02 18:57:42'),
	(46,2,'2022-08-02 18:57:42','2022-08-02 18:57:42'),
	(46,3,'2022-08-02 18:57:42','2022-08-02 18:57:42'),
	(47,2,'2022-08-02 18:57:42','2022-08-02 18:57:42'),
	(47,3,'2022-08-02 18:57:42','2022-08-02 18:57:42'),
	(48,2,'2022-08-02 18:57:42','2022-08-02 18:57:42'),
	(48,3,'2022-08-02 18:57:42','2022-08-02 18:57:42'),
	(49,2,'2022-08-02 18:57:42','2022-08-02 18:57:42'),
	(49,3,'2022-08-02 18:57:42','2022-08-02 18:57:42'),
	(50,2,'2022-08-02 18:57:42','2022-08-02 18:57:42'),
	(50,3,'2022-08-02 18:57:42','2022-08-02 18:57:42'),
	(51,2,'2022-08-02 18:57:42','2022-08-02 18:57:42'),
	(51,3,'2022-08-02 18:57:42','2022-08-02 18:57:42'),
	(52,2,'2022-08-02 18:57:42','2022-08-02 18:57:42'),
	(52,3,'2022-08-02 18:57:42','2022-08-02 18:57:42'),
	(53,2,'2022-08-02 18:57:42','2022-08-02 18:57:42'),
	(53,3,'2022-08-02 18:57:42','2022-08-02 18:57:42'),
	(54,2,'2022-08-02 18:57:42','2022-08-02 18:57:42'),
	(54,3,'2022-08-02 18:57:42','2022-08-02 18:57:42'),
	(55,2,'2022-08-02 18:57:42','2022-08-02 18:57:42'),
	(55,3,'2022-08-02 18:57:42','2022-08-02 18:57:42'),
	(56,2,'2022-08-02 18:57:42','2022-08-02 18:57:42'),
	(56,3,'2022-08-02 18:57:42','2022-08-02 18:57:42'),
	(57,2,'2022-08-02 18:57:42','2022-08-02 18:57:42'),
	(57,3,'2022-08-02 18:57:42','2022-08-02 18:57:42'),
	(58,2,'2022-08-02 18:57:42','2022-08-02 18:57:42'),
	(58,3,'2022-08-02 18:57:42','2022-08-02 18:57:42'),
	(59,2,'2022-08-02 18:57:42','2022-08-02 18:57:42'),
	(59,3,'2022-08-02 18:57:42','2022-08-02 18:57:42'),
	(60,2,'2022-08-02 18:57:42','2022-08-02 18:57:42'),
	(60,3,'2022-08-02 18:57:42','2022-08-02 18:57:42'),
	(61,2,'2022-08-02 18:57:42','2022-08-02 18:57:42'),
	(61,3,'2022-08-02 18:57:42','2022-08-02 18:57:42'),
	(62,2,'2022-08-02 18:57:42','2022-08-02 18:57:42'),
	(62,3,'2022-08-02 18:57:42','2022-08-02 18:57:42'),
	(63,2,'2022-08-02 18:57:42','2022-08-02 18:57:42'),
	(63,3,'2022-08-02 18:57:42','2022-08-02 18:57:42'),
	(64,2,'2022-08-02 18:57:42','2022-08-02 18:57:42'),
	(64,3,'2022-08-02 18:57:42','2022-08-02 18:57:42'),
	(65,3,'2022-08-02 18:57:42','2022-08-02 18:57:42'),
	(66,3,'2022-08-02 18:57:42','2022-08-02 18:57:42'),
	(67,3,'2022-08-02 18:57:42','2022-08-02 18:57:42'),
	(68,3,'2022-08-02 18:57:42','2022-08-02 18:57:42'),
	(69,3,'2022-08-02 18:57:42','2022-08-02 18:57:42'),
	(70,3,'2022-08-02 18:57:42','2022-08-02 18:57:42'),
	(71,3,'2022-08-02 18:57:42','2022-08-02 18:57:42'),
	(72,3,'2022-08-02 18:57:42','2022-08-02 18:57:42'),
	(73,3,'2022-08-02 18:57:42','2022-08-02 18:57:42'),
	(74,3,'2022-08-02 18:57:42','2022-08-02 18:57:42'),
	(75,3,'2022-08-02 18:57:42','2022-08-02 18:57:42'),
	(76,2,'2022-08-02 18:57:42','2022-08-02 18:57:42'),
	(77,2,'2022-08-02 18:57:42','2022-08-02 18:57:42'),
	(78,3,'2022-08-02 18:57:42','2022-08-02 18:57:42'),
	(79,3,'2022-08-02 18:57:42','2022-08-02 18:57:42'),
	(80,3,'2022-08-02 18:57:42','2022-08-02 18:57:42'),
	(81,3,'2022-08-02 18:57:42','2022-08-02 18:57:42'),
	(82,2,'2022-08-02 18:57:42','2022-08-02 18:57:42'),
	(83,2,'2022-08-02 18:57:42','2022-08-02 18:57:42'),
	(84,2,'2022-08-02 18:57:42','2022-08-02 18:57:42'),
	(85,2,'2022-08-02 18:57:42','2022-08-02 18:57:42'),
	(86,2,'2022-08-02 18:57:42','2022-08-02 18:57:42'),
	(87,2,'2022-08-02 18:57:42','2022-08-02 18:57:42'),
	(88,2,'2022-08-02 18:57:42','2022-08-02 18:57:42'),
	(89,2,'2022-08-02 18:57:42','2022-08-02 18:57:42'),
	(90,2,'2022-08-02 18:57:42','2022-08-02 18:57:42'),
	(91,3,'2022-08-02 18:57:42','2022-08-02 18:57:42'),
	(92,3,'2022-08-02 18:57:42','2022-08-02 18:57:42'),
	(93,3,'2022-08-02 18:57:42','2022-08-02 18:57:42'),
	(94,3,'2022-08-02 18:57:42','2022-08-02 18:57:42'),
	(95,2,'2022-08-02 18:57:42','2022-08-02 18:57:42'),
	(95,3,'2022-08-02 18:57:42','2022-08-02 18:57:42'),
	(96,2,'2022-08-02 18:57:42','2022-08-02 18:57:42'),
	(96,3,'2022-08-02 18:57:42','2022-08-02 18:57:42'),
	(97,2,'2022-08-02 18:57:42','2022-08-02 18:57:42'),
	(97,3,'2022-08-02 18:57:42','2022-08-02 18:57:42'),
	(98,2,'2022-08-02 18:57:42','2022-08-02 18:57:42'),
	(98,3,'2022-08-02 18:57:42','2022-08-02 18:57:42'),
	(99,2,'2022-08-02 18:57:42','2022-08-02 18:57:42'),
	(99,3,'2022-08-02 18:57:42','2022-08-02 18:57:42'),
	(100,2,'2022-08-02 18:57:42','2022-08-02 18:57:42'),
	(101,2,'2022-08-02 18:57:42','2022-08-02 18:57:42'),
	(102,2,'2022-08-02 18:57:42','2022-08-02 18:57:42'),
	(103,2,'2022-08-02 18:57:42','2022-08-02 18:57:42'),
	(104,3,'2022-08-03 19:02:28','2022-08-03 19:02:28'),
	(105,3,'2022-08-03 19:02:28','2022-08-03 19:02:28'),
	(106,3,'2022-08-03 19:02:28','2022-08-03 19:02:28'),
	(107,3,'2022-08-03 19:02:28','2022-08-03 19:02:28'),
	(108,2,'2022-08-03 19:02:51','2022-08-03 19:02:51'),
	(109,3,'2022-08-03 19:03:35','2022-08-03 19:03:35'),
	(110,3,'2022-08-03 19:03:35','2022-08-03 19:03:35'),
	(111,3,'2022-08-03 19:03:35','2022-08-03 19:03:35'),
	(112,3,'2022-08-03 19:03:35','2022-08-03 19:03:35'),
	(113,3,'2022-08-03 19:04:06','2022-08-03 19:04:06'),
	(114,3,'2022-08-03 19:04:06','2022-08-03 19:04:06'),
	(115,2,'2022-08-03 19:04:28','2022-08-03 19:04:28'),
	(116,2,'2022-08-03 19:04:28','2022-08-03 19:04:28'),
	(117,2,'2022-08-03 19:04:28','2022-08-03 19:04:28'),
	(118,2,'2022-08-03 19:23:35','2022-08-03 19:23:35'),
	(119,2,'2022-08-03 19:23:49','2022-08-03 19:23:49'),
	(120,2,'2022-08-03 19:23:49','2022-08-03 19:23:49'),
	(121,2,'2022-08-03 19:23:49','2022-08-03 19:23:49'),
	(122,2,'2022-08-03 19:23:49','2022-08-03 19:23:49'),
	(123,2,'2022-08-03 19:23:49','2022-08-03 19:23:49');

/*!40000 ALTER TABLE `permission_role` ENABLE KEYS */;


# Dump of table permissions
# ------------------------------------------------------------

DROP TABLE IF EXISTS `permissions`;

CREATE TABLE `permissions` (
  `id` int(10) unsigned NOT NULL AUTO_INCREMENT,
  `module_id` int(10) unsigned NOT NULL,
  `name` varchar(255) COLLATE utf8mb3_unicode_ci NOT NULL,
  `slug` varchar(255) COLLATE utf8mb3_unicode_ci NOT NULL,
  `created_at` timestamp NULL DEFAULT NULL,
  `updated_at` timestamp NULL DEFAULT NULL,
  PRIMARY KEY (`id`),
  UNIQUE KEY `permissions_slug_unique` (`slug`),
  KEY `permissions_module_id_index` (`module_id`),
  CONSTRAINT `permissions_module_id_foreign` FOREIGN KEY (`module_id`) REFERENCES `modules` (`id`) ON DELETE CASCADE
) ENGINE=InnoDB DEFAULT CHARSET=utf8mb3 COLLATE=utf8mb3_unicode_ci;

/*!40000 ALTER TABLE `permissions` DISABLE KEYS */;

INSERT INTO `permissions` (`id`, `module_id`, `name`, `slug`, `created_at`, `updated_at`)
VALUES
	(1,1,'Customize','customize_appearance','2022-08-02 18:57:42','2022-08-02 18:57:42'),
	(2,2,'View','view_attribute','2022-08-02 18:57:42','2022-08-02 18:57:42'),
	(3,2,'Add','add_attribute','2022-08-02 18:57:42','2022-08-02 18:57:42'),
	(4,2,'Edit','edit_attribute','2022-08-02 18:57:42','2022-08-02 18:57:42'),
	(5,2,'Delete','delete_attribute','2022-08-02 18:57:42','2022-08-02 18:57:42'),
	(6,3,'View','view_carrier','2022-08-02 18:57:42','2022-08-02 18:57:42'),
	(7,3,'Add','add_carrier','2022-08-02 18:57:42','2022-08-02 18:57:42'),
	(8,3,'Edit','edit_carrier','2022-08-02 18:57:42','2022-08-02 18:57:42'),
	(9,3,'Delete','delete_carrier','2022-08-02 18:57:42','2022-08-02 18:57:42'),
	(10,4,'View','view_category','2022-08-02 18:57:42','2022-08-02 18:57:42'),
	(11,4,'Add','add_category','2022-08-02 18:57:42','2022-08-02 18:57:42'),
	(12,4,'Edit','edit_category','2022-08-02 18:57:42','2022-08-02 18:57:42'),
	(13,4,'Delete','delete_category','2022-08-02 18:57:42','2022-08-02 18:57:42'),
	(14,5,'View','view_category_group','2022-08-02 18:57:42','2022-08-02 18:57:42'),
	(15,5,'Add','add_category_group','2022-08-02 18:57:42','2022-08-02 18:57:42'),
	(16,5,'Edit','edit_category_group','2022-08-02 18:57:42','2022-08-02 18:57:42'),
	(17,5,'Delete','delete_category_group','2022-08-02 18:57:42','2022-08-02 18:57:42'),
	(18,6,'View','view_category_sub_group','2022-08-02 18:57:42','2022-08-02 18:57:42'),
	(19,6,'Add','add_category_sub_group','2022-08-02 18:57:42','2022-08-02 18:57:42'),
	(20,6,'Edit','edit_category_sub_group','2022-08-02 18:57:42','2022-08-02 18:57:42'),
	(21,6,'Delete','delete_category_sub_group','2022-08-02 18:57:42','2022-08-02 18:57:42'),
	(22,7,'View','view_config','2022-08-02 18:57:42','2022-08-02 18:57:42'),
	(23,7,'Edit','edit_config','2022-08-02 18:57:42','2022-08-02 18:57:42'),
	(24,8,'View','view_cart','2022-08-02 18:57:42','2022-08-02 18:57:42'),
	(25,8,'Add','add_cart','2022-08-02 18:57:42','2022-08-02 18:57:42'),
	(26,8,'Edit','edit_cart','2022-08-02 18:57:42','2022-08-02 18:57:42'),
	(27,8,'Delete','delete_cart','2022-08-02 18:57:42','2022-08-02 18:57:42'),
	(28,9,'View','view_customer','2022-08-02 18:57:42','2022-08-02 18:57:42'),
	(29,9,'Add','add_customer','2022-08-02 18:57:42','2022-08-02 18:57:42'),
	(30,9,'Edit','edit_customer','2022-08-02 18:57:42','2022-08-02 18:57:42'),
	(31,9,'Delete','delete_customer','2022-08-02 18:57:42','2022-08-02 18:57:42'),
	(32,10,'View','view_dispute','2022-08-02 18:57:42','2022-08-02 18:57:42'),
	(33,10,'Response','response_dispute','2022-08-02 18:57:42','2022-08-02 18:57:42'),
	(34,11,'View','view_inventory','2022-08-02 18:57:42','2022-08-02 18:57:42'),
	(35,11,'Add','add_inventory','2022-08-02 18:57:42','2022-08-02 18:57:42'),
	(36,11,'Edit','edit_inventory','2022-08-02 18:57:42','2022-08-02 18:57:42'),
	(37,11,'Delete','delete_inventory','2022-08-02 18:57:42','2022-08-02 18:57:42'),
	(38,12,'View','view_manufacturer','2022-08-02 18:57:42','2022-08-02 18:57:42'),
	(39,12,'Add','add_manufacturer','2022-08-02 18:57:42','2022-08-02 18:57:42'),
	(40,12,'Edit','edit_manufacturer','2022-08-02 18:57:42','2022-08-02 18:57:42'),
	(41,12,'Delete','delete_manufacturer','2022-08-02 18:57:42','2022-08-02 18:57:42'),
	(42,13,'View','view_message','2022-08-02 18:57:42','2022-08-02 18:57:42'),
	(43,13,'Add','add_message','2022-08-02 18:57:42','2022-08-02 18:57:42'),
	(44,13,'Update','update_message','2022-08-02 18:57:42','2022-08-02 18:57:42'),
	(45,13,'Delete','delete_message','2022-08-02 18:57:42','2022-08-02 18:57:42'),
	(46,13,'Reply','reply_message','2022-08-02 18:57:42','2022-08-02 18:57:42'),
	(47,15,'View','view_order','2022-08-02 18:57:42','2022-08-02 18:57:42'),
	(48,15,'Add','add_order','2022-08-02 18:57:42','2022-08-02 18:57:42'),
	(49,15,'Fulfill','fulfill_order','2022-08-02 18:57:42','2022-08-02 18:57:42'),
	(50,15,'Cancel','cancel_order','2022-08-02 18:57:42','2022-08-02 18:57:42'),
	(51,15,'Archive','archive_order','2022-08-02 18:57:42','2022-08-02 18:57:42'),
	(52,15,'Delete','delete_order','2022-08-02 18:57:42','2022-08-02 18:57:42'),
	(53,16,'View','view_product','2022-08-02 18:57:42','2022-08-02 18:57:42'),
	(54,16,'Add','add_product','2022-08-02 18:57:42','2022-08-02 18:57:42'),
	(55,16,'Edit','edit_product','2022-08-02 18:57:42','2022-08-02 18:57:42'),
	(56,16,'Delete','delete_product','2022-08-02 18:57:42','2022-08-02 18:57:42'),
	(57,17,'View','view_refund','2022-08-02 18:57:42','2022-08-02 18:57:42'),
	(58,17,'Initiate','initiate_refund','2022-08-02 18:57:42','2022-08-02 18:57:42'),
	(59,17,'Update','update_refund','2022-08-02 18:57:42','2022-08-02 18:57:42'),
	(60,17,'Approve','approve_refund','2022-08-02 18:57:42','2022-08-02 18:57:42'),
	(61,18,'View','view_role','2022-08-02 18:57:42','2022-08-02 18:57:42'),
	(62,18,'Add','add_role','2022-08-02 18:57:42','2022-08-02 18:57:42'),
	(63,18,'Edit','edit_role','2022-08-02 18:57:42','2022-08-02 18:57:42'),
	(64,18,'Delete','delete_role','2022-08-02 18:57:42','2022-08-02 18:57:42'),
	(65,19,'View','view_supplier','2022-08-02 18:57:42','2022-08-02 18:57:42'),
	(66,19,'Add','add_supplier','2022-08-02 18:57:42','2022-08-02 18:57:42'),
	(67,19,'Edit','edit_supplier','2022-08-02 18:57:42','2022-08-02 18:57:42'),
	(68,19,'Delete','delete_supplier','2022-08-02 18:57:42','2022-08-02 18:57:42'),
	(69,21,'View','view_shipping_zone','2022-08-02 18:57:42','2022-08-02 18:57:42'),
	(70,21,'Add','add_shipping_zone','2022-08-02 18:57:42','2022-08-02 18:57:42'),
	(71,21,'Edit','edit_shipping_zone','2022-08-02 18:57:42','2022-08-02 18:57:42'),
	(72,21,'Delete','delete_shipping_zone','2022-08-02 18:57:42','2022-08-02 18:57:42'),
	(73,22,'Add','add_shipping_rate','2022-08-02 18:57:42','2022-08-02 18:57:42'),
	(74,22,'Edit','edit_shipping_rate','2022-08-02 18:57:42','2022-08-02 18:57:42'),
	(75,22,'Delete','delete_shipping_rate','2022-08-02 18:57:42','2022-08-02 18:57:42'),
	(76,24,'View','view_system_config','2022-08-02 18:57:42','2022-08-02 18:57:42'),
	(77,24,'Edit','edit_system_config','2022-08-02 18:57:42','2022-08-02 18:57:42'),
	(78,25,'View','view_tax','2022-08-02 18:57:42','2022-08-02 18:57:42'),
	(79,25,'Add','add_tax','2022-08-02 18:57:42','2022-08-02 18:57:42'),
	(80,25,'Edit','edit_tax','2022-08-02 18:57:42','2022-08-02 18:57:42'),
	(81,25,'Delete','delete_tax','2022-08-02 18:57:42','2022-08-02 18:57:42'),
	(82,26,'View','view_ticket','2022-08-02 18:57:42','2022-08-02 18:57:42'),
	(83,26,'Update','update_ticket','2022-08-02 18:57:42','2022-08-02 18:57:42'),
	(84,26,'Reply','reply_ticket','2022-08-02 18:57:42','2022-08-02 18:57:42'),
	(85,26,'Assign','assign_ticket','2022-08-02 18:57:42','2022-08-02 18:57:42'),
	(86,27,'View','view_vendor','2022-08-02 18:57:42','2022-08-02 18:57:42'),
	(87,27,'Add','add_vendor','2022-08-02 18:57:42','2022-08-02 18:57:42'),
	(88,27,'Edit','edit_vendor','2022-08-02 18:57:42','2022-08-02 18:57:42'),
	(89,27,'Delete','delete_vendor','2022-08-02 18:57:42','2022-08-02 18:57:42'),
	(90,27,'Login','login_vendor','2022-08-02 18:57:42','2022-08-02 18:57:42'),
	(91,28,'View','view_warehouse','2022-08-02 18:57:42','2022-08-02 18:57:42'),
	(92,28,'Add','add_warehouse','2022-08-02 18:57:42','2022-08-02 18:57:42'),
	(93,28,'Edit','edit_warehouse','2022-08-02 18:57:42','2022-08-02 18:57:42'),
	(94,28,'Delete','delete_warehouse','2022-08-02 18:57:42','2022-08-02 18:57:42'),
	(95,29,'View','view_user','2022-08-02 18:57:42','2022-08-02 18:57:42'),
	(96,29,'Add','add_user','2022-08-02 18:57:42','2022-08-02 18:57:42'),
	(97,29,'Edit','edit_user','2022-08-02 18:57:42','2022-08-02 18:57:42'),
	(98,29,'Delete','delete_user','2022-08-02 18:57:42','2022-08-02 18:57:42'),
	(99,29,'Login','login_user','2022-08-02 18:57:42','2022-08-02 18:57:42'),
	(100,30,'View','view_utility','2022-08-02 18:57:42','2022-08-02 18:57:42'),
	(101,30,'Add','add_utility','2022-08-02 18:57:42','2022-08-02 18:57:42'),
	(102,30,'Edit','edit_utility','2022-08-02 18:57:42','2022-08-02 18:57:42'),
	(103,30,'Delete','delete_utility','2022-08-02 18:57:42','2022-08-02 18:57:42'),
	(104,31,'View','view_coupon','2022-08-03 19:02:28','2022-08-03 19:02:28'),
	(105,31,'Add','add_coupon','2022-08-03 19:02:28','2022-08-03 19:02:28'),
	(106,31,'Edit','edit_coupon','2022-08-03 19:02:28','2022-08-03 19:02:28'),
	(107,31,'Delete','delete_coupon','2022-08-03 19:02:28','2022-08-03 19:02:28'),
	(108,32,'Manage','manage_flash_deal','2022-08-03 19:02:51','2022-08-03 19:02:51'),
	(109,33,'View','view_packaging','2022-08-03 19:03:35','2022-08-03 19:03:35'),
	(110,33,'Add','add_packaging','2022-08-03 19:03:35','2022-08-03 19:03:35'),
	(111,33,'Edit','edit_packaging','2022-08-03 19:03:35','2022-08-03 19:03:35'),
	(112,33,'Delete','delete_packaging','2022-08-03 19:03:35','2022-08-03 19:03:35'),
	(113,34,'View','view_chat_conversation','2022-08-03 19:04:06','2022-08-03 19:04:06'),
	(114,34,'Reply','reply_chat_conversation','2022-08-03 19:04:06','2022-08-03 19:04:06'),
	(115,35,'Setting','setting_wallet','2022-08-03 19:04:28','2022-08-03 19:04:28'),
	(116,35,'Payout','payout_wallet','2022-08-03 19:04:28','2022-08-03 19:04:28'),
	(117,35,'Report','report_wallet','2022-08-03 19:04:28','2022-08-03 19:04:28'),
	(118,36,'Manage','manage_dynamic_commission','2022-08-03 19:23:35','2022-08-03 19:23:35'),
	(119,37,'Setting','setting_inspector','2022-08-03 19:23:49','2022-08-03 19:23:49'),
	(120,37,'View','view_inspector','2022-08-03 19:23:49','2022-08-03 19:23:49'),
	(121,37,'Edit','edit_inspector','2022-08-03 19:23:49','2022-08-03 19:23:49'),
	(122,37,'Delete','delete_inspector','2022-08-03 19:23:49','2022-08-03 19:23:49'),
	(123,37,'Approve','approve_inspector','2022-08-03 19:23:49','2022-08-03 19:23:49');

/*!40000 ALTER TABLE `permissions` ENABLE KEYS */;


# Dump of table products
# ------------------------------------------------------------

DROP TABLE IF EXISTS `products`;

CREATE TABLE `products` (
  `id` bigint(20) unsigned NOT NULL AUTO_INCREMENT,
  `shop_id` int(10) unsigned DEFAULT NULL,
  `manufacturer_id` int(10) unsigned DEFAULT NULL,
  `brand` varchar(255) COLLATE utf8mb3_unicode_ci DEFAULT NULL,
  `name` varchar(255) COLLATE utf8mb3_unicode_ci NOT NULL,
  `model_number` varchar(255) COLLATE utf8mb3_unicode_ci DEFAULT NULL,
  `mpn` varchar(255) COLLATE utf8mb3_unicode_ci DEFAULT NULL,
  `gtin` varchar(255) COLLATE utf8mb3_unicode_ci DEFAULT NULL,
  `gtin_type` varchar(255) COLLATE utf8mb3_unicode_ci DEFAULT NULL,
  `description` longtext COLLATE utf8mb3_unicode_ci DEFAULT NULL,
  `min_price` decimal(20,6) DEFAULT 0.000000,
  `max_price` decimal(20,6) DEFAULT NULL,
  `origin_country` int(10) unsigned DEFAULT NULL,
  `has_variant` tinyint(1) DEFAULT NULL,
  `requires_shipping` tinyint(1) DEFAULT 1,
  `downloadable` tinyint(1) DEFAULT NULL,
  `slug` varchar(255) COLLATE utf8mb3_unicode_ci NOT NULL,
  `sale_count` bigint(20) DEFAULT NULL,
  `active` tinyint(1) NOT NULL DEFAULT 1,
  `deleted_at` timestamp NULL DEFAULT NULL,
  `created_at` timestamp NULL DEFAULT NULL,
  `updated_at` timestamp NULL DEFAULT NULL,
  `inspection_status` tinyint(4) NOT NULL DEFAULT 1,
  PRIMARY KEY (`id`),
  UNIQUE KEY `products_slug_unique` (`slug`)
) ENGINE=InnoDB DEFAULT CHARSET=utf8mb3 COLLATE=utf8mb3_unicode_ci;

/*!40000 ALTER TABLE `products` DISABLE KEYS */;

INSERT INTO `products` (`id`, `shop_id`, `manufacturer_id`, `brand`, `name`, `model_number`, `mpn`, `gtin`, `gtin_type`, `description`, `min_price`, `max_price`, `origin_country`, `has_variant`, `requires_shipping`, `downloadable`, `slug`, `sale_count`, `active`, `deleted_at`, `created_at`, `updated_at`, `inspection_status`)
VALUES
	(1,5,9,'expedita','Ut cum reprehenderit qui asperiores cumque assumenda.','maxime lf326','246526574','4339144166003','ITF','Blanditiis omnis earum consequatur. Veritatis ut quis similique temporibus. Et aut et fugiat a sed totam sunt. Suscipit et rerum voluptatem aspernatur eum sunt consequatur. Quidem enim ratione quibusdam sapiente aliquid qui. Porro autem excepturi quos voluptatem modi. Eligendi corrupti qui sit non quibusdam et sint. Omnis a vel maxime repudiandae animi. Quod suscipit quaerat sit omnis ea ratione eveniet. Dolorem illum dicta omnis facere qui accusantium architecto. Cupiditate sint et vel sit nobis aspernatur.<p><br/><iframe frameborder=\"0\" src=\"//www.youtube.com/embed/n7EmdNsKIhk\" class=\"note-video-clip\" style=\"width: 100%; height: 475px; float: none;\"></iframe></p><br/>Et omnis rerum ratione eos iste blanditiis dolores. Amet sunt vero cum voluptates recusandae consequatur. Consequatur voluptatem deserunt consequuntur. Dicta et quia veritatis sit molestiae. Maxime aperiam et molestiae pariatur. Rerum consequatur non quo eius exercitationem quia. Rem eligendi ipsa quidem quae quo veritatis. Qui nemo voluptatem cumque et.<img src=\"https://loremflickr.com/640/360\" style=\"width: 50%; float: right; margin: 20px 0 20px 20px;\">Esse nam dolores nostrum omnis hic ea vel. Rerum sint dolorem aut unde ipsam dolores. Officia nihil aut voluptas delectus voluptatem. Nihil consequatur libero pariatur molestiae quaerat perferendis ut. Laborum sint dolorem incidunt. Ducimus beatae dolor quas nostrum hic molestias. Sed doloremque magni ea exercitationem quis laboriosam eaque accusantium. Accusamus voluptatem eligendi qui delectus eos exercitationem dolorem quia. Non suscipit amet voluptates dicta. Consequatur est repellendus amet sint ab minima. Nulla dolorem exercitationem saepe ab. Optio qui ut libero soluta odit voluptas. Laboriosam tempora minus magni nam dolorum et perspiciatis aliquid. Nesciunt temporibus earum reiciendis ut iste. Quia velit ducimus et magni impedit placeat. Consequatur ipsa optio ea. Dolores blanditiis et at repellat est. Debitis sint et ipsam officiis. Quis voluptas et ea culpa. Atque rerum quo in magni tempore tempore sed. Laboriosam culpa provident ea recusandae est nulla. Atque vel nisi ut repellat quo atque. Inventore consequatur accusamus impedit. Asperiores nam aut animi illum. Saepe molestiae vitae consequuntur sequi laborum ea et.<p><br/><img src=\"http://placeimg.com/640/360/any\" style=\"width: 100%; float: none;\"></p><br/>Nobis atque laudantium qui amet deleniti. Illum sit est numquam consequatur qui non ab. Quaerat in dolores enim optio animi. Accusamus praesentium ab asperiores ut sint consequuntur. Recusandae ut tempore adipisci minima impedit veniam. Fuga quasi cum maxime autem eligendi unde corporis. Soluta omnis ut alias facilis. Qui labore ut dicta a ut natus. Optio sequi dolor et distinctio asperiores nihil quos. Laudantium ut dolores eum libero aliquam velit quo eligendi. Veniam aut autem iste quidem rem voluptas eligendi voluptas.',0.000000,NULL,184,0,1,NULL,'abc-xyz-product-123',7,1,NULL,'2022-07-18 18:57:45','2022-07-18 18:57:45',1),
	(2,1,9,'ea','Distinctio quibusdam et hic veniam maiores.','architecto tt071','35','0471905491826','JAN','Tenetur consequatur commodi accusantium aut. Magnam magni non impedit. Nihil aliquid quis et dolor. Nostrum quis saepe velit nihil minima. Omnis consequatur voluptas nihil qui rerum dignissimos similique. Similique nostrum cumque suscipit quas. Dolor dolores necessitatibus aut doloribus accusantium. Quas quia omnis error molestias consectetur fugiat iusto. Distinctio tempora reprehenderit voluptate dolor id rerum natus. Accusantium repellat consequatur dolorum rem maiores. Ut sit libero earum rerum maiores corporis.<p><br/><iframe frameborder=\"0\" src=\"//www.youtube.com/embed/7abGwVjXSY4\" class=\"note-video-clip\" style=\"width: 100%; height: 475px; float: none;\"></iframe></p><br/>Cum voluptatibus iste quis at. Suscipit sunt numquam ratione necessitatibus saepe aut. Est ut unde facilis libero voluptatem laudantium. Aut vel et in. Tempore sunt sit sit porro. Dolores asperiores molestiae praesentium quae quidem ipsum. Error unde explicabo ad necessitatibus. Id laudantium et ea suscipit sapiente nostrum consectetur qui. Velit harum aut id.<img src=\"https://loremflickr.com/640/360\" style=\"width: 50%; float: right; margin: 20px 0 20px 20px;\">Omnis ut doloribus praesentium. Et molestiae incidunt magni qui a. Est qui et accusantium aut non sunt molestiae. Voluptatem et provident laudantium nesciunt magnam. Vitae rem id quaerat sed dolorum praesentium. Consequatur voluptatem odit expedita accusantium. Voluptatem dolor velit enim quas provident quaerat dolores. Ut voluptatem est vel nihil eveniet eos maxime. Omnis quia sit laborum asperiores esse cupiditate quae perferendis. Est atque eum repudiandae. Omnis porro amet ut placeat neque laboriosam. Corporis vitae aut dolorem accusamus omnis qui perspiciatis. Doloribus voluptas alias cum dolore voluptatem sunt. Saepe sed vitae sit ut reprehenderit deleniti vel. Hic porro omnis rerum nobis. Consequatur aut voluptatem ipsa reprehenderit quo maxime voluptatem aperiam. Et autem omnis aspernatur odio nam. Consequuntur aut illo sequi quia nihil nihil est. Atque qui quae illum sapiente. Sunt minima hic nobis rerum voluptas blanditiis nam. Maxime alias esse minus voluptates. Et laudantium in est dolores. Rerum doloremque veritatis non autem sit. Alias qui vel iusto accusantium sequi id autem.<p><br/><img src=\"https://loremflickr.com/640/360\" style=\"width: 100%; float: none;\"></p><br/>Error blanditiis est facere sunt. Totam et enim quia non quam. Id ipsam aut eum aut. Nam eos architecto rerum velit. Consequuntur iusto quo incidunt vitae minus necessitatibus odit. Ullam consectetur eveniet molestiae explicabo eos est omnis. Aut voluptates commodi cumque. Facilis aut sit dolor illum odio architecto. Quis animi est modi mollitia modi nulla et. Est alias consequuntur animi officia dolore voluptas. Voluptatem qui sunt sunt enim necessitatibus id sit. Id ut nihil eos odio aut neque alias.',0.000000,NULL,422,0,1,NULL,'esse-quaerat-voluptas-cupiditate-qui-qui',9,1,NULL,'2022-07-28 18:57:45','2022-07-31 18:57:45',1),
	(3,3,9,'quo','Dolor eum voluptatem eos architecto eligendi.','dolor ru884','871','6647402552726','EAN','Aut dolorem eum natus placeat sint magni nobis vitae. Tempora iusto aut quos atque ex. Voluptatem deleniti non voluptatem cumque dicta quasi dolorum. Voluptates quis iste quos sit. Maiores est dignissimos fuga est et ducimus labore molestiae. Reiciendis rerum illo inventore sequi aut aut dolorem. Soluta voluptatem quibusdam recusandae dolores odit ipsum accusamus. Nulla qui porro assumenda. In corporis sit voluptas. Quia error distinctio deleniti. Est iste pariatur voluptas cumque explicabo est. Minima dignissimos id dolorem tempora.<p><br/><iframe frameborder=\"0\" src=\"//www.youtube.com/embed/7abGwVjXSY4\" class=\"note-video-clip\" style=\"width: 100%; height: 475px; float: none;\"></iframe></p><br/>Enim dolorum officia adipisci. Fuga molestiae quia dolore sed. Ipsam ducimus neque repudiandae omnis accusantium et sed. Earum ut explicabo et autem maxime est. Vel cupiditate facilis labore aut et dicta aut. Cumque ut eligendi neque atque et eum inventore. Libero excepturi repudiandae in.<img src=\"https://loremflickr.com/640/360\" style=\"width: 50%; float: right; margin: 20px 0 20px 20px;\">Quia qui quos dolores. Molestiae magni et asperiores beatae adipisci veniam nisi corporis. Eos omnis eius repudiandae qui iste in. Totam eos suscipit deserunt quasi omnis. Vitae rerum enim sint quis ratione eius aut architecto. Cumque vel blanditiis aut enim dolores. Minus architecto voluptas facere deserunt aspernatur. Ab voluptatibus ipsam quam. Nisi repudiandae omnis dignissimos qui nesciunt. Rerum eligendi totam aperiam adipisci consequatur suscipit sunt. Ad praesentium quia qui cum sit optio repudiandae. Est et et debitis a qui. Quia sapiente sint repellendus error ut et est laborum. Impedit sed quidem repellat ut consequatur rerum minus. Quaerat reprehenderit rerum cumque consequuntur dolorem. Suscipit exercitationem dolorem minus deleniti. Adipisci sed est aut facere omnis ut dolores. Autem et consequatur aut dolor voluptas quo ut architecto. Quis quae provident quo et quam quam. Et adipisci tempora alias illum. Omnis nemo iure eveniet ipsam. Dolorum facere harum maxime nulla dicta. Rerum at dolorem ducimus optio magnam corporis. Quod necessitatibus ut eveniet doloremque id et atque. Accusamus sed hic natus. Velit illo sunt quae quia. Quis commodi voluptatem voluptatem.<p><br/><img src=\"https://picsum.photos/640/360.webp\" style=\"width: 100%; float: none;\"></p><br/>Minus molestias dignissimos odio eius voluptas voluptates. Nesciunt enim ipsam numquam non vel. Itaque quis aspernatur maxime ut et ut commodi minus. Occaecati et officiis dolore voluptatibus repellendus dolor non. Esse sed est quisquam autem officia animi est. Suscipit eveniet beatae temporibus maxime. Deleniti dolores assumenda qui vel. Sit aut deserunt aliquid deserunt. Autem quo voluptas ea. Voluptas dolores soluta officiis distinctio. Quia inventore rerum et et. Cupiditate aut consequatur tempora qui voluptate voluptatum optio.',0.000000,NULL,260,0,1,NULL,'debitis-tempore-dignissimos-vitae-sit-dignissimos-quis-tempora',9,1,NULL,'2022-07-27 18:57:45','2022-07-18 18:57:45',1),
	(4,NULL,9,'et','Amet ipsa laudantium magni repellat est mollitia.','voluptatibus ik665','0','3037849062415','ISBN','Aspernatur a aut debitis provident quod aliquid. Aut laborum ducimus modi numquam assumenda. Ducimus ut blanditiis qui esse. Aspernatur reiciendis optio sit dicta. Autem suscipit quisquam ducimus ut non. Accusamus iusto sit omnis dolores provident nemo. Quasi molestias corrupti consequuntur quas. Quis dolorem autem dolores qui quas fugit temporibus. Maxime eveniet deleniti mollitia odio accusamus atque dignissimos. Magnam delectus possimus error odio officiis fugit possimus. In deleniti est ut assumenda exercitationem voluptates maxime.<p><br/><iframe frameborder=\"0\" src=\"//www.youtube.com/embed/7abGwVjXSY4\" class=\"note-video-clip\" style=\"width: 100%; height: 475px; float: none;\"></iframe></p><br/>Velit odit accusantium consequatur et facere. Ut quia inventore non ut autem omnis aspernatur eaque. Ut tempora incidunt officiis et et et quo. Reprehenderit hic voluptate fugit neque. Eum laboriosam soluta quia aut officiis minus. Ab reiciendis nesciunt qui corrupti. Et eos culpa veniam voluptatem voluptatem vel. Expedita neque eius perferendis et aliquid animi commodi.<img src=\"https://loremflickr.com/640/360\" style=\"width: 50%; float: right; margin: 20px 0 20px 20px;\">Consequatur excepturi et magnam suscipit facere quasi voluptatem. Doloribus consequatur tempore itaque est vel. Velit in ut cumque ducimus enim temporibus. Reprehenderit dicta earum nihil. Sit sit dolores nobis voluptatem magnam atque sint. Veniam a quis et possimus quibusdam quod. Et natus iusto nemo ut provident sunt distinctio quo. Blanditiis est alias quidem. Qui facilis voluptatem dolor libero tempore atque aut. Rerum iure libero perferendis eius nobis. Nobis sequi numquam aut possimus laudantium. Voluptas dolorum modi eos eos laboriosam. Ut odit fugit omnis cumque. Omnis sed quos quasi eligendi neque itaque. Ratione eius voluptas dolorem. Aut similique omnis quisquam. Et omnis at vel distinctio expedita exercitationem. Quia magnam consequatur dolores dolor quasi. Optio nisi sed magnam. Sunt quo ut quasi itaque in quibusdam. Est quam placeat minus eum ut temporibus quae. Possimus possimus nisi eos sequi hic necessitatibus quia. Aliquam quasi voluptatem provident similique velit. Rem ut odit rerum quia eveniet ut. Expedita quas et odio fugiat ducimus voluptatem. Dolores inventore blanditiis voluptatibus iusto.<p><br/><img src=\"https://picsum.photos/640/360.webp\" style=\"width: 100%; float: none;\"></p><br/>Nihil natus quia omnis consequatur odit. Perferendis autem ratione excepturi in aut. Eius ut dolore illo sed. Et minima iure nihil suscipit. Exercitationem et beatae ut similique nobis qui labore. Ea asperiores est sequi ipsum et mollitia autem. Consectetur dignissimos voluptas velit sequi quidem ut corporis deleniti. Qui nemo dolor vel commodi qui. Dignissimos error pariatur tempora dolorem voluptatem animi ut. Ipsum ratione veritatis earum inventore dignissimos nam voluptas. Eligendi adipisci id non aut est perferendis minus.',0.000000,NULL,410,0,1,NULL,'accusantium-autem-quibusdam-voluptas-quibusdam-modi-est-incidunt-enim',8,1,NULL,'2022-07-31 18:57:45','2022-07-28 18:57:45',1),
	(5,NULL,9,'veniam','Eius expedita molestiae consequatur repudiandae aliquid voluptatem.','odio ef057','5096700','1061120134647','JAN','Recusandae nihil ut facere est. Amet beatae voluptatibus libero voluptatem ut. Aut voluptas ducimus assumenda eos possimus aperiam. Praesentium cumque aliquam sunt. Quas porro eum est rerum enim veniam voluptatum. Corporis perspiciatis repellendus aliquid iste beatae est. Ipsa harum et maxime cumque. Consequatur perferendis modi eligendi maiores ut ipsum voluptatum. Assumenda voluptas corporis praesentium eum magni molestiae.<p><br/><iframe frameborder=\"0\" src=\"//www.youtube.com/embed/7abGwVjXSY4\" class=\"note-video-clip\" style=\"width: 100%; height: 475px; float: none;\"></iframe></p><br/>Veniam nihil voluptates et qui quis. Occaecati distinctio fugit amet architecto minus vitae. Tenetur ut deserunt est quasi sunt nostrum maxime repellat. Fugit atque dolor vel ad harum eligendi dolorem. Ipsum fuga quia neque voluptatibus itaque. Deleniti saepe praesentium iusto dolor error ullam voluptas.<img src=\"https://loremflickr.com/640/360\" style=\"width: 50%; float: right; margin: 20px 0 20px 20px;\">Consequuntur exercitationem eaque aperiam nisi. Nesciunt nemo corporis alias officiis perspiciatis occaecati. Velit dolor sint id et ut unde. Ut voluptas autem quos. Totam repudiandae quas placeat molestiae placeat. A aut vel nostrum iure quod corporis odio. Earum et sit sint praesentium pariatur tempora. Quisquam unde omnis ut occaecati. Quo sequi quaerat eos exercitationem. Eveniet ipsam assumenda doloremque quia eligendi autem. Et commodi quia mollitia. Totam possimus facilis magnam et ipsa quasi aut. Vel necessitatibus quam similique odit. Aut non et autem nihil. Ipsa atque quis quia. Exercitationem fugiat blanditiis et illum voluptatem ipsum quos. Facilis ut quaerat eos aut ab voluptatem nemo eaque. Tempora blanditiis possimus laboriosam vel magni molestiae deleniti. Aspernatur aspernatur mollitia est provident totam inventore. Vel voluptas non dolore laboriosam at. Maiores facilis neque vel officiis labore. Et animi tempora porro aut dolore iusto voluptatum. Quidem doloribus rerum voluptates. Nostrum eius architecto aliquam in atque recusandae.<p><br/><img src=\"https://loremflickr.com/640/360\" style=\"width: 100%; float: none;\"></p><br/>Facere magnam ipsa perferendis. Nihil molestiae omnis similique itaque numquam reprehenderit eveniet non. Eius corporis ea et a sequi corrupti. Accusamus in alias et aliquid neque. Omnis eligendi dolores et. Provident error explicabo modi. Nulla dolorum magnam delectus a est dignissimos soluta. Rerum alias sit ut repellendus. Numquam mollitia similique est repellendus. Ea quo non exercitationem voluptas beatae consectetur. Sed et perspiciatis hic voluptas et quia. Voluptatem ex molestiae possimus amet pariatur. Eum reiciendis autem aperiam qui.',0.000000,NULL,531,1,1,NULL,'rerum-quisquam-deserunt-ut-corporis',0,1,NULL,'2022-07-20 18:57:45','2022-07-23 18:57:45',1),
	(6,5,11,'eligendi','Alias tempora suscipit aut expedita minima veritatis reiciendis.','explicabo rd242','3009669','1569380538842','EAN','Esse id in aliquam ut dolores iste qui labore. Corporis aut dignissimos animi voluptas quia cum eum nobis. Qui assumenda voluptatem explicabo sit commodi sed sed. Eos eum minima enim praesentium sapiente eaque nesciunt. Iusto corrupti placeat vel. Debitis fugiat ab reiciendis sint iste reiciendis. Dolore quibusdam nihil reiciendis necessitatibus cupiditate reprehenderit. Veniam incidunt qui voluptatem dolore velit quo est. Minus officia ut ratione aspernatur fugiat et.<p><br/><iframe frameborder=\"0\" src=\"//www.youtube.com/embed/mATMpaPBBFI\" class=\"note-video-clip\" style=\"width: 100%; height: 475px; float: none;\"></iframe></p><br/>Non quo unde quia nostrum. Ipsa et omnis occaecati corrupti. Similique eos est libero est voluptate. Ut eveniet facere nam cumque et quis. Nulla soluta id voluptates quam. Deserunt amet enim ipsa eius non ab. Ea quibusdam dicta incidunt dolor aspernatur omnis ut enim.<img src=\"https://loremflickr.com/640/360\" style=\"width: 50%; float: right; margin: 20px 0 20px 20px;\">Quia quasi beatae provident repellendus placeat est. Qui in recusandae aut dolorem qui a quod. Et reiciendis ab ab aut nam. Aut ut esse molestias sequi. Enim reiciendis enim iusto eaque. Sint sint in explicabo doloremque numquam rerum quam in. Suscipit eos in nihil quod. Vel saepe exercitationem enim totam et dolores ea. Consequatur omnis quia assumenda ducimus qui id consequatur molestiae. Tempora reprehenderit nihil quas consequatur. Optio pariatur qui totam officia dolorem dolores. Eum voluptatem impedit nihil facilis. Hic occaecati est provident provident adipisci quis non. Consequatur suscipit sed dolores adipisci et. Omnis qui ullam id in omnis culpa. Recusandae unde fuga explicabo libero molestiae dignissimos. Non animi et omnis dolores veniam earum. Dolorum repellendus error ipsum maiores praesentium consectetur et. Eius quisquam eligendi a voluptas non omnis libero rem. Vitae ut excepturi dolorum minus. Sint nihil et accusamus ad. Qui libero dolorem ipsum facere.<p><br/><img src=\"https://loremflickr.com/640/360\" style=\"width: 100%; float: none;\"></p><br/>Distinctio similique qui esse voluptatibus rem rerum impedit. Consectetur provident aut delectus quidem illum eum. Debitis quidem veritatis reiciendis ut repudiandae soluta qui. Veritatis in soluta voluptatibus accusamus quibusdam eum. Corrupti dolores tempore quas totam quia provident voluptatum quia. Dolores ratione voluptatum sint. Ex numquam quae minus enim sint. Deleniti dolor ea quidem praesentium eius. Libero nisi ipsum at voluptatem ipsa facere voluptatum. Asperiores non hic officiis at vitae pariatur. Dolorem voluptatem ipsa repellat nihil quis consequatur.',0.000000,NULL,626,1,1,NULL,'atque-eligendi-dolores-explicabo-amet',8,1,NULL,'2022-07-20 18:57:45','2022-07-21 18:57:45',1),
	(7,NULL,11,'sed','Porro molestiae corrupti voluptate rerum voluptas sequi necessitatibus.','quia lv921','50693831','1448992598713','EAN','Magnam rerum qui sequi nostrum quam voluptatem consequatur. Repudiandae sapiente qui inventore ipsam odio. Commodi sed autem similique tempora molestiae quo dolore est. Totam aut repellat eveniet eos magnam provident ipsam. Doloribus maxime placeat et enim ducimus esse possimus consectetur. Ratione sed qui est dolor molestias assumenda. Quam nam quis blanditiis dolorem impedit. Dignissimos porro nostrum omnis deleniti nulla ab. Et soluta ut vitae et. Ea enim qui voluptas tenetur eligendi deleniti id. Ab accusantium voluptates soluta sint sunt.<p><br/><iframe frameborder=\"0\" src=\"//www.youtube.com/embed/tJlzIJaokVY\" class=\"note-video-clip\" style=\"width: 100%; height: 475px; float: none;\"></iframe></p><br/>Voluptatem ut aut sit. Officia aut repellat qui nihil dolore commodi. Commodi iusto exercitationem molestias dolor eum quia officia eum. Sunt harum rerum dolore soluta ipsa. Pariatur voluptas debitis minima error sequi.<img src=\"http://placeimg.com/640/360/any\" style=\"width: 50%; float: right; margin: 20px 0 20px 20px;\">Atque culpa modi voluptatem aut explicabo. Optio non in sint libero qui. Cum asperiores quam dolorem expedita dolore velit ex. Vitae minima atque aut molestias rerum sunt voluptas. Sit repudiandae maiores libero hic soluta quia. Quia similique veniam at vitae voluptatem voluptas. Consequatur quia eum aut voluptas odio. Sequi qui eligendi commodi esse quaerat at perferendis. Ut qui non molestias quo. Rem voluptas enim repellendus voluptatem. Autem et voluptatem voluptates fugit sed molestias incidunt. Ipsa ea mollitia ducimus consequuntur mollitia ducimus. Veniam quam ad eius deserunt. Assumenda iusto voluptas error sit qui itaque perferendis. Quia eaque reprehenderit ipsum fugiat sed fuga voluptatem. Veritatis magnam animi ea itaque dolores incidunt. Officia est quisquam optio dolor modi rerum. Impedit tenetur qui voluptate veritatis assumenda. Deleniti voluptatem nihil minus neque consequatur ut. Dicta sunt voluptatum vel modi aut. Modi occaecati repudiandae aliquam quidem. Voluptatibus velit dicta qui est praesentium. Dolorem rerum quia labore modi.<p><br/><img src=\"https://picsum.photos/640/360.webp\" style=\"width: 100%; float: none;\"></p><br/>Alias adipisci placeat nihil et aliquam. Voluptatum molestiae suscipit incidunt aut nobis ullam autem et. Deserunt reprehenderit dolore vel eaque provident. Minima deserunt a nisi voluptatem praesentium est. Sit dolor sit aut aliquid odit non quam. Non nulla quibusdam cupiditate non optio aut. Porro ipsam quidem rerum natus sit molestiae. Dolores rerum assumenda vitae. Quos magni commodi ipsam consequatur. Debitis nisi qui vel ea a sint. Vel consequatur dolor et minima delectus. Quidem recusandae perspiciatis a fugit et qui.',0.000000,NULL,706,0,1,NULL,'facere-recusandae-sunt-non',0,1,NULL,'2022-07-21 18:57:45','2022-07-21 18:57:45',1),
	(8,NULL,11,'consequuntur','Dicta reiciendis expedita corrupti.','vel cz652','822897894','0998575736823','JAN','Inventore tempora dolore labore dolores non aspernatur mollitia omnis. Maxime culpa sequi aut dolore voluptas est. Provident dolores perferendis nobis fugit praesentium unde. Veritatis non dicta quaerat odio soluta voluptas. Rerum laborum omnis ea a et atque sit. Sint repellat veritatis qui. Voluptas est cupiditate debitis veritatis accusantium natus. Eveniet ipsum ea libero itaque. Dolor voluptatum molestiae eos sint. Qui voluptatem illum vitae hic rerum.<p><br/><iframe frameborder=\"0\" src=\"//www.youtube.com/embed/TGbUpEJ1z-k\" class=\"note-video-clip\" style=\"width: 100%; height: 475px; float: none;\"></iframe></p><br/>Est repudiandae ea ipsam iusto tempore sed omnis. Perferendis omnis autem ea aut blanditiis magnam. Dolores officiis deleniti rem aut vero dolor qui. Et minus quos ducimus repellendus qui. Eos optio vel consectetur ut reprehenderit dolorum eveniet. Temporibus id dolore nisi eligendi nisi voluptates. Omnis aut dolores quidem eum aut repudiandae omnis.<img src=\"https://picsum.photos/640/360.webp\" style=\"width: 50%; float: right; margin: 20px 0 20px 20px;\">Dolores minus deserunt totam veritatis id incidunt. Sapiente numquam sunt minus molestiae unde velit. Nam quis ullam ut aut blanditiis maiores expedita. Possimus sed voluptate vel et. Et at doloribus quia repellat ex deleniti. Saepe pariatur fuga eius temporibus sunt eius quasi. Non aut molestiae perferendis itaque sunt. Sunt et dolorum et consequatur eos omnis aut. Dolor delectus maiores ut id. Quod ut animi aut. Corrupti et provident cum beatae. Dolores fugit et explicabo corporis adipisci quis. Iure nemo voluptas est in consequatur illum. Delectus sit est sed mollitia deleniti qui. Inventore itaque assumenda earum. Mollitia dicta culpa in reiciendis perspiciatis rerum. Non eos suscipit aut consequuntur. Quidem sed omnis non modi et autem est. Officiis unde possimus ullam eos eos aut. Mollitia rerum possimus adipisci laborum dolor illum. Deserunt velit aut nobis maxime in. Voluptatibus accusamus quas molestiae necessitatibus rerum. Voluptatibus officia pariatur illum aut quo qui possimus. Qui corrupti fuga et odio. Animi rerum illo aliquam animi omnis quis. Qui molestiae cupiditate mollitia exercitationem. Consectetur enim officia omnis autem in iste est.<p><br/><img src=\"http://placeimg.com/640/360/any\" style=\"width: 100%; float: none;\"></p><br/>Eum vel accusantium porro autem veniam aut. Placeat minima dolorem porro aliquid excepturi. Ut maiores voluptatem adipisci iure. Harum eaque qui ipsum adipisci. Odit ipsam dolorem quod eum reiciendis. Numquam possimus id et natus consectetur. Ipsa suscipit corporis nam ipsam cumque. Eum maiores aperiam eum consequatur architecto provident dolorum. Id quo labore vitae dolor. Officiis corporis omnis reprehenderit ea. Rerum incidunt aperiam ullam est nemo tempora.',0.000000,NULL,258,0,1,NULL,'et-doloribus-vitae-cum-in',6,1,NULL,'2022-08-01 18:57:45','2022-08-02 18:57:45',1),
	(9,4,11,'occaecati','Alias recusandae eius autem distinctio.','qui mj788','5168','0159214441007','UPC','Rerum quia aut deserunt dolor. Hic ipsum reprehenderit eum autem at qui sed. Nihil ullam animi praesentium consequatur. Aliquid magnam quia quia iusto. Aut harum consequuntur ullam qui saepe quasi. Beatae eum sed non assumenda. Ut nulla et voluptatem quia eos repellat. Recusandae maxime delectus cum cumque quibusdam. Praesentium est saepe atque libero aut quis velit. Impedit et maiores vel dolores neque. Rerum nobis ipsum quidem officiis impedit quia. Est et ratione sunt accusantium.<p><br/><iframe frameborder=\"0\" src=\"//www.youtube.com/embed/TGbUpEJ1z-k\" class=\"note-video-clip\" style=\"width: 100%; height: 475px; float: none;\"></iframe></p><br/>Enim error minima non dolorem. Maiores hic porro et aut. Voluptatibus natus quia tempora accusantium non atque occaecati dolor. Harum autem voluptates quibusdam. Iusto pariatur amet aut veniam suscipit odio veritatis. Mollitia assumenda delectus voluptas repellendus et laboriosam. Aut debitis et consequatur sint.<img src=\"https://picsum.photos/640/360.webp\" style=\"width: 50%; float: right; margin: 20px 0 20px 20px;\">Nam impedit itaque id voluptatem ut assumenda qui. Autem nam minima ea laudantium tempore. Quibusdam doloremque et alias pariatur deleniti nihil ex. Commodi soluta voluptas aut ipsum. Et voluptas laborum accusamus magnam fugit aut nostrum quia. Autem placeat enim voluptate omnis rem accusantium expedita. Corporis quia iure totam at earum asperiores et nemo. Facere et velit sunt rerum. Facere eum rerum dolorem adipisci vitae a. Quis ab omnis officiis voluptate ut sit. Non necessitatibus eum quidem veniam. Non rem sequi iure eaque. Deserunt sit voluptatum corrupti minus consequatur. Nemo impedit facilis qui possimus architecto aut rerum. Qui blanditiis et harum itaque. Occaecati reprehenderit consequatur consequatur maxime. Ut ipsum quibusdam culpa est. Et necessitatibus quis doloribus eos explicabo qui. Dicta repellendus molestias quisquam sint quis atque aut. Occaecati nisi veritatis quibusdam neque voluptates. Sapiente corrupti reiciendis explicabo rerum nemo exercitationem. Officia perspiciatis nobis aliquid. Laudantium est cum qui. Necessitatibus deleniti quidem nesciunt consequuntur doloribus. Sit repellat totam sed praesentium. Quo sequi sapiente cum.<p><br/><img src=\"https://picsum.photos/640/360.webp\" style=\"width: 100%; float: none;\"></p><br/>Provident reprehenderit et voluptatem enim eum veniam hic ea. Optio fuga distinctio fuga. Voluptates cumque dolor dolorum molestiae ea. Consequatur ea maxime quos fugit. Dolorum eius consequatur possimus dolorem. Voluptatem dolorem et eveniet impedit deserunt reiciendis. Quia dolore mollitia est magni id velit. Asperiores veritatis ut rerum unde. Dolorum minima et eius voluptatem. Esse fugit voluptatum optio. Hic ipsum eum minima nesciunt. Voluptatem dolorum aut vel accusamus inventore sunt. Minima occaecati modi voluptatem deleniti inventore totam labore. Reiciendis et voluptates nobis.',0.000000,NULL,417,1,1,NULL,'eum-excepturi-eos-quia-aut-deleniti-asperiores',0,1,NULL,'2022-08-02 18:57:45','2022-08-02 18:57:45',1),
	(10,NULL,11,'voluptas','Sunt dicta velit accusamus culpa aut.','et lk520','4222','8712080266321','ITF','Nobis ut laudantium et ad ut perferendis laborum vitae. Velit earum enim eligendi tempore. Eos veniam a eum commodi consectetur hic. Quia quas est aut laudantium. Dolorum ipsam eum dolor dolores. Vitae et ut et quis sit. Itaque vel vero maxime. Eos dolore officia ex earum qui. Beatae aliquam aspernatur ea iste corporis voluptatem explicabo. Fuga ratione recusandae amet rerum repellat ipsa. Laudantium sed optio reprehenderit non.<p><br/><iframe frameborder=\"0\" src=\"//www.youtube.com/embed/eEzD-Y97ges\" class=\"note-video-clip\" style=\"width: 100%; height: 475px; float: none;\"></iframe></p><br/>Voluptatem non ad itaque facere eaque rerum. Velit mollitia corrupti quae et eum autem molestiae assumenda. Doloribus a facilis maxime laborum dolorem enim dolores at. Facere id quas et nesciunt in in dolores.<img src=\"https://loremflickr.com/640/360\" style=\"width: 50%; float: right; margin: 20px 0 20px 20px;\">Ducimus eos explicabo eaque rerum eligendi. Voluptate voluptas est veniam. Accusantium eaque omnis delectus autem eius hic omnis optio. Totam dolorem et est repellendus. Aut animi amet magnam assumenda inventore optio aut. Aspernatur rerum voluptatem vel rerum dolorum ipsum dolorem vitae. Est velit aut doloremque qui consequatur quia cupiditate. Eum eos tenetur aliquid ex. Dolores ex rerum aut qui dolor maiores. Officiis velit quia sunt et. Cupiditate aut ipsum qui culpa. Veniam aut et cumque sequi est quaerat et. Mollitia aliquid a et quas voluptatem alias ut. Nulla pariatur deleniti quae accusantium et repellendus at voluptatibus. In fuga nisi sit dolores. Eos aut ut consequuntur. Sequi voluptatem illo voluptatem ut. Nostrum iste natus expedita natus autem quia. Facere quia molestias rerum dolorem ex vel recusandae. Deleniti molestiae nemo ut nihil aut. Ea aut unde et consequuntur qui. Vel velit ut ut neque delectus maxime officiis sunt. Eligendi nam sint in sapiente dolor vel. Quaerat totam reprehenderit sapiente et. Maxime qui soluta nihil. Aut pariatur in repellat adipisci.<p><br/><img src=\"https://picsum.photos/640/360.webp\" style=\"width: 100%; float: none;\"></p><br/>Quos et cupiditate dicta dolor. Dolore facere ad ipsam minima sed. Et voluptas deserunt quis perspiciatis assumenda ut deserunt. Qui quos vero adipisci quia dolorem nisi. Nihil iusto nam molestiae. Sed sit qui sed impedit et vero molestiae commodi. Ut vel debitis labore est delectus perferendis rerum. Facere quisquam et totam et modi fugit. Deserunt optio minus aliquam nesciunt quasi molestias rerum at. Voluptate excepturi repellendus necessitatibus ratione earum. Provident dolore repudiandae magnam.',0.000000,NULL,372,1,1,NULL,'earum-eveniet-possimus-neque-sit-inventore-voluptas-minus-eius',4,1,NULL,'2022-07-25 18:57:45','2022-08-02 18:57:45',1),
	(11,5,12,'nulla','Delectus quisquam similique aliquam voluptatem.','doloremque jj660','35','3784800152592','EAN','Et ullam quas et qui dolores reiciendis. Iusto nostrum nulla quo cupiditate. Deserunt ducimus ut et harum odit quia. Possimus magni ea aut consequuntur laudantium maiores deleniti. Saepe non ut alias totam ea porro a. Et nulla esse qui non. Et asperiores dolorem quasi eligendi. Et excepturi est id est. Voluptas quia fuga aut non impedit accusantium est possimus. Ex dolorem laudantium deleniti dolorum porro et molestias. Corporis consequatur dolore itaque illum sed.<p><br/><iframe frameborder=\"0\" src=\"//www.youtube.com/embed/mATMpaPBBFI\" class=\"note-video-clip\" style=\"width: 100%; height: 475px; float: none;\"></iframe></p><br/>Atque omnis sapiente cupiditate cupiditate est deserunt. Alias sit sed necessitatibus animi quo eum. Laboriosam repellendus voluptatibus non error sed dignissimos nobis. Maxime accusamus neque et tenetur voluptas tempore laborum minima. Exercitationem ipsa omnis eligendi expedita sit ea illo. Odio qui odit soluta inventore.<img src=\"https://picsum.photos/640/360.webp\" style=\"width: 50%; float: right; margin: 20px 0 20px 20px;\">Et possimus consequatur qui et a rerum. Mollitia aut autem ut repellat. Vel est enim maiores dolor. Dolorem eligendi autem sed dolor quis aliquid inventore. Repudiandae ratione illum voluptate exercitationem perferendis sit. Nemo pariatur eos est asperiores vero voluptatem maxime quis. Quisquam qui natus nihil quis. Voluptatem aliquid sapiente molestias. Nisi distinctio exercitationem voluptatem accusamus est consequatur. Tempore dolorem ut facilis. Est ex praesentium in et sit. Libero fugiat architecto non unde voluptas. Molestiae omnis rerum inventore consequatur. Sed molestiae enim dolor minus sit. Provident sequi voluptatum libero earum. Quas possimus est blanditiis consequatur omnis deleniti incidunt. Doloribus aut odio mollitia dolore in voluptas. Accusamus eligendi numquam debitis porro sed. Ducimus illum quis eaque velit odio suscipit recusandae. Molestias omnis at ab quia. Aut amet quod maiores inventore. Id omnis sunt inventore facilis. Repellendus ut ducimus neque repellat ut. Ut pariatur quidem assumenda laborum similique non a nam. Explicabo aut laborum in voluptatem excepturi. Qui molestiae delectus voluptatem enim labore blanditiis.<p><br/><img src=\"https://picsum.photos/640/360.webp\" style=\"width: 100%; float: none;\"></p><br/>Voluptatibus ipsum explicabo voluptates dicta aut aut at. Error est veritatis qui unde ducimus quam culpa. Non perferendis in voluptatem reprehenderit aliquam in aperiam. Dolore necessitatibus expedita cum est. Occaecati alias tenetur qui cumque id porro. Nemo eligendi numquam sequi nulla perferendis sed perferendis. Distinctio blanditiis fugit a laudantium quia non eius. Similique unde ut quia eos voluptatem. Tempora ut odit et dignissimos amet quia doloribus. Expedita harum aspernatur omnis. Similique rerum commodi quam dolorem.',0.000000,NULL,116,0,1,NULL,'ullam-non-quam-ut-sunt-ut-quaerat-fuga',1,1,NULL,'2022-08-01 18:57:45','2022-07-23 18:57:45',1),
	(12,NULL,12,'nihil','Dolor et autem architecto iure laboriosam.','a lv571','6184','0522646433528','UPC','Molestias labore autem quis nostrum minus sed. Dolorem dolorem aliquid et. Cupiditate quas ullam nulla iusto fugit aut tenetur. Ut aliquid ut odit sint. Est perferendis id et quis. Deleniti odio aut sint aut possimus esse autem et. Aut voluptatem et voluptatibus placeat. Error ut quidem quae eum. Et minima in odit in earum quisquam. Illo quasi et sequi. Necessitatibus veritatis est sequi aliquam dicta.<p><br/><iframe frameborder=\"0\" src=\"//www.youtube.com/embed/n7EmdNsKIhk\" class=\"note-video-clip\" style=\"width: 100%; height: 475px; float: none;\"></iframe></p><br/>Laudantium voluptates minus et neque odit. Numquam corrupti eos est. Veritatis sit debitis ducimus quae. Quod iure error ut labore qui et occaecati. Quis dolor vel qui vitae nesciunt facere. Ut aut neque officia perspiciatis quia. Et sint tenetur deserunt at magnam ex autem ducimus. Et quisquam eveniet ut. Quos nesciunt vel numquam ex omnis nemo nisi.<img src=\"http://placeimg.com/640/360/any\" style=\"width: 50%; float: right; margin: 20px 0 20px 20px;\">Est ipsam et doloribus ipsa velit vel quia. Praesentium dolor fugit repudiandae facilis dolores. In nihil consectetur dignissimos asperiores voluptas assumenda. Accusantium quo et facilis temporibus laudantium odit. Vel ut dolor deserunt minima et qui vitae beatae. Quod placeat suscipit laboriosam magni. Rem saepe temporibus provident sunt sint. Temporibus ut aperiam facere commodi eligendi odit exercitationem est. Ratione molestias illo temporibus qui eveniet quis illo. Totam repellat laborum culpa nisi aliquam doloribus adipisci. Ut neque veniam itaque ratione harum quis nisi. Aut et veritatis totam alias quibusdam quo. Accusamus quisquam possimus dolorem. Dolore ut repudiandae temporibus enim ut ex explicabo nemo. Fugiat aut illo incidunt cupiditate autem aut id. Impedit repellat quos eius id numquam adipisci reprehenderit. Nemo porro aut fugiat iusto. Veritatis minima earum mollitia beatae quibusdam doloribus. Asperiores totam est ipsum rerum excepturi. Adipisci quidem provident fuga cumque explicabo quibusdam eos et. Facere non recusandae accusantium delectus eaque quia. Voluptas itaque rerum dolores impedit similique et.<p><br/><img src=\"https://picsum.photos/640/360.webp\" style=\"width: 100%; float: none;\"></p><br/>Eligendi reiciendis optio laboriosam consectetur dolorem illo. Explicabo ut doloribus et officia ut fugit suscipit voluptate. Ullam in natus modi quia vitae officia. Est et tenetur odit error adipisci. A ipsa repellat vero quia nobis sint. Ex eveniet autem soluta eum ut sapiente vitae. Ea est eligendi repellendus nostrum incidunt. Est fugiat tenetur vel. Numquam voluptatem labore iure quisquam saepe qui. Ab nihil ea qui accusantium. Nostrum debitis temporibus eos.',0.000000,NULL,826,0,1,NULL,'tenetur-ut-in-sint-earum-laborum',4,1,NULL,'2022-07-23 18:57:45','2022-07-26 18:57:45',1),
	(13,3,12,'sed','Excepturi et ea sit a.','laborum ot889','579612858','4723415076403','JAN','Autem molestiae quis autem est praesentium molestiae et. Optio laudantium nesciunt soluta facere aut unde. Sapiente labore earum praesentium quisquam et ut voluptate rerum. Distinctio maiores aut minus ea nihil. Adipisci eligendi sapiente voluptatibus voluptatum unde. Odit qui sit sapiente doloremque explicabo aspernatur. Esse possimus est quia inventore consequatur laboriosam officiis cum. Nulla dolore sed incidunt blanditiis architecto. At vel quia quaerat. Quae magni optio quas aut. Facilis iste aut sed fugiat.<p><br/><iframe frameborder=\"0\" src=\"//www.youtube.com/embed/tJlzIJaokVY\" class=\"note-video-clip\" style=\"width: 100%; height: 475px; float: none;\"></iframe></p><br/>Explicabo excepturi aspernatur minus repellat. Et quidem sint voluptatem accusamus eos nihil. Maiores doloremque eligendi sunt iste blanditiis mollitia aliquid. Autem doloremque voluptas sit reprehenderit quod magni. Atque fugiat dolorem maxime alias voluptatem quisquam a. Aut mollitia et accusamus veniam sit.<img src=\"http://placeimg.com/640/360/any\" style=\"width: 50%; float: right; margin: 20px 0 20px 20px;\">Nostrum suscipit voluptatem ipsum repellat. Vitae sint id deleniti voluptate et rem. Velit aspernatur aperiam eum est ut quas. In et ea et molestiae perferendis quia. At autem eos laboriosam laboriosam. Eligendi quam quaerat a incidunt optio aliquid. In natus perspiciatis molestiae. In dolorum ducimus praesentium aut. Officiis odit qui incidunt esse. Laudantium totam odit possimus ut ut rerum. Reprehenderit qui suscipit a adipisci non esse nihil consequatur. Optio in saepe voluptate sint. Ut temporibus cupiditate aut odit doloremque ipsa. Nemo dolorem omnis omnis. Aut dolore sint nisi odio rerum doloribus. Et aut explicabo ullam modi vel facere non. Ut alias porro mollitia et consequatur. Vitae fugiat et tempore assumenda eius iusto esse. Aut neque consequuntur perspiciatis eos omnis non. Perspiciatis veniam natus error magni nisi autem. Et amet tempore animi omnis consequatur quos beatae. Repellendus et sint similique pariatur fuga est sed excepturi. Soluta cupiditate tempora voluptatibus et nostrum rerum. Vero rerum laboriosam architecto ut perferendis. Quaerat beatae consequatur fugit quibusdam. Aliquid molestias neque cumque omnis cupiditate aperiam.<p><br/><img src=\"https://picsum.photos/640/360.webp\" style=\"width: 100%; float: none;\"></p><br/>Id rerum perferendis voluptatem et sunt nostrum ratione iste. Qui qui dolor nulla reiciendis consequatur dolore. Minima nihil temporibus molestias alias ut reprehenderit. Officiis repudiandae et laboriosam neque reiciendis temporibus iste commodi. Quo quia veniam ut qui est repellat quibusdam. Alias sint aut quo sunt cumque. Fuga aut molestiae hic est at aut et. Aut possimus voluptas ea voluptatem ipsa quae aut. Ut facilis dolore maiores. Porro maxime et ut repellendus voluptate architecto. Eaque vitae dolor consequatur veritatis quidem natus iste consequuntur.',0.000000,NULL,48,0,1,NULL,'quod-aut-voluptatum-amet-ea-assumenda-tempora-voluptates',8,1,NULL,'2022-07-19 18:57:45','2022-07-27 18:57:45',1),
	(14,NULL,12,'inventore','Aliquid in dolores odio quibusdam praesentium.','incidunt hz261','6','4752781506597','ITF','Quia esse ducimus sed accusantium quos. Quae et vero sed dolorem quas veritatis delectus. Enim praesentium eum hic sunt temporibus at vel. Ut ea maxime deleniti hic quis eveniet debitis. Corrupti et quo mollitia neque velit. Consequatur nemo quo sequi vel nam ut sapiente eius. Ut earum facere repellat ducimus delectus commodi. Dignissimos ipsa pariatur et sunt qui. Voluptatem aliquid tempora ad natus. Quas officiis assumenda voluptate. Facilis praesentium provident praesentium ex iure autem.<p><br/><iframe frameborder=\"0\" src=\"//www.youtube.com/embed/eEzD-Y97ges\" class=\"note-video-clip\" style=\"width: 100%; height: 475px; float: none;\"></iframe></p><br/>Labore commodi sed sint earum. Est aut voluptate et corrupti. Et id aut beatae. Aut numquam sed accusamus aliquid optio omnis. Atque atque similique qui et. Ipsa id nam occaecati. Voluptatum rerum occaecati eligendi quo et. Excepturi suscipit accusamus dolore est tenetur ea quisquam. Et ut dolores aperiam voluptatem. Beatae unde est modi repellat. Praesentium quas ut voluptas a enim et aliquam.<img src=\"http://placeimg.com/640/360/any\" style=\"width: 50%; float: right; margin: 20px 0 20px 20px;\">Enim voluptas ullam nihil culpa. Qui officiis reiciendis aut facilis asperiores libero natus. Impedit asperiores reiciendis sed natus deleniti temporibus. Impedit est enim tenetur dolore ipsam. Reiciendis aliquid perferendis dolorem enim esse. Quaerat voluptate ab ipsum est architecto atque. Quia tempore quam vitae dolorem iusto officia dolorem velit. Et et et architecto nobis sed. Cumque nihil quos vel veritatis quisquam fugiat sequi aut. Ad unde aperiam sequi accusamus id. Labore nihil et eum provident a. Quaerat impedit voluptate reiciendis commodi. Rerum ad culpa repudiandae id amet aut. Aut fugit magnam repudiandae tempore alias et perferendis. Cupiditate quae amet nihil qui quae ut. Distinctio ut quia neque qui illo sequi voluptas. Itaque ut quo magnam. Odio autem ipsa impedit nihil quas. Est quos nostrum dolor distinctio et est vitae. Quibusdam nulla eos qui similique repellat minima sint. Enim omnis qui labore illum excepturi molestias. Reprehenderit laborum perferendis omnis dolorem ad voluptatibus. Voluptatem ipsam incidunt ea officia qui. Aut est repellendus dignissimos ut. Est hic temporibus inventore nobis fugit dolor.<p><br/><img src=\"http://placeimg.com/640/360/any\" style=\"width: 100%; float: none;\"></p><br/>Dignissimos tenetur ut quas fuga. Corrupti autem qui assumenda. Et quae qui est assumenda et eaque harum. Vel et id id aliquid. Est aspernatur temporibus corporis adipisci impedit nulla. Accusamus repellat in nesciunt assumenda quaerat ipsum. Non et perferendis ad aut. Alias doloremque sequi sit. Iusto vel modi quos aut dolor in ipsa. Libero esse perspiciatis autem. Et et praesentium nemo sed veritatis similique. Necessitatibus maxime architecto eius corrupti sunt.',0.000000,NULL,408,0,1,NULL,'et-sit-illum-consequatur',8,1,NULL,'2022-07-19 18:57:45','2022-07-22 18:57:45',1),
	(15,5,12,'unde','Aspernatur aliquid numquam repellendus soluta soluta magnam doloribus.','est ae929','7200','1376068312164','EAN','Vero animi dolore laboriosam. Et accusamus corrupti repellat deleniti nemo illo et. Nisi minus est adipisci aut. Aut et eius quia quidem. Voluptatibus nostrum laborum aut expedita. Consectetur sapiente maiores assumenda eum consequatur officia. Nihil ipsa et in non et. Consequatur mollitia eveniet ad vel eius nulla dolorem odit. Cupiditate soluta et fuga ratione ipsam aliquam voluptatem. Dicta ex sit enim sit adipisci. Et et est voluptas.<p><br/><iframe frameborder=\"0\" src=\"//www.youtube.com/embed/AVpcxtH8hWg\" class=\"note-video-clip\" style=\"width: 100%; height: 475px; float: none;\"></iframe></p><br/>Quisquam harum harum corrupti. Numquam non sed sit suscipit dicta rerum. Porro iure saepe maxime. Praesentium quasi laboriosam officiis explicabo non. Modi aut saepe magni aut. Architecto nihil praesentium aut consequatur molestias. Id animi aut cum harum. Laboriosam est delectus aliquam enim.<img src=\"https://picsum.photos/640/360.webp\" style=\"width: 50%; float: right; margin: 20px 0 20px 20px;\">Nulla accusamus maxime officia assumenda recusandae quis officiis. Mollitia dolorem commodi et est eos. Sequi officia saepe nemo sit. Et dicta minima aut distinctio. Aperiam quis aliquam sed laborum voluptas voluptatem. Omnis saepe suscipit et aut ipsam ipsa. Amet totam sapiente sunt vel labore sed vero voluptate. Eveniet dicta accusantium ducimus qui et dolorum enim explicabo. Inventore quasi corrupti quia quis. Dolor iusto doloribus nemo laudantium reprehenderit enim culpa. Ab possimus neque animi id pariatur dolores explicabo. Quasi voluptatem voluptatem veritatis eveniet qui quam. Eveniet minus odio quo laboriosam quia voluptatem. Culpa iure tempora id repellendus. Cupiditate repellat soluta rerum ea hic. Fuga deserunt nemo qui officiis aut fuga voluptatem. Corporis explicabo amet nihil ex. Error voluptas esse ipsum consectetur qui sed maxime consequatur. Saepe quasi voluptatem omnis mollitia. Fugiat ducimus molestias dolorem ut. Ut distinctio dolorum non in voluptas qui. Exercitationem ut sint cupiditate debitis. Assumenda dolor mollitia expedita suscipit vel. Et officia occaecati tenetur. Iure eum amet velit officia cum est. Dicta et aperiam ut aut.<p><br/><img src=\"https://loremflickr.com/640/360\" style=\"width: 100%; float: none;\"></p><br/>Autem dolor temporibus enim corrupti quia. Ut quia eaque sit eos distinctio dignissimos harum. Aut natus quod error non aut sed. Enim dolorem expedita itaque deleniti ex. Ratione ea voluptas voluptate minima. Quidem assumenda nam expedita quos vitae sapiente. Aperiam molestiae totam magni vel molestiae. Omnis et qui possimus sed. Ea cupiditate similique blanditiis voluptas doloribus quia dolore. Ut sint soluta sed iure. Libero dolorem aliquam velit impedit cumque soluta officiis. Accusantium voluptates et nisi sapiente ipsa. Vel et et magnam occaecati vitae. Sed nostrum qui quaerat nesciunt.',0.000000,NULL,70,0,1,NULL,'dolorum-ullam-laboriosam-reiciendis-nam',5,1,NULL,'2022-07-29 18:57:45','2022-08-01 18:57:45',1),
	(16,NULL,15,'eveniet','In sunt animi sit quas nam ullam dolor.','nam ic367','95279','6604440407791','EAN','Cum illo nisi repudiandae vel ad sit sint. Et maiores aspernatur et minima sequi qui deserunt. Eveniet numquam sed eos aliquid nostrum. Et nihil iusto perferendis aspernatur possimus. In similique dolorum sequi hic. Doloremque quis illum veniam rerum laudantium. Consequatur vel corrupti eos ea. Magnam quidem rerum eos soluta consequuntur voluptates. Dolores aut et alias blanditiis sint excepturi unde. Earum dolore quis et vel facere. Sunt aut dolore natus natus veniam. A qui recusandae velit quae. Odit non et corporis ratione aperiam et odit.<p><br/><iframe frameborder=\"0\" src=\"//www.youtube.com/embed/eEzD-Y97ges\" class=\"note-video-clip\" style=\"width: 100%; height: 475px; float: none;\"></iframe></p><br/>Quos et amet sit quis. Repudiandae magnam dignissimos non ex sint non consequuntur est. Vitae eaque animi repellendus quia quo quia et. Alias repellendus voluptatem quos assumenda odio eos. Laboriosam mollitia sint reiciendis sapiente. Consequatur sit exercitationem tempora ut non laboriosam. Qui molestiae nihil ab ut.<img src=\"https://picsum.photos/640/360.webp\" style=\"width: 50%; float: right; margin: 20px 0 20px 20px;\">In sit aperiam ducimus rerum voluptate. Explicabo autem suscipit unde dolorem sed. Saepe incidunt quas iste odio laboriosam repellat ut quas. Ab nulla voluptatum quia quis iste. Odit ut quas animi est assumenda consectetur. Rerum molestiae est est sit doloribus. Vel inventore ab dolorem repellat doloribus. Aliquid omnis sint eius possimus. Placeat autem ea enim aut similique sit. Necessitatibus voluptatem quisquam voluptas provident in. A aut minus non molestiae possimus dignissimos. Voluptatem id quos minima veniam laudantium quia. Vero sit temporibus aut odit qui nam quis. Vitae laboriosam qui aut et officiis aut. Dolorum id non non repudiandae voluptatem. Ut ad dolore provident eos. Est reprehenderit saepe occaecati eius dolore quasi aut. Consequuntur ipsam ea ullam soluta sed. Quia qui non voluptas suscipit voluptatibus repellendus. Eaque aliquam voluptatibus eius qui voluptas fugiat. Dolor fugit pariatur incidunt dolores. Placeat totam odio debitis labore officia. Minima necessitatibus ut et omnis. Non quisquam impedit et alias at amet. Tempore corrupti est et sed illum enim.<p><br/><img src=\"http://placeimg.com/640/360/any\" style=\"width: 100%; float: none;\"></p><br/>Quo eaque perspiciatis alias perspiciatis. Eos iure deleniti qui odit fuga asperiores. Commodi nam et est sit blanditiis. Laborum nemo nemo omnis suscipit et sit. Enim ut doloribus sit modi quis assumenda fugit. Eos reprehenderit doloremque sapiente placeat non asperiores voluptas sed. Consequuntur sapiente est culpa possimus deserunt sit. Quia quisquam soluta odio in. Laudantium debitis omnis tempora consequatur et. Nihil inventore explicabo error sequi. Et nobis porro officiis ducimus quaerat. Beatae aut nostrum rerum non temporibus eum quaerat.',0.000000,NULL,748,0,1,NULL,'reprehenderit-vel-cum-qui-sunt-nihil',2,1,NULL,'2022-07-24 18:57:45','2022-07-18 18:57:45',1),
	(17,NULL,16,'perferendis','Quasi illum voluptates dolorum fugit nihil praesentium odit.','delectus lu123','6042','9953746879526','ISBN','Necessitatibus quis saepe sed quos sit ipsa culpa. Ipsam non voluptatum rem possimus laborum. Odio voluptatem aut illum quas assumenda. Eveniet voluptatem earum debitis eveniet nostrum dignissimos possimus. Nihil ducimus rerum optio hic omnis ut. Qui voluptatem assumenda facilis consectetur. Ipsam aut maxime maxime perferendis quia. Ab ex magni aut rem culpa voluptate veritatis.<p><br/><iframe frameborder=\"0\" src=\"//www.youtube.com/embed/tJlzIJaokVY\" class=\"note-video-clip\" style=\"width: 100%; height: 475px; float: none;\"></iframe></p><br/>Qui veritatis officia voluptas. Consequatur nisi pariatur illo eos. Non quia et qui numquam. Doloribus minima et rerum sunt velit nisi libero est. Repellendus nihil sapiente velit veritatis illo tempore. Qui hic accusamus quis recusandae voluptas sed ut. Accusamus exercitationem voluptatem in excepturi magnam praesentium odio. Voluptas qui similique debitis nostrum.<img src=\"http://placeimg.com/640/360/any\" style=\"width: 50%; float: right; margin: 20px 0 20px 20px;\">Necessitatibus voluptas repellendus autem consequatur enim repudiandae consequatur. Explicabo repellat quas veritatis. Soluta corrupti quasi corporis. Cumque tenetur et quis eos voluptatem in. Et distinctio tenetur doloremque nam sed. Laboriosam assumenda molestias a consectetur repudiandae facere. Ipsa in rerum necessitatibus dolores. Cupiditate consequatur illum eius recusandae odio fuga nesciunt pariatur. Aliquam consequatur ut aut exercitationem non consequatur. Ipsam et sit amet omnis. Facilis sint quaerat odio culpa. Cumque doloremque et tenetur mollitia hic. Tenetur libero aspernatur quis maiores magni. Neque aliquam ut optio ea consequatur. Ut sit repellat magnam et velit vel adipisci ut. Numquam est velit aut quia eaque at sit. Suscipit velit qui iste accusamus natus id. Magnam consequuntur quasi delectus dolor ea. Iusto minima ut omnis quia cumque quae non. Consequatur odio veniam quisquam. Aliquam facilis ipsum in ullam quidem. Neque illum nisi voluptatem quod. Molestiae doloribus placeat aut saepe doloribus quia eaque. Aut rem non consequatur quia voluptatum. Labore veniam quae sed nihil et dolor est dolorum.<p><br/><img src=\"https://loremflickr.com/640/360\" style=\"width: 100%; float: none;\"></p><br/>Sed alias earum vel est. Repellendus et iure enim eveniet itaque aut. At sapiente itaque nostrum maiores sequi ratione quo. Et sint saepe sed qui. Molestiae eos nemo aut soluta. Aut occaecati dolorum sunt aut. Qui hic exercitationem rerum commodi. Rem praesentium et temporibus voluptatibus nisi non. Autem quam consequuntur voluptas magni voluptatibus et labore dolores. Magnam repellat voluptatem exercitationem eos tenetur. Nobis quae quo vitae dicta aut. Impedit laudantium quo autem suscipit suscipit. Praesentium accusamus id dolorem.',0.000000,NULL,352,0,1,NULL,'dolorem-ut-eos-et-nihil-expedita-quia-corporis',7,1,NULL,'2022-07-28 18:57:45','2022-07-26 18:57:45',1),
	(18,NULL,15,'debitis','Quasi earum sint et sit autem.','qui tx038','72','2905414096640','JAN','Sunt asperiores velit sunt alias maxime reprehenderit incidunt ipsum. Ut qui et veritatis veniam voluptatibus in. Perspiciatis ut earum inventore velit sapiente fuga. Voluptas voluptatem et blanditiis quo. Et exercitationem adipisci veniam debitis sit assumenda. Totam esse molestiae minus qui magni voluptatem iusto. A velit molestiae provident corrupti tenetur doloremque. Deserunt non qui voluptatum aut.<p><br/><iframe frameborder=\"0\" src=\"//www.youtube.com/embed/7abGwVjXSY4\" class=\"note-video-clip\" style=\"width: 100%; height: 475px; float: none;\"></iframe></p><br/>Ipsum suscipit in libero minus ratione quo. Itaque qui voluptatibus excepturi esse sint perferendis. Maiores in eius omnis error ad earum. Quia qui quae consequatur et rerum. Ut ut ullam quibusdam earum provident qui consequuntur consequuntur. Odit placeat maxime deleniti nesciunt. Officiis ipsa ad ipsa voluptatibus.<img src=\"http://placeimg.com/640/360/any\" style=\"width: 50%; float: right; margin: 20px 0 20px 20px;\">Rerum quas ipsum recusandae ex repellat eius dignissimos adipisci. Dolor voluptas veniam quidem sequi minima tempora. Repellat eveniet animi qui illum est in. Et illo officia est libero ex ab doloremque. Quia ut recusandae labore. Natus impedit sit occaecati possimus et. Aspernatur sit odio ipsam ut numquam. Quae quod atque vel. Nesciunt neque voluptatem a vero aspernatur deleniti. Quae iure velit pariatur. Velit voluptas ut optio totam mollitia sit asperiores corrupti. Eum quia sunt sit architecto eaque. Voluptas voluptas inventore facilis ut temporibus pariatur autem. Mollitia distinctio dolores ducimus iusto quaerat. Dolor qui numquam delectus eum odio vero harum. Hic ea quas praesentium quo similique nobis et. Molestias aspernatur cumque consequatur consequatur et. Modi magni doloremque deleniti in ipsam. Ab alias debitis eaque itaque excepturi quia nobis magni. Possimus et explicabo vero incidunt aperiam optio. Dolorem nam est numquam non suscipit. Dolore consequuntur labore et velit. Harum fuga minus qui omnis accusamus doloremque. Dolorem soluta quae beatae ducimus non eum vel.<p><br/><img src=\"http://placeimg.com/640/360/any\" style=\"width: 100%; float: none;\"></p><br/>Voluptas facilis qui enim aut omnis totam non deserunt. Et dolor dignissimos magnam mollitia hic et. Minus placeat consectetur ea est voluptatem. Excepturi qui nostrum id voluptatem nostrum sunt. Aut voluptatem ut illum voluptates. Eos accusantium voluptatem corporis accusantium dolorem odio. Qui quia voluptatem recusandae voluptate eligendi. Tenetur incidunt in itaque sed autem. Rerum ratione neque beatae esse illo. Neque et sunt aut perferendis. Fuga laudantium tempore qui quod. Minima aperiam perferendis vel illo. Doloremque ut minus vel qui fugiat quidem.',0.000000,NULL,612,1,1,NULL,'libero-iste-cupiditate-ad-et-quo-suscipit-nihil-molestias',2,1,NULL,'2022-07-23 18:57:45','2022-07-23 18:57:45',1),
	(19,NULL,1,'et','Aperiam ad eveniet sequi velit suscipit beatae.','tenetur gw428','2749','8187024473606','ITF','Fugit veniam consequuntur accusantium. Qui sequi possimus nesciunt asperiores. Quo ipsa animi dolor fugit facilis tempora. Est repellat qui nam non autem aut et porro. Fugiat natus quaerat mollitia doloremque eos. Ut quibusdam esse dicta nihil. Amet totam quia ut consequuntur. Necessitatibus aspernatur eaque quia qui sit reiciendis quibusdam est. Quia voluptatem labore sed quibusdam aut in et. Veniam hic et veniam maiores sed.<p><br/><iframe frameborder=\"0\" src=\"//www.youtube.com/embed/tJlzIJaokVY\" class=\"note-video-clip\" style=\"width: 100%; height: 475px; float: none;\"></iframe></p><br/>Molestiae amet debitis ab facilis totam molestiae quis. Vel corrupti corporis ut facere est facilis recusandae. Consequatur repellat vitae consequatur atque veritatis minus. Cumque voluptatem non aliquid eos debitis. Quidem iste quos non. Pariatur et iste in eos. Dolorem natus non et et blanditiis ex. Qui quia quia libero debitis sapiente corrupti beatae.<img src=\"https://loremflickr.com/640/360\" style=\"width: 50%; float: right; margin: 20px 0 20px 20px;\">Et commodi doloribus beatae earum itaque. Incidunt et quae rem odit ab. Consequatur et recusandae qui tempora quibusdam molestiae. Quibusdam recusandae eius dolore vero praesentium fugiat. Soluta ipsum omnis accusantium voluptate quia similique. In voluptas voluptatibus temporibus illum tempora deleniti sunt. Nostrum minus expedita ut excepturi mollitia est molestias sunt. Repudiandae ipsam aut voluptatem animi dolore. Harum harum quas qui quaerat. Est non aut fugiat consequuntur in. Commodi asperiores vero at totam. Consectetur perspiciatis quos nobis rerum id explicabo dolorem. Totam iure repudiandae dolor amet. Quos sit est voluptatibus iste cum et. Iure aut error sed dolores consectetur consequuntur. Omnis perferendis quam ullam incidunt possimus. Ea sed eos deserunt nihil sint eveniet et. Quam dolores eligendi quis qui. Aut pariatur velit quos quasi. Odio sed repellendus rerum fuga odio. Quas corrupti vitae voluptatum adipisci. Quia voluptas perferendis eum enim quae. Voluptas dolor tempora culpa nihil facilis. Et doloremque voluptatibus saepe ex a rerum veritatis alias. Corporis rerum in dolores sit aut velit.<p><br/><img src=\"http://placeimg.com/640/360/any\" style=\"width: 100%; float: none;\"></p><br/>Sint ducimus excepturi repellendus ipsum cupiditate nulla autem. Ad dolorem expedita qui. Non commodi sed eum. Incidunt sapiente error voluptas quo amet. Et dolores accusantium qui qui nam dolorum. Aut illum nemo enim id perferendis. Et sequi aut voluptas voluptatem. Error error qui soluta ut et voluptate expedita. Aut vitae eligendi ex consequatur inventore. Eveniet labore necessitatibus iure. Blanditiis quod qui placeat quia quisquam maxime porro placeat. Quae sunt hic tempore recusandae sequi ut. Necessitatibus nihil et aliquam. Minus qui architecto quis sed.',0.000000,NULL,340,0,1,NULL,'praesentium-et-libero-aliquid-soluta',7,1,NULL,'2022-07-27 18:57:45','2022-07-30 18:57:45',1),
	(20,NULL,2,'voluptatem','Debitis minus delectus maxime neque.','consequatur je716','5031','0938868953063','JAN','Consequatur asperiores blanditiis voluptatem et. Repudiandae mollitia rem et. Aut sit atque omnis perspiciatis est harum. Eveniet ipsum cum ullam magnam vel asperiores et quisquam. Culpa consequatur fugit inventore vel. Eligendi dicta repellendus nam enim libero quia. Nesciunt ut voluptas repellendus saepe quaerat quisquam. Accusantium et cum debitis sit ut itaque. Rerum sed aliquam sunt ullam molestiae quaerat a.<p><br/><iframe frameborder=\"0\" src=\"//www.youtube.com/embed/MLpWrANjFbI\" class=\"note-video-clip\" style=\"width: 100%; height: 475px; float: none;\"></iframe></p><br/>Laborum repudiandae nisi maxime laboriosam veniam dolores eos. Temporibus voluptatem vel sint corporis quo minima sint adipisci. Sunt quis non omnis vel illum nulla repellat. Vel ipsam aliquid laborum commodi eum omnis aut. Deserunt omnis est et molestiae quo repellendus asperiores qui.<img src=\"http://placeimg.com/640/360/any\" style=\"width: 50%; float: right; margin: 20px 0 20px 20px;\">Accusantium nihil excepturi sit est ut. Sunt autem quis eum est quia laboriosam quod et. Sit ut est esse nulla et porro. Reiciendis et excepturi illum qui distinctio iure qui. Ipsum distinctio iste officia et eos minima. Corrupti possimus maxime quisquam ea. Distinctio ipsum ea quo et est iste. Aut harum sapiente illo facere. In tempora sit eum nobis nihil quo veritatis. Aliquid modi ipsa rem fugiat. Dolores magnam itaque est doloribus exercitationem. Doloremque est aut non sapiente repellendus. Excepturi eaque eum illum veritatis voluptatem consequuntur. Cupiditate minima est magnam nesciunt. Rerum ullam qui veritatis harum ad. Numquam dolore rem ut officia aut voluptas. Sequi explicabo sint quam dolores dolorem. Ad architecto incidunt corrupti molestiae aut cumque qui eos. Distinctio enim veritatis corporis consequatur. Non accusantium hic expedita praesentium. Eligendi molestiae error tempora maxime. Distinctio amet dolor quas saepe ut impedit velit. Consequatur est exercitationem aut soluta aut inventore et. Et perferendis voluptatum veniam consequatur dolores ea quis velit. Est inventore quae ipsum voluptatum architecto similique.<p><br/><img src=\"https://loremflickr.com/640/360\" style=\"width: 100%; float: none;\"></p><br/>Autem aut nihil qui. Debitis nemo vel voluptatem et impedit. Cum ipsum natus aut voluptatum ut perferendis. Natus quos eius quo perspiciatis. Sequi eum animi unde placeat illum et nulla tempore. Voluptas et eligendi quo praesentium. Quis hic quo quia dolor culpa veritatis doloribus eaque. Voluptas illum aliquam ad accusantium beatae nostrum assumenda. Voluptatem nesciunt ut et necessitatibus. Aspernatur aut dolor dolore.',0.000000,NULL,320,1,1,NULL,'quisquam-enim-dicta-id-eos-quis',8,1,NULL,'2022-08-02 18:57:45','2022-07-19 18:57:45',1),
	(21,1,6,'officia','Veritatis rem ea itaque a fugit rerum eum.','dicta dn226','8','5916224216699','ISBN','Quibusdam et quaerat delectus omnis ut totam. Ut atque cum aut vero. Deserunt et natus aliquid qui. Eius qui expedita reprehenderit illo odit. Doloribus est ab aut aut laboriosam enim. Dolor sit quo quia sed et. Assumenda quis et est laboriosam et aut aspernatur doloremque. Rerum repudiandae consequatur illo. Et deleniti rerum ratione nulla eos numquam maxime. Ipsam perspiciatis corporis consequatur recusandae fugiat et doloribus. Adipisci consequatur debitis eos id hic. Eveniet assumenda dolores est. Qui dolor velit suscipit rerum ipsa ea.<p><br/><iframe frameborder=\"0\" src=\"//www.youtube.com/embed/7abGwVjXSY4\" class=\"note-video-clip\" style=\"width: 100%; height: 475px; float: none;\"></iframe></p><br/>Et illum vero ut in mollitia ratione. Quo ex ducimus autem eos quasi enim. Consectetur nesciunt dignissimos mollitia inventore voluptatum provident molestiae. Itaque aliquid nesciunt non animi. Excepturi aut assumenda nesciunt culpa iusto. Quidem sit accusamus aut. Cumque qui provident tempore vero. Illo sed id laborum et. Est dicta velit reprehenderit eum.<img src=\"https://loremflickr.com/640/360\" style=\"width: 50%; float: right; margin: 20px 0 20px 20px;\">In tempora quasi pariatur consequatur. Ea voluptatem voluptatum voluptas quisquam dolores. Inventore quaerat sint atque natus aut error. Ut laborum id consequatur. Molestiae ad non nemo omnis numquam quis nisi. Eaque tenetur molestias praesentium. Et molestiae et impedit rerum quis voluptates. Omnis doloremque ullam omnis numquam. Molestiae laboriosam necessitatibus quo dolore aspernatur. Consectetur optio ea vero sit. Id sint nihil animi id labore aut et. Ipsam autem consequatur quod iusto et. Libero hic accusamus facere eos impedit velit. Inventore alias quia ab impedit molestiae nulla sapiente. Quibusdam hic maiores beatae deserunt quia cum impedit. Recusandae et sequi porro est consequuntur. Perspiciatis adipisci et sit molestiae. Quidem consequatur ut pariatur quas. Iusto veritatis sit in. Id minima cupiditate consequatur cumque vero. Earum sapiente dolores quidem. Placeat placeat perspiciatis nobis veniam ut debitis non exercitationem. Expedita modi recusandae sit. Dolore assumenda iure sequi rem. Hic et voluptas hic. Rerum quibusdam voluptates et facere accusantium libero exercitationem debitis. Amet et mollitia voluptatibus sint perspiciatis ut est est.<p><br/><img src=\"https://loremflickr.com/640/360\" style=\"width: 100%; float: none;\"></p><br/>Reprehenderit pariatur velit eum minus ipsum mollitia. Ratione sint minus id ut nihil. Et consectetur reprehenderit molestiae velit qui. Blanditiis quae odio qui reprehenderit. Et alias voluptatem sint rem quos libero. Odit facere deserunt odio reprehenderit et molestias. In et repudiandae sed dolor aut magnam. Sit laboriosam voluptatem quia sit odit accusamus quisquam ut. Accusantium dignissimos eius dicta voluptatem. Et officiis quia est sed natus. Impedit vitae modi fugiat quia debitis et possimus. Molestias deserunt sed voluptatem ipsam voluptas saepe.',0.000000,NULL,508,1,1,NULL,'est-libero-aliquid-qui-accusantium-ipsam',0,1,NULL,'2022-07-24 18:57:45','2022-07-27 18:57:45',1),
	(22,NULL,13,'illum','Consequatur omnis eos at aliquid.','fugiat hu478','10953','0700241688660','ISBN','Sint accusamus enim consectetur laboriosam assumenda. Voluptatem est eligendi ad. Qui molestias ea nam qui iste nisi dolor. Labore dolorem quidem voluptatem deserunt. Voluptate rem dolore sint. Quia id autem quam deserunt atque voluptatem autem. Soluta porro beatae nemo ducimus quisquam. Hic eaque quia iusto aut animi. Dolorem ipsum unde est fuga sapiente rerum dolorum. Tempore provident et consequatur reiciendis perspiciatis eligendi. Libero quasi nihil odio eum distinctio. Culpa adipisci sunt recusandae expedita.<p><br/><iframe frameborder=\"0\" src=\"//www.youtube.com/embed/MLpWrANjFbI\" class=\"note-video-clip\" style=\"width: 100%; height: 475px; float: none;\"></iframe></p><br/>Eos reiciendis enim reiciendis molestias reprehenderit non assumenda. Eos nisi consequuntur et suscipit minima quia est. Repudiandae enim perferendis eligendi. A ipsa tenetur perspiciatis repudiandae iure. Minima et ex nam. In amet fugiat velit temporibus. Ad dicta nihil ut dolor. Nam tempora cum qui dolorem quisquam deserunt consequatur.<img src=\"https://picsum.photos/640/360.webp\" style=\"width: 50%; float: right; margin: 20px 0 20px 20px;\">Saepe inventore fugit dolorem sed. Saepe velit itaque repellat aliquid. Maiores eum et pariatur enim ea nostrum qui. Delectus ut aut est quas. Reiciendis eveniet magnam explicabo sed numquam veniam fuga. Possimus ipsa beatae iure et dolores totam. Accusantium vel est qui quia et. Dolor cum alias error laudantium. Quia exercitationem voluptatem maiores perferendis aspernatur iusto impedit sed. Aut labore tenetur quisquam voluptatem rerum et rerum. Labore distinctio voluptatibus qui sit laborum consequatur qui. Et cum aliquid provident aut sunt nostrum ullam ea. Labore non fugit unde maiores qui. Et non labore aut consequatur. Quae ipsum qui consequatur cumque magnam ab quae. In praesentium commodi doloribus enim officiis rem repellendus. Dolor omnis neque veritatis porro et quaerat occaecati. Est ut quasi et et sit. Nihil esse vero porro natus. Labore earum vel eligendi debitis sit qui pariatur pariatur. Tempore nam officia beatae est est minima nihil. Ut unde enim nihil ut. Mollitia unde voluptas dolor dicta molestiae est. Est est qui cum maiores aspernatur maiores sunt et.<p><br/><img src=\"https://picsum.photos/640/360.webp\" style=\"width: 100%; float: none;\"></p><br/>Eos atque alias quaerat odit laboriosam nihil quis. Ut qui ipsa culpa. Iste est dolor impedit velit placeat. Numquam est dolorem accusamus vel excepturi nobis quos. Modi aut est odio architecto nemo earum. Occaecati quas ad sed explicabo ut. Occaecati omnis repellendus cum dolor et sed aperiam. Eum est qui quo eaque voluptatum cupiditate veniam. Laboriosam perspiciatis ut sint qui rerum itaque magnam. Et sunt voluptas non repellendus totam quae. Cum praesentium officiis neque deserunt. Et dolore ex sapiente ut saepe officiis. Eos labore hic odio.',0.000000,NULL,504,1,1,NULL,'eius-optio-explicabo-aut-consequatur',8,1,NULL,'2022-08-01 18:57:45','2022-07-18 18:57:45',1),
	(23,2,12,'nesciunt','Ducimus rerum unde reiciendis quisquam quo doloremque nostrum.','recusandae zi185','14564787','6453128448232','ITF','Voluptatem occaecati et nesciunt assumenda aperiam provident nam. Ut aliquam et quam ea illo rerum qui. Soluta consequatur rerum quo delectus qui dolor recusandae. Ea ut magnam hic exercitationem dignissimos delectus tempore. Suscipit est aut amet accusamus voluptatem. Quia ut delectus quia perspiciatis et eos. Laudantium sit illum velit unde autem ut.<p><br/><iframe frameborder=\"0\" src=\"//www.youtube.com/embed/SKbHHcdLGKw\" class=\"note-video-clip\" style=\"width: 100%; height: 475px; float: none;\"></iframe></p><br/>Hic corporis non et. Quis placeat nulla sint qui voluptatem. Placeat harum dolor voluptas sunt sunt asperiores repellendus. Ipsam doloribus aliquam fugiat consequuntur magni fugiat vel. Sapiente adipisci quia ab alias repellat sed culpa. Dolores exercitationem quia quae nesciunt. Qui voluptatem et autem et eos. Sed mollitia maxime consectetur aspernatur omnis.<img src=\"https://picsum.photos/640/360.webp\" style=\"width: 50%; float: right; margin: 20px 0 20px 20px;\">At et incidunt eum eum aperiam facere cum. Enim ullam natus qui qui veniam. Tempore quis a et cumque. Maiores dolorem corporis quo et voluptatibus. Earum perspiciatis aspernatur enim incidunt atque sunt omnis. Ad autem doloremque aut neque est. Iure optio libero ut labore eligendi cupiditate laboriosam. Laboriosam aperiam quia et dolores aut sequi dignissimos. Velit qui eum porro qui consequuntur facere. Officia alias molestiae qui cupiditate impedit. Perferendis sint ut perferendis atque inventore et. Rerum eius dolore in sit a recusandae voluptatem. Ut labore molestiae officiis ducimus et laudantium pariatur similique. Sint quibusdam omnis quia incidunt. Tempore rerum et dolor eaque. Fugit accusamus delectus accusamus accusamus itaque. Ipsam voluptas sit et ut aut architecto. Enim perferendis ea qui ea. Et voluptatibus quia labore quia et. Recusandae excepturi tempora voluptas qui officiis. Alias voluptatem doloribus quibusdam omnis maxime harum aut. Iste et minima et voluptas. Placeat sapiente velit quo aliquam culpa nulla.<p><br/><img src=\"http://placeimg.com/640/360/any\" style=\"width: 100%; float: none;\"></p><br/>Totam sequi in in. Voluptas animi qui et id nihil est. Dolorum explicabo ut maxime fuga id. Aliquid quos minima aut earum doloribus. Totam maxime eos hic explicabo repudiandae unde ratione. Ipsam impedit unde consequatur tenetur placeat. Repellat id velit totam quis veniam. Ducimus nesciunt iste doloribus iste voluptatem voluptatem recusandae. Doloremque corporis sequi placeat sequi aut rerum saepe. Est quae accusantium adipisci. Dolores adipisci cupiditate perspiciatis numquam est molestias.',0.000000,NULL,60,0,1,NULL,'reiciendis-tempora-ad-maiores-rerum-qui',5,1,NULL,'2022-07-29 18:57:45','2022-07-30 18:57:45',1),
	(24,NULL,7,'tenetur','Nisi nesciunt voluptate qui non.','in gv699','6703','2388108308340','EAN','Sapiente rerum quo et molestias odio temporibus sit. Harum at iusto rerum. Consequuntur omnis fuga aut minus incidunt voluptates doloribus. Amet aspernatur sapiente qui libero et soluta magni. Odio minima excepturi laborum est. Sequi commodi sunt et quo quaerat. Eligendi magnam qui similique. Dolores quis eligendi eligendi nemo excepturi dolorem.<p><br/><iframe frameborder=\"0\" src=\"//www.youtube.com/embed/7abGwVjXSY4\" class=\"note-video-clip\" style=\"width: 100%; height: 475px; float: none;\"></iframe></p><br/>Voluptates illum voluptates quos unde. Fugiat quidem rerum soluta delectus quis. Deleniti eos excepturi aliquam natus dolorem et. Rerum consequatur earum est quod aut. Ab sunt qui quos libero. Est nulla error et aut nihil. Reprehenderit qui expedita aut aut sed quaerat voluptatem. Et nesciunt quia architecto rerum aut quos.<img src=\"http://placeimg.com/640/360/any\" style=\"width: 50%; float: right; margin: 20px 0 20px 20px;\">Officiis neque ullam molestiae nisi explicabo aut. Laudantium incidunt nesciunt enim tenetur. Numquam fugiat ea aperiam. Quis facere debitis sapiente voluptatum. Est ex dolor a a nisi. Eius consequatur et suscipit et consequatur eligendi autem. Soluta id veniam pariatur maxime expedita. Et error nihil maiores nobis. Sunt repellat dolorem veniam est non. Possimus provident laudantium est quia voluptatem. Odio aut vitae at deserunt voluptate ratione animi eaque. Ex architecto aut distinctio aliquid dolores debitis. Et quod dolorem consequuntur ut ut aspernatur voluptatem. Iure culpa facilis delectus blanditiis et ex ut. Accusantium ipsam qui explicabo praesentium consectetur. Quaerat rerum nisi dolorem ut. Et error in dolor autem. Consequatur aliquid eligendi dolorum vitae et possimus repellat voluptatem. Suscipit incidunt iusto qui voluptates. A quisquam harum sit alias adipisci dolores reiciendis nisi. Eum velit ducimus animi quo sint quibusdam doloremque. Quasi iste beatae hic in similique assumenda quam. Rerum aut cum harum mollitia. Assumenda qui atque ratione quisquam aspernatur consequatur accusamus. Ut voluptatem voluptatem sit numquam quibusdam accusamus.<p><br/><img src=\"http://placeimg.com/640/360/any\" style=\"width: 100%; float: none;\"></p><br/>Iusto quia dolorem dolorem quia. Sint a aut nihil aperiam animi sed. Error quidem est soluta veniam ut et et. Tempore quaerat non blanditiis adipisci consequatur ullam quibusdam. Expedita vero temporibus ut. Dolor ratione aut temporibus aut iste nesciunt at. Voluptatibus nesciunt aliquam totam nulla. Ipsa eius aliquam nobis. Odit cupiditate sunt possimus ratione sint exercitationem veniam. Possimus et ut ea voluptas et et.',0.000000,NULL,524,0,1,NULL,'et-et-earum-necessitatibus-facilis-eveniet-expedita',1,1,NULL,'2022-07-18 18:57:45','2022-07-29 18:57:45',1),
	(25,4,2,'earum','Nisi tempora modi ut sit consequatur labore.','qui yq920','317973853','8157749151158','ISBN','Iusto doloremque et omnis esse repellat iure. Quia et modi atque iste nostrum occaecati. Asperiores quisquam autem cumque in accusamus. Deleniti iusto voluptatem doloremque dolores dolorem officia rerum fuga. Veniam optio ducimus velit repudiandae in amet. Quia illo voluptatem cumque sed molestias rem. Labore placeat cum et quam magnam. Suscipit occaecati dolorem ipsum sit nihil.<p><br/><iframe frameborder=\"0\" src=\"//www.youtube.com/embed/eEzD-Y97ges\" class=\"note-video-clip\" style=\"width: 100%; height: 475px; float: none;\"></iframe></p><br/>Aliquam dolor eos magnam aliquam quo. Praesentium qui voluptatum fugiat id ut. Cupiditate recusandae atque consequatur est. Iusto soluta et impedit sunt non. Suscipit quidem quisquam nemo itaque sunt officia ipsam. Et cum beatae sunt quod molestias recusandae. Quam aut molestias officiis illo maxime.<img src=\"http://placeimg.com/640/360/any\" style=\"width: 50%; float: right; margin: 20px 0 20px 20px;\">Tenetur voluptatem quo odio nemo dolores dolores quia. Voluptatum magnam numquam esse qui iure illum. Quis illo est accusantium sed et nihil vel. Ut eaque veniam dolores. Nesciunt libero quis magnam repellat et autem non. Quia nobis aut dolores. Sint quisquam et fugit necessitatibus doloremque. Dolores cum eos ut sed natus eveniet error. Ut nemo odio et quia. Laudantium dolorem illo ab fugit enim. Rerum dolores at fugit. Veritatis enim neque fugit perspiciatis dolorem odio ducimus ex. Rem maiores in cum expedita et. Qui sed temporibus ex sapiente qui voluptatum recusandae. Aut sequi hic natus commodi sit consequatur. Fuga dolores praesentium accusamus porro. Fugiat aut earum et a rerum. Voluptas et culpa sunt et aspernatur. Autem qui deleniti veniam perferendis. Nam nulla qui cupiditate enim minima voluptatem tempora. Est et nostrum et mollitia doloremque. Animi ipsum qui assumenda delectus. Perspiciatis laborum non ipsam dolorem fugiat atque. Saepe totam ut aut reiciendis. Laborum blanditiis error et et atque. Ipsum maxime incidunt dolores temporibus sed laborum aut. Maiores eligendi ipsum optio sint quis quasi qui.<p><br/><img src=\"https://picsum.photos/640/360.webp\" style=\"width: 100%; float: none;\"></p><br/>Culpa adipisci consequatur est voluptatibus labore rerum facere. Vitae sapiente laudantium eum et debitis fugit. Harum quasi repellat perspiciatis harum harum ut fugiat. Repudiandae officiis totam explicabo et et et. Aut possimus voluptas velit aliquid natus aut ipsa. Dolorum eum occaecati consectetur in suscipit rerum architecto. Iusto iusto nemo temporibus sapiente. Aut rerum laboriosam aliquid tempora voluptatem laudantium. Odio ratione iure ut dolores omnis officia. Sint sint ut fuga itaque libero nam sequi natus.',0.000000,NULL,214,0,1,NULL,'et-dolores-voluptas-soluta-quisquam-delectus-magnam-enim',1,1,NULL,'2022-07-23 18:57:45','2022-08-01 18:57:45',1),
	(26,3,6,'eius','Aut exercitationem quas cupiditate reprehenderit.','iure xm502','5998066','4087691747083','ITF','Impedit vero soluta blanditiis suscipit sed et. Debitis mollitia illum ut iure. Non modi et totam illo nemo. Doloribus qui eum aut vel suscipit aut quia architecto. Sint et qui consequatur harum eaque. Tenetur voluptatem velit quos. Debitis quo explicabo doloribus quia unde officia. In commodi eum reiciendis. Unde repellat nesciunt accusamus quod qui. Aliquid animi dolorem minima alias et ex non. Corrupti non mollitia maxime ratione.<p><br/><iframe frameborder=\"0\" src=\"//www.youtube.com/embed/7abGwVjXSY4\" class=\"note-video-clip\" style=\"width: 100%; height: 475px; float: none;\"></iframe></p><br/>Sit quia voluptatem voluptatum provident consequatur eos ipsum. Assumenda perferendis reprehenderit blanditiis sint nemo aut debitis voluptas. Quae dolorum velit vero quos ea blanditiis. Placeat consequatur aut et id facere quae alias ducimus.<img src=\"http://placeimg.com/640/360/any\" style=\"width: 50%; float: right; margin: 20px 0 20px 20px;\">Modi pariatur omnis quisquam suscipit ut. Optio magnam explicabo qui. Ipsam qui doloremque enim ipsa eius natus esse tempore. Corrupti sint est enim magnam. Accusantium quasi totam rerum eveniet velit et. Mollitia minus et est est ad laborum ut. Aspernatur laudantium voluptas ut dignissimos atque dignissimos consectetur. Eum dolorum nihil non ex architecto modi mollitia. Non accusantium incidunt error et iure. Doloremque occaecati aut dolor dolor. Id molestias dolores veniam cumque. Repellat saepe totam repellat est. Animi aut earum pariatur voluptas. Quam ad et perferendis accusamus culpa ea voluptas. Sed voluptas aliquid ea id molestias. Dolorem dolore fugit necessitatibus. Excepturi dignissimos sapiente provident dignissimos. Consequatur at sed dignissimos corporis. Distinctio vitae non officiis ut ipsam. Id sequi provident asperiores fugiat quia quo. Eum error voluptatem debitis ad vel alias facilis. Et aut qui iure autem hic voluptas. Dolor non a facere officia nisi. Aut repellat qui vitae quae quia. Consequuntur accusantium nesciunt quas magni exercitationem laborum.<p><br/><img src=\"https://picsum.photos/640/360.webp\" style=\"width: 100%; float: none;\"></p><br/>Qui eum dolorum fuga voluptatum ullam dolore. Qui velit rerum ratione dignissimos reiciendis dolorem. Culpa earum ratione ullam facilis sit illo amet. Nesciunt soluta dolor harum recusandae. Laborum et et error blanditiis reprehenderit impedit soluta. Numquam quas sapiente eos magnam enim non unde. Voluptas rerum illo quas eaque. Perferendis adipisci dolor doloremque facilis architecto aliquam corporis. Saepe eius nisi nesciunt labore velit.',0.000000,NULL,340,1,1,NULL,'porro-in-sint-quas-est',7,1,NULL,'2022-08-02 18:57:45','2022-08-01 18:57:45',1),
	(27,NULL,6,'harum','Quia veritatis aut amet illo quasi commodi fugit.','itaque ff073','46','7465436997035','EAN','Numquam deleniti praesentium iusto dolor ut nemo porro. Quos nulla cumque repellendus sunt voluptatem sequi officia. Velit praesentium beatae recusandae. Non natus autem nihil iure modi. Impedit optio et quia ipsum quis ut. Similique consequatur debitis rerum neque at. Facere aut ipsam aliquam consectetur quaerat. Debitis atque laborum ut. Ut nostrum in qui dolorem temporibus quo. Quas numquam et voluptatem voluptatem. Et explicabo voluptas numquam veritatis perferendis at repudiandae eaque. Aut sit aliquid libero aut quia.<p><br/><iframe frameborder=\"0\" src=\"//www.youtube.com/embed/eEzD-Y97ges\" class=\"note-video-clip\" style=\"width: 100%; height: 475px; float: none;\"></iframe></p><br/>Modi et earum recusandae. Dolores pariatur labore laborum sunt ut qui. Vel sit voluptas est earum illo temporibus vitae. Beatae nemo in omnis tempora aut. Ratione aut blanditiis quo pariatur perspiciatis tempora. Reprehenderit et a autem ratione dolorum. Facilis accusamus voluptas nisi voluptas ullam accusamus. Non et ea quia. Repudiandae fugit excepturi asperiores ut.<img src=\"http://placeimg.com/640/360/any\" style=\"width: 50%; float: right; margin: 20px 0 20px 20px;\">Repellat nesciunt alias aspernatur saepe et quia. Placeat excepturi alias est ut dolor officiis. Quia omnis cupiditate eaque aut officia ea dolor. Perferendis consequuntur ut consequatur quia unde adipisci. Quo beatae deleniti necessitatibus. Possimus et repellat quisquam eos sed consequatur deleniti. Consequatur et eos nihil harum. Voluptatem tenetur nihil reprehenderit animi necessitatibus aut voluptatibus voluptatum. Quo vel qui perspiciatis est accusamus. Fugiat sunt culpa qui error deleniti debitis. Suscipit laborum itaque voluptatem et ex. Dolorum suscipit quo est. Iusto omnis ducimus non quam dolorum fugit. Dolore temporibus placeat explicabo possimus. Quae eos assumenda veniam cupiditate laboriosam laboriosam id odit. Fugiat hic repudiandae saepe sed natus nulla provident. Odit delectus labore ut minus cupiditate non ut. Doloribus eaque non rerum praesentium praesentium minus veniam. Magni aut voluptate sint nesciunt necessitatibus. Doloribus ea ex vitae pariatur odit officiis. Nisi modi nesciunt accusamus soluta enim harum. Aliquid quidem necessitatibus architecto et in et necessitatibus. Iusto distinctio eum sed odio distinctio unde.<p><br/><img src=\"https://loremflickr.com/640/360\" style=\"width: 100%; float: none;\"></p><br/>Ipsam eos voluptatibus qui incidunt voluptatem nisi. Voluptatem pariatur culpa saepe eaque quisquam. Praesentium quis totam assumenda delectus. Soluta est assumenda soluta in suscipit et. Illum aliquam minus voluptates est impedit voluptates. Vero reprehenderit reiciendis aut eius quod. Dolorem ut debitis nesciunt repellat. Nihil aperiam tenetur dolorem ipsa fugit ut dolorem. Sint reiciendis minus in et aut laboriosam alias. Neque blanditiis ad reiciendis recusandae et. Dolor laboriosam vitae nihil provident.',0.000000,NULL,776,0,1,NULL,'optio-sit-itaque-ad-nemo-fugiat',3,1,NULL,'2022-08-02 18:57:45','2022-08-01 18:57:45',1),
	(28,4,12,'fugiat','Laboriosam molestiae voluptas atque nostrum quo consectetur et error.','inventore yi968','15','7600281074146','ITF','Voluptatem vitae consectetur enim at ut omnis. Aliquam laborum incidunt quis aut molestiae. Alias ut quae ipsa omnis alias velit soluta. Voluptate deserunt quia id. Sit voluptas amet delectus sequi eos nobis. Perferendis id cupiditate vel numquam sit provident quam. Esse facere voluptas eligendi quia optio non qui. Eligendi quod eius voluptas. Recusandae est explicabo quia eos eveniet hic minima.<p><br/><iframe frameborder=\"0\" src=\"//www.youtube.com/embed/TGbUpEJ1z-k\" class=\"note-video-clip\" style=\"width: 100%; height: 475px; float: none;\"></iframe></p><br/>Ut eligendi asperiores commodi. Officia id atque commodi eos nesciunt laudantium et. Ducimus quo cum quis velit facere. Odio similique aut molestiae. Et et a fugiat mollitia. Neque laudantium alias magni est. Unde ut praesentium temporibus reiciendis similique.<img src=\"https://loremflickr.com/640/360\" style=\"width: 50%; float: right; margin: 20px 0 20px 20px;\">Delectus sequi esse omnis voluptate quia autem ipsum. Amet et quibusdam necessitatibus commodi. Omnis beatae dicta reiciendis et. Sed commodi cumque eaque explicabo voluptates qui voluptas. Distinctio nemo ipsa expedita beatae ducimus perspiciatis. Ab nulla odit est exercitationem deserunt aut. Cum quia at accusamus enim. Sit rerum voluptas repudiandae porro est. Quia et velit doloribus molestiae repellat. Rem veritatis dolor rerum aut odio architecto et. Porro quis incidunt fuga ratione velit. Odio doloribus voluptate cum ipsa consequatur. Debitis saepe incidunt inventore consequatur et. Quia velit deserunt rerum officiis dolorem. Vel enim et dolores ab quidem eum deserunt. Laudantium ducimus accusantium odit iste rerum facere facere consequatur. Magnam tempora placeat iste quod quo vel incidunt similique. Cumque omnis unde repellendus id eum illo. Soluta ullam corporis quasi voluptatibus earum velit. Temporibus corrupti veritatis quis itaque et architecto at. Qui excepturi voluptatem fugiat et qui. Veniam omnis nemo rerum minima suscipit ab aspernatur. Necessitatibus saepe accusantium modi sint. Id optio et fuga laboriosam aut fugiat.<p><br/><img src=\"http://placeimg.com/640/360/any\" style=\"width: 100%; float: none;\"></p><br/>Atque adipisci sed sunt quam sit suscipit enim. Facere autem reiciendis aut magnam expedita est. Soluta culpa tempore optio asperiores id molestiae cupiditate. Autem ut sequi rerum dolores voluptatem quod illum pariatur. Dignissimos voluptatibus accusantium qui modi ut repellendus. Eius quo voluptas voluptate numquam. Mollitia id accusantium est quo. Eum et sequi nihil velit voluptatem eius exercitationem. Autem possimus quibusdam magnam eos minus eos. Cupiditate laudantium ea eos dolorem qui ex. Dolores vero ut quo quaerat quis cupiditate.',0.000000,NULL,800,0,1,NULL,'rerum-et-quia-aut-quia-explicabo-nihil',4,1,NULL,'2022-08-01 18:57:45','2022-08-01 18:57:45',1),
	(29,5,8,'quis','Sed dolorem molestias est provident excepturi dolores porro.','hic da797','22867846','1365161158977','ITF','Minus eum dolorem rerum quisquam et quis. Modi quia quis et. Veritatis accusantium sint quis. Quis molestias cupiditate et dignissimos aut. Et id et dolore eligendi veritatis. Velit magni assumenda non omnis cupiditate. Veniam neque omnis quod ratione quia quisquam pariatur. Fugit suscipit ut mollitia molestiae quidem temporibus vel. Dolor numquam et libero aperiam quis eos fugiat. Sunt excepturi dolores quibusdam. Veniam laudantium voluptatem labore recusandae. Ullam perspiciatis mollitia eum ut nam architecto.<p><br/><iframe frameborder=\"0\" src=\"//www.youtube.com/embed/AVpcxtH8hWg\" class=\"note-video-clip\" style=\"width: 100%; height: 475px; float: none;\"></iframe></p><br/>Quaerat saepe deleniti commodi aliquam. Itaque magni atque fuga eveniet. Ipsum architecto sed pariatur. Odio iure aperiam et fugit. Debitis suscipit itaque ipsa nihil magnam. Et tenetur sunt repudiandae et nihil molestiae qui. Aspernatur sint nihil eveniet ea ea consequatur maxime.<img src=\"http://placeimg.com/640/360/any\" style=\"width: 50%; float: right; margin: 20px 0 20px 20px;\">Ut reiciendis dolore rem quae modi consequatur vel quo. Sed labore autem deleniti est qui blanditiis. Praesentium sed minus nemo quis. Natus et iste occaecati nemo sapiente. Aliquam non rem ut quo dolore possimus magni. Rerum dolor nobis nam doloremque. Harum eum rerum qui laudantium neque praesentium. Cumque dolore laudantium nam debitis corporis quam doloribus vitae. Ullam aliquid dolores nulla corrupti voluptates non aut. Dolor ut quidem voluptas et voluptatem excepturi. Architecto perferendis vitae eveniet officiis. Dolores facilis harum provident architecto eius consequatur. Minus et nisi maiores sapiente. Et sed modi aut vero non. Dolore dolore omnis minima culpa culpa autem. Reprehenderit et enim fugiat sapiente omnis. Qui voluptatem voluptas sit sit maiores. Esse quisquam dolor nemo voluptatem nostrum dolores dolores quia. Perferendis numquam numquam dignissimos sed qui sed cumque harum. Nostrum sint ea nobis est voluptates cum temporibus placeat. Cupiditate sit sunt maxime impedit nostrum voluptatem quia. Dolorem eum asperiores est consequatur occaecati.<p><br/><img src=\"https://loremflickr.com/640/360\" style=\"width: 100%; float: none;\"></p><br/>Voluptatum et cum deserunt inventore nulla omnis error. Doloremque quis recusandae quisquam ea ut. Non perferendis vel eligendi quos iste aut facilis. Quae asperiores voluptatum labore voluptatem quis. Rerum et laborum perspiciatis doloremque dolor. Eaque omnis ut fuga consectetur officia. Reprehenderit aut amet quia totam tempore eos. Error optio illo voluptas sequi itaque at maiores. Facere id voluptatum repellat et voluptatem. Aut dolor tempora et ab. Cupiditate numquam ut expedita tenetur assumenda quo.',0.000000,NULL,222,1,1,NULL,'repudiandae-exercitationem-autem-eum-qui',0,1,NULL,'2022-07-20 18:57:45','2022-07-23 18:57:45',1),
	(30,3,8,'autem','Harum illo impedit blanditiis omnis quod.','omnis sp369','67722','7458110222233','EAN','Quae sunt non saepe est. Eos culpa aliquam consequuntur et tempora aliquid ipsa porro. Recusandae quia aperiam magni eum aut. Et ipsam iusto ducimus corrupti at necessitatibus officiis. Praesentium iste assumenda earum atque atque et. Ut vel eum reprehenderit dolores voluptatem. Vero voluptas odit unde consequatur. Maxime id quibusdam illum fugiat. Sed nobis corrupti deserunt. Quo fugiat quis praesentium minima ducimus. Incidunt qui corrupti eos veritatis distinctio tempora dolor.<p><br/><iframe frameborder=\"0\" src=\"//www.youtube.com/embed/tJlzIJaokVY\" class=\"note-video-clip\" style=\"width: 100%; height: 475px; float: none;\"></iframe></p><br/>Dolor amet voluptas dolore aut commodi aut tempore. Consequuntur in consequuntur alias corrupti enim velit atque. Quis omnis cum corporis consequatur reprehenderit tempora maxime. Ab dolorem ducimus fugiat veniam qui quod sed. Eius deleniti distinctio quidem itaque harum sunt ut quia. Illo magnam aut quia ut fugit dolor.<img src=\"http://placeimg.com/640/360/any\" style=\"width: 50%; float: right; margin: 20px 0 20px 20px;\">Velit qui ipsam inventore rerum nulla. Aliquam aliquid laudantium suscipit alias sunt tempore. Quo culpa nostrum veritatis vero amet ea. Aliquid facilis eius ut numquam ut. Laboriosam exercitationem et tempore ab delectus. Mollitia esse temporibus dolorem eum quasi quam et ea. Dolores recusandae aut mollitia occaecati. Rerum delectus porro est ut a optio non aliquam. Explicabo voluptate consequatur sapiente. Et est alias et nulla amet. Veniam iste vel magni assumenda dolores ut. Cumque ab est quidem qui. Voluptatem et sed ratione asperiores dolorem a aut. Corporis quisquam vel assumenda fugit odit et maxime. Minus sint est possimus. Quaerat voluptatem consectetur odio iure eum optio. Temporibus numquam praesentium eligendi ea provident. Sed ex dolorum maxime fugiat autem aut saepe. Sunt quis atque est. Ipsam repellendus temporibus ratione ipsum at esse suscipit. Corrupti vitae laborum quasi dolores aliquid aut. Id impedit atque aspernatur rerum. Facilis facere quia omnis omnis. Officia dolor voluptatem est non laudantium.<p><br/><img src=\"http://placeimg.com/640/360/any\" style=\"width: 100%; float: none;\"></p><br/>Sequi natus vel non. Ipsam sit porro temporibus est nihil asperiores. Tenetur ut perferendis tenetur cupiditate. Magnam error illo rerum non perferendis fuga voluptatem. Labore qui magni architecto sed omnis velit dolores. Esse error voluptatibus similique eum. Tempore blanditiis eaque sed et id voluptates et. Omnis maxime aut eaque dolorem corporis corrupti. Totam necessitatibus accusantium sed unde accusantium officiis natus.',0.000000,NULL,380,1,1,NULL,'est-amet-delectus-similique-doloribus-sint',9,1,NULL,'2022-07-20 18:57:45','2022-08-02 18:57:45',1),
	(31,3,9,'eveniet','Fugit dolor blanditiis labore velit.','officia cw270','128954982','5861347336475','ISBN','Qui laboriosam repellat rerum molestiae iure dolores. Quia maiores debitis qui. Sed sunt nihil et fuga veritatis itaque illo. Voluptatem distinctio vero aut. Aspernatur id nemo inventore incidunt non eius quis ut. Odit excepturi iure dolore. Aut eum corporis veniam inventore veritatis nemo dolorum. Voluptates placeat recusandae eligendi dolor voluptatem odio iste eaque. Voluptas eveniet animi sint voluptate nesciunt esse quo. Et quibusdam similique rerum asperiores minima sapiente. Tempora et illum aspernatur fugiat iure.<p><br/><iframe frameborder=\"0\" src=\"//www.youtube.com/embed/MLpWrANjFbI\" class=\"note-video-clip\" style=\"width: 100%; height: 475px; float: none;\"></iframe></p><br/>Ut et velit est maxime. Quasi velit dolorem ea eveniet molestiae architecto. Doloremque dolorum repudiandae tempore quas in. Non numquam cumque aut eveniet nihil. Harum qui illo laudantium omnis fuga. Eos possimus necessitatibus dicta. Incidunt non consequatur reiciendis enim tempore.<img src=\"https://loremflickr.com/640/360\" style=\"width: 50%; float: right; margin: 20px 0 20px 20px;\">Harum natus fugit repudiandae omnis ut odio eos. Rerum occaecati explicabo quia eum quaerat. Similique sapiente rerum aut minima eos animi. Dolor et veritatis est doloribus ex. Qui adipisci veritatis nesciunt occaecati vel quis. Velit tempore et quidem in et voluptatum cumque voluptatum. Iure sed dolorem molestiae asperiores et molestiae rerum. Voluptates iure eligendi et quibusdam velit ratione. Suscipit est inventore ut asperiores ea quod. Deserunt perspiciatis culpa perspiciatis nihil consectetur. Aut et rem quis. Sunt eveniet repellendus quia porro qui nisi. Repellat accusamus ipsum dolorem explicabo in quasi quas. Quos voluptatem maxime ullam nemo suscipit. Culpa hic quidem molestias doloribus ut eligendi error. Itaque iure consequuntur quo culpa sit eveniet. Vitae omnis enim aut facilis omnis similique. Occaecati et rerum nulla eaque officia magnam enim. Et officia in veniam quia rerum quia quae. Tempore vel id est libero repellat occaecati est. Nam illo blanditiis placeat id dolorem et reiciendis. Et ut molestias eaque. Eos ea accusantium libero officiis sit maiores. Fugit sunt accusantium sunt aliquid iure deleniti voluptatibus.<p><br/><img src=\"http://placeimg.com/640/360/any\" style=\"width: 100%; float: none;\"></p><br/>Molestiae adipisci veniam nulla inventore dignissimos soluta. Soluta accusamus ea nulla et quo. Vel consectetur hic et et. Similique optio velit neque dignissimos recusandae repellat ratione. Sequi sunt deleniti quod exercitationem enim porro cumque. Ut rerum possimus debitis magnam facilis saepe aut incidunt. Aperiam delectus maiores eligendi deserunt aut quo quo. Non nobis dolores ipsam. Dolores odio est accusantium sunt libero. Quibusdam sed nostrum deleniti corrupti et quasi. Laboriosam soluta nihil sunt cumque accusantium.',0.000000,NULL,398,0,1,NULL,'itaque-voluptatem-sit-error-aliquid-porro-nemo',4,1,NULL,'2022-07-20 18:57:45','2022-07-31 18:57:45',1),
	(32,NULL,10,'aliquid','Ex minima voluptas sint incidunt deleniti adipisci nam sit.','dolores kp014','13','2402201567555','JAN','Nisi atque qui inventore non hic aspernatur nulla odit. Impedit assumenda et ut enim quis aspernatur. Ut qui modi quae dolores molestias quaerat. Cumque molestias autem labore voluptas et. Vel ut rerum omnis ab. Ratione veniam nihil impedit autem modi ipsa quae. At et eveniet maiores eveniet laudantium reprehenderit enim. Voluptatibus impedit eius recusandae. Earum ut magni fuga et et enim. Et sapiente nemo aut corporis. Natus dolorem quos earum qui aut qui. Id est qui dolores voluptatem omnis.<p><br/><iframe frameborder=\"0\" src=\"//www.youtube.com/embed/7abGwVjXSY4\" class=\"note-video-clip\" style=\"width: 100%; height: 475px; float: none;\"></iframe></p><br/>Consectetur modi aut perferendis quia. Id quo natus dolor voluptatibus animi. Voluptas fugiat quia veritatis. Provident sit qui rem et nihil cumque. Voluptas est porro necessitatibus necessitatibus praesentium. Velit quo consequuntur dolor eaque. Aspernatur nostrum voluptatem fugiat in aut velit. Rem voluptatem facere harum distinctio minus blanditiis laudantium. Quia nam quisquam eum aperiam.<img src=\"https://picsum.photos/640/360.webp\" style=\"width: 50%; float: right; margin: 20px 0 20px 20px;\">Sunt qui sed qui aliquam delectus. Quia delectus iste corporis sed. Architecto asperiores aut omnis natus saepe repudiandae nulla. Enim consequatur ducimus hic sed facere nobis placeat. Facilis enim rerum iure voluptatem facere. Aliquam repellat quia quas deleniti quidem repellat est. At qui rem eligendi reiciendis. Voluptate incidunt sed dolore. In qui voluptas consequatur laudantium. Voluptatem et labore praesentium vero. Enim quae distinctio vel nostrum vel. Tenetur facere pariatur repellendus sunt quis sit ipsa. Omnis voluptate sed ut blanditiis beatae voluptatum. Iste voluptate non nihil sunt. Nemo quod sit id. Tempore distinctio eius esse earum enim iste nisi a. Necessitatibus ut rerum repellat quisquam libero. Rem mollitia non earum ea omnis maxime. Deleniti quo et omnis ipsam. Vero dolore et dolorem doloremque. Consectetur ut occaecati deleniti saepe. Laboriosam blanditiis aut quas. Enim distinctio rem est quod voluptas sapiente doloremque. Quia quo voluptatem illum sed ex ut. Qui necessitatibus impedit unde quis eligendi asperiores. Doloremque in explicabo molestiae reprehenderit officia nobis occaecati.<p><br/><img src=\"https://loremflickr.com/640/360\" style=\"width: 100%; float: none;\"></p><br/>Magnam odio suscipit veniam non ut. Sit nobis aut distinctio error accusantium. Corporis pariatur et minus exercitationem. Quisquam vitae iste quo asperiores sed porro. Mollitia fuga omnis magnam libero. Ducimus ut corporis ut provident temporibus eum. Eos maxime nam molestias deserunt non omnis. Voluptatem illo repudiandae enim assumenda quidem. Iste possimus commodi porro ipsam provident. Error blanditiis dolor ab. Quasi ipsum dolorem omnis nam. Nihil cum error et. Voluptatibus dicta est est fugit deserunt minus. Est vel magni velit magnam et perspiciatis saepe in.',0.000000,NULL,792,0,1,NULL,'consectetur-alias-est-molestias-in-laudantium-quasi',4,1,NULL,'2022-07-30 18:57:45','2022-07-19 18:57:45',1),
	(33,4,10,'aut','Ullam assumenda et ut totam.','debitis jq192','957656633','8603671468128','JAN','Dicta amet dignissimos neque. Hic labore est sed blanditiis. Quos et et reprehenderit laborum laboriosam exercitationem omnis laudantium. Maiores dolores voluptas voluptatem impedit. Id fugit velit tempora enim culpa perspiciatis. Provident et laborum non quibusdam ea velit. Optio voluptate quia quibusdam nihil. Modi repudiandae incidunt voluptas. Id magni sunt voluptas et nemo sit libero. Illum minima perspiciatis molestiae. Eum dolores eos doloribus temporibus commodi. Ut quas quo quo est expedita impedit ut.<p><br/><iframe frameborder=\"0\" src=\"//www.youtube.com/embed/eEzD-Y97ges\" class=\"note-video-clip\" style=\"width: 100%; height: 475px; float: none;\"></iframe></p><br/>Deleniti id repellendus laboriosam dolor. Odio quaerat maxime et nemo doloremque dignissimos sed. Quia porro deserunt inventore vero qui delectus quibusdam. Error nobis atque maiores facere impedit vel dolore. Dolorem praesentium exercitationem voluptates accusantium culpa dolore enim. In consequatur possimus sit.<img src=\"https://picsum.photos/640/360.webp\" style=\"width: 50%; float: right; margin: 20px 0 20px 20px;\">Ut provident ipsa quia porro quod voluptate. Esse cupiditate quasi eaque nobis natus fuga. Ut magnam fugiat et facere fuga. Atque aliquam suscipit aut. Doloremque vel voluptate quam error. Itaque rerum molestiae hic accusamus. Quia doloribus veritatis perferendis maxime aut vel. Tempore natus error dolorem aliquid voluptatem magnam. Libero adipisci facere nobis vitae nemo exercitationem magnam. Repellendus velit omnis est sit eius enim. Repellat consectetur quasi nulla. Ipsa qui reiciendis sunt deleniti vel esse. Nesciunt impedit ullam iure aut repellendus iure. Illum et nostrum enim soluta. Commodi qui autem enim laudantium quae aspernatur. Itaque minus fugiat et ducimus. Hic nihil ea unde. Quos velit dolores praesentium. Qui et mollitia ad tempora nulla sapiente quo. Ab non sit modi. Corporis id consectetur corrupti. Et quia aspernatur sequi sed porro itaque. Adipisci enim aut in modi. Est deserunt aut neque expedita voluptas necessitatibus eum. Error iste quis a tempora totam rerum.<p><br/><img src=\"http://placeimg.com/640/360/any\" style=\"width: 100%; float: none;\"></p><br/>Omnis iusto molestiae necessitatibus aut qui optio. Unde aut ut quia quia id. Eos quibusdam nulla consequatur totam. Et vero fugit qui ut. Est blanditiis accusamus aliquid totam omnis vel ut. Nam aut repellat eius consequuntur quaerat. Dolorem asperiores et dolores consectetur aut. Et quam dicta quisquam. Perspiciatis sapiente maxime odio voluptas. Ut est quas modi autem id accusantium. Accusamus quis rerum accusamus quibusdam. Ab repudiandae est dolor in quasi aut. Delectus repellendus ullam molestiae ipsa sit. Et beatae omnis consequuntur quo. Est veritatis suscipit et.',0.000000,NULL,434,1,1,NULL,'sunt-fuga-delectus-ratione-ipsa-totam-libero',9,1,NULL,'2022-08-01 18:57:45','2022-07-25 18:57:45',1),
	(34,5,1,'temporibus','Ipsam magni excepturi dicta et enim.','odio pa063','4','8335695830031','JAN','Culpa ut laborum eius maiores. Enim sint porro aspernatur accusamus temporibus minus voluptates voluptatem. Et id voluptatem quia assumenda nulla et. Voluptatum voluptatibus dolore enim adipisci sapiente aliquam aliquid. Sed et eius adipisci voluptatem ab dolore possimus. Sunt minus eius id ipsum. Ut nesciunt omnis aut eius ab sint. Aut sed ad fugiat fuga soluta repudiandae et. Et aut aut non reiciendis perferendis qui. Dignissimos rem voluptatum enim ipsum ab officia quis.<p><br/><iframe frameborder=\"0\" src=\"//www.youtube.com/embed/AVpcxtH8hWg\" class=\"note-video-clip\" style=\"width: 100%; height: 475px; float: none;\"></iframe></p><br/>Animi asperiores ad fuga quo et. Odit sed vero qui ut molestias. Nemo soluta molestiae tempora temporibus fugit ab tenetur. Adipisci qui eum laboriosam rem.<img src=\"https://loremflickr.com/640/360\" style=\"width: 50%; float: right; margin: 20px 0 20px 20px;\">Voluptatibus harum rem aperiam iure quam. Magnam eos maxime dolorum soluta a. Optio ipsum eius dignissimos magnam et. Sit eos provident corrupti facilis. Quo adipisci et id reiciendis voluptatem vero dolorem. Vel nam eius corrupti vero ut porro. Est eum tenetur voluptatem dolores possimus eligendi molestias. Nobis doloremque perspiciatis ipsum ut harum dolorem esse. Sint sit quidem itaque reprehenderit. Similique cumque omnis ut quis iusto saepe. Earum sunt facilis voluptatem eaque quis commodi. Est id harum qui adipisci praesentium fuga. Magnam enim dolorem sit distinctio eos tempore. Voluptatem aut quia quis repudiandae. Eos doloremque qui qui ipsum. Laborum voluptatem et doloremque sit et. Mollitia omnis necessitatibus illum aut est ipsa quia. Quo labore molestiae eos rerum qui et consequatur. Consequuntur excepturi fugiat voluptas ratione assumenda qui. Illum et consequuntur hic enim voluptate. Assumenda neque eos est perspiciatis modi velit. Non pariatur expedita maiores architecto culpa ut. Aut voluptas sunt omnis modi. Iusto velit eaque mollitia quam enim. Soluta eligendi ut fugiat dolor impedit. Ea ipsa eum qui molestiae et similique sequi.<p><br/><img src=\"https://picsum.photos/640/360.webp\" style=\"width: 100%; float: none;\"></p><br/>Et at voluptates accusantium deserunt porro alias eius. Totam voluptatem esse hic cum. Architecto sequi libero provident cum reprehenderit sunt. Quisquam tenetur et doloribus ab enim eligendi. Quos nisi numquam nemo illo excepturi facere vel. Ratione consequatur mollitia culpa odio accusamus iure ut culpa. Ipsam ut praesentium hic omnis mollitia. Sit aspernatur velit optio accusamus ullam. Tenetur velit ut a fugit ratione. Minima similique nam consequatur ratione. Sed autem quia nisi et consequatur.',0.000000,NULL,10,1,1,NULL,'pariatur-veritatis-molestias-dolorum-aliquid-nisi-vel-fuga',2,1,NULL,'2022-07-31 18:57:45','2022-07-26 18:57:45',1),
	(35,NULL,4,'aut','Non illum qui est minima.','itaque rn367','895','9641625662573','ITF','Vel minus voluptatem deserunt consequuntur exercitationem. Amet odit dolores natus eos impedit maxime consequuntur. Nobis et et pariatur ab. Dolore neque ratione sunt ipsam. Sit explicabo dignissimos nulla dignissimos. Enim voluptas maiores repellendus quis. Voluptatum asperiores quo ut ducimus. Dolorem iure esse fugiat consectetur pariatur. Veniam cupiditate impedit ut nobis ea ut autem dolor. Quas qui quia saepe deserunt consectetur temporibus velit. Omnis ut occaecati consequatur a modi et eos.<p><br/><iframe frameborder=\"0\" src=\"//www.youtube.com/embed/tJlzIJaokVY\" class=\"note-video-clip\" style=\"width: 100%; height: 475px; float: none;\"></iframe></p><br/>Ipsa ipsum iusto consectetur facilis labore voluptas velit dolores. Quasi laboriosam dolores nobis rerum qui voluptatem. Aut velit commodi facere ea nulla ratione perspiciatis. Sit aut eveniet distinctio. At qui et ea sit aut eum. Natus rem ut occaecati in eos aut. Officiis laudantium ut odit necessitatibus. Officia error qui magni et maxime facilis omnis nostrum.<img src=\"https://loremflickr.com/640/360\" style=\"width: 50%; float: right; margin: 20px 0 20px 20px;\">Totam id dolores exercitationem quo incidunt deleniti quam. Doloremque animi cum qui ea temporibus hic sed. Odit minus et corrupti expedita. Necessitatibus facilis labore nihil sunt dolor accusamus provident. Laudantium reprehenderit est perferendis laboriosam. Voluptates autem et quos aut delectus consequuntur sed. Sunt dolores molestiae repellendus. Quibusdam aliquam non perspiciatis rerum nesciunt sed fuga. Dicta aut voluptas maiores nemo. A sit cum necessitatibus debitis ipsam omnis exercitationem. Rem voluptates aut dolores dignissimos at. Sed odio nam reiciendis non. Soluta enim quo animi aut assumenda est. Nobis ipsam ut ratione eum voluptatum. Voluptatem dolorem dolores quia repellendus. Culpa sed saepe possimus consequatur. Itaque repellendus quia pariatur consequatur velit id. Sequi non natus corrupti vitae velit officia. Nesciunt est vitae officia corrupti. Quis doloribus atque assumenda autem reprehenderit. Reprehenderit at unde aut omnis et aliquid expedita quisquam. Unde aut repellendus at omnis praesentium itaque sunt. Doloribus nemo dolores quia esse velit nisi autem. Vel quis blanditiis omnis.<p><br/><img src=\"http://placeimg.com/640/360/any\" style=\"width: 100%; float: none;\"></p><br/>Numquam molestiae voluptatem quo quis rerum praesentium. Officiis voluptas molestias fuga cum doloremque sint. Fugit vel aut voluptatem cupiditate. Sed illum soluta asperiores aut neque perferendis. Perferendis non necessitatibus quo molestiae repudiandae qui autem. Qui perferendis eum perspiciatis et. Nihil ipsa voluptatem illo ipsum nesciunt. Dolorem nostrum voluptas non perspiciatis dolores cupiditate. Ut quae pariatur quod perspiciatis nulla. Praesentium minima et provident voluptatem vitae necessitatibus. Unde maiores fugiat magnam minima.',0.000000,NULL,508,0,1,NULL,'voluptatibus-illum-deleniti-corporis-corrupti-deserunt',3,1,NULL,'2022-07-24 18:57:45','2022-07-24 18:57:45',1),
	(36,4,4,'tempore','Eum soluta eos et ex ad.','quisquam ma616','704798','1096840913852','EAN','Quos mollitia quis enim vel nisi debitis. Totam temporibus qui sapiente repellat debitis. Neque doloribus corporis nemo quis. Quibusdam deleniti hic itaque saepe. Pariatur alias est voluptatibus aut. Aperiam enim ducimus molestiae adipisci exercitationem dignissimos modi. Rerum cum facere enim nisi repudiandae sint eum ex. Dolor quibusdam qui et est eligendi sed temporibus. Et rerum veritatis qui officia non expedita facilis.<p><br/><iframe frameborder=\"0\" src=\"//www.youtube.com/embed/eEzD-Y97ges\" class=\"note-video-clip\" style=\"width: 100%; height: 475px; float: none;\"></iframe></p><br/>Dolorum totam et necessitatibus aut quo distinctio. Quos sequi voluptatem dignissimos sint recusandae. Molestiae ut neque nam facere. Et tempore saepe nulla. Beatae delectus id ducimus.<img src=\"http://placeimg.com/640/360/any\" style=\"width: 50%; float: right; margin: 20px 0 20px 20px;\">Iusto accusantium esse quia impedit aliquid consequatur dignissimos at. Assumenda voluptatem voluptas voluptatem recusandae non expedita. Quasi maxime laboriosam voluptas molestias quia maxime voluptatibus. Magnam est dolorum sit blanditiis ab ratione at. Modi expedita placeat iusto recusandae. Vel quia consequatur dolorum quasi vitae ut et quibusdam. Sed sequi provident aliquid ad iure reiciendis laborum sit. Saepe ut ut veniam quia ad similique. Alias similique sed adipisci qui dignissimos consectetur. Qui molestiae labore sequi. Qui officiis vel eos est laudantium qui. Fugit nobis voluptates quis architecto. Praesentium aut debitis consectetur molestiae. Est explicabo optio maxime quasi eius qui culpa. Iusto fugiat sint eveniet dolor quaerat magnam autem. Voluptas quis tempore neque ut reprehenderit non. Labore alias natus at fuga qui ut. Perferendis tenetur quae quod sit nihil. Exercitationem blanditiis delectus numquam quia placeat mollitia illo et. Recusandae rerum qui id blanditiis quia et. Et esse suscipit atque modi mollitia quaerat qui. Aliquam similique et voluptas laudantium. Veniam natus non quia. Qui quos est porro quod.<p><br/><img src=\"http://placeimg.com/640/360/any\" style=\"width: 100%; float: none;\"></p><br/>Voluptatum molestiae dolores amet dolorem debitis sit aut. Perspiciatis reprehenderit enim nobis illo et eligendi. Adipisci dolorum expedita dolorum sunt nam et magni earum. Voluptatem distinctio reprehenderit quia et omnis laborum. Asperiores ipsum et necessitatibus assumenda cupiditate. Corporis velit est impedit dolore et illum reiciendis. Quae nisi consequatur nisi natus minima praesentium in. Illo ab a commodi sunt exercitationem unde voluptas. Non odit eum aspernatur consequatur libero est qui.',0.000000,NULL,188,1,1,NULL,'voluptatem-eos-aut-voluptates-eum-animi-minima-quis',0,1,NULL,'2022-07-27 18:57:45','2022-07-24 18:57:45',1),
	(37,NULL,10,'vero','Quia corporis modi quae saepe quis fugiat adipisci.','nesciunt ml295','4','8059311371523','ITF','A cupiditate qui ad hic. Necessitatibus tempora illo autem suscipit praesentium qui dolorum. Quia unde ut quas modi. Nulla pariatur itaque et est laborum. Ut incidunt qui est inventore molestiae. Praesentium nulla rerum magnam odit praesentium. Recusandae eveniet eveniet libero aut. Tenetur libero earum temporibus illo. Voluptate nobis recusandae placeat magnam. Deserunt sint eaque qui culpa qui dolore. Ullam ab et dolore hic.<p><br/><iframe frameborder=\"0\" src=\"//www.youtube.com/embed/7abGwVjXSY4\" class=\"note-video-clip\" style=\"width: 100%; height: 475px; float: none;\"></iframe></p><br/>Nesciunt ipsam maxime eos. Velit quae dicta laboriosam voluptas. Vel autem maxime blanditiis aliquid. Dolor est nihil deleniti culpa non aut quis. Dolores voluptate fuga autem in doloribus dolorem aut ex. Sapiente sequi ipsa animi dolores tempore exercitationem voluptatem. Odit voluptates est commodi quia earum impedit. Eos ullam fugit doloribus voluptas itaque beatae.<img src=\"http://placeimg.com/640/360/any\" style=\"width: 50%; float: right; margin: 20px 0 20px 20px;\">Deserunt est numquam velit vel nostrum qui. Blanditiis nobis expedita sapiente. Amet expedita quod magni qui et quo in alias. Quo perferendis eos aliquid adipisci nemo cum esse. Ratione inventore quae animi dolor impedit dolor. Quo aliquid corporis tempore dolore iste cum et. Est odit earum eum est quibusdam. Iure eligendi quo fugiat voluptatem nobis ducimus. Et dicta illum quidem vitae. Unde ut maxime perspiciatis ut. Iure distinctio incidunt aut nesciunt magnam eum non. Enim nihil cupiditate quas voluptatem. Dolore quo ratione vero eaque voluptas officiis. Quia labore consequuntur quas a eos dignissimos alias et. Atque sit tempore eius quas ut. Aut cumque officia amet minus. Eaque minus nisi et fugit dolorum quam. Facere rerum odit dolorum et. Dolores reprehenderit ex repellat odit earum iure. Et vel molestiae qui. Perferendis vero ex porro sit dolore. Eum est libero ullam ea dolorum adipisci. Aut adipisci qui minus nostrum. Iusto veniam soluta sint quibusdam necessitatibus odio. Dicta id quae esse harum in consequatur adipisci sit. Provident laudantium et id voluptas non. Voluptatem et autem doloribus.<p><br/><img src=\"https://loremflickr.com/640/360\" style=\"width: 100%; float: none;\"></p><br/>Repellendus hic quia inventore illum. Quis et inventore et qui ipsam. Atque pariatur officia non ad laborum nihil. Et sint cum velit ut saepe cum fuga. Est enim deleniti suscipit modi. Qui et culpa voluptatem quis. Autem eius quis omnis excepturi ratione. Cumque totam eos ipsam ut. Et itaque tempora magnam et eos vero dolorem et. Officiis in voluptas ut et in est. Et rerum animi ullam. Accusantium similique soluta inventore aut.',0.000000,NULL,234,0,1,NULL,'maiores-voluptatem-quod-dolore-sit-quisquam-aliquam-commodi-assumenda',9,1,NULL,'2022-07-18 18:57:45','2022-08-02 18:57:45',1),
	(38,NULL,7,'enim','Soluta quos aut recusandae exercitationem itaque.','commodi sw417','7','7257212699574','ISBN','Quibusdam excepturi omnis rerum. Tempora repellendus ut in et et eveniet. Tempore commodi aut necessitatibus in. Facilis blanditiis consectetur in temporibus. Autem blanditiis quos aut qui vero perferendis sed et. Sapiente illum aut in nihil. Eligendi ut ut voluptatem ipsa sint mollitia. Omnis vitae optio architecto eaque voluptas. Repudiandae sed voluptate rerum reiciendis quibusdam temporibus nisi incidunt. Sint odio expedita fugiat est. Itaque officia dolorem delectus sit impedit est. Et sed atque mollitia sit et.<p><br/><iframe frameborder=\"0\" src=\"//www.youtube.com/embed/eEzD-Y97ges\" class=\"note-video-clip\" style=\"width: 100%; height: 475px; float: none;\"></iframe></p><br/>Temporibus fuga dolores iure doloremque saepe et sit. Iusto accusamus quis quia fugit ipsam velit quis. Et aliquam quisquam fugiat sapiente doloremque porro quaerat error. Veniam adipisci et cum numquam et. Vel soluta qui quis quidem id. Sit temporibus ratione asperiores impedit. Unde accusantium aut saepe saepe exercitationem dolor. Recusandae iste omnis libero.<img src=\"https://loremflickr.com/640/360\" style=\"width: 50%; float: right; margin: 20px 0 20px 20px;\">Nemo et quaerat sunt perferendis. Voluptatem aut perferendis tempore numquam et omnis dolore perspiciatis. Nulla et itaque hic. Soluta inventore eius reiciendis eius. Et eos fugit voluptatibus. Aut veritatis praesentium ea hic. Numquam velit autem eius sit eos et. Tempora et est aliquam ad et expedita officia eligendi. Suscipit animi numquam debitis eos nulla saepe sed. Mollitia sed et doloribus optio. Delectus sequi praesentium aut ex rerum doloribus aut quam. Molestiae rem vel saepe fugiat accusantium libero enim. Velit sed dicta esse sed. Non accusantium in maiores ut rem eveniet mollitia. Possimus iste consequatur aperiam aperiam. Odio et occaecati aut officia fugit. Laudantium fugiat quod aut officia. Aliquid eveniet et voluptates. Corrupti qui consectetur optio soluta. Ratione veniam quas vero non aspernatur et et id. Vitae voluptas nihil enim quas quasi id. Consectetur eum molestias necessitatibus sed ea reiciendis. Quo dolor necessitatibus et accusamus voluptate in. Provident sapiente est error cumque quibusdam iure qui. Pariatur voluptatem quae necessitatibus ut.<p><br/><img src=\"https://loremflickr.com/640/360\" style=\"width: 100%; float: none;\"></p><br/>Expedita ut eos explicabo voluptate ut illo. Voluptatem est ratione iure enim. Ratione dolorem itaque eos magni. Qui repudiandae aliquid laboriosam. Dolore nemo sed ad aut quaerat. Provident eum eos distinctio quod. Quisquam ducimus in odit eum. Est et voluptatem veritatis aut expedita vitae. Aperiam voluptatum autem velit hic. Quia officiis dignissimos quo. Pariatur vero voluptatem vitae. Dignissimos occaecati explicabo velit ut voluptas. Vitae veritatis placeat omnis et reiciendis quisquam animi. Et est eum enim officiis ut. Nam dolores iusto iure architecto expedita accusamus.',0.000000,NULL,792,1,1,NULL,'qui-est-voluptas-aut-magni-sed-velit',2,1,NULL,'2022-07-31 18:57:45','2022-07-29 18:57:45',1),
	(39,NULL,6,'culpa','Velit vero quae sit quos sunt.','recusandae uy294','58904033','3289461770890','ITF','Sit perferendis ducimus molestias quis et. Ut ipsum quod aut ducimus officia ut culpa qui. Doloribus commodi accusamus itaque maxime alias esse. Alias omnis est voluptatum et iste voluptas. Eaque omnis iste qui sunt nulla omnis nesciunt qui. Voluptates quidem totam soluta. Dolores ea reprehenderit iste cumque quibusdam et. Quia voluptas molestias rerum ad et laborum natus maiores. Aut asperiores tempore excepturi rem voluptatum aut. Voluptas nihil iure quia vel reiciendis qui.<p><br/><iframe frameborder=\"0\" src=\"//www.youtube.com/embed/mATMpaPBBFI\" class=\"note-video-clip\" style=\"width: 100%; height: 475px; float: none;\"></iframe></p><br/>Dolorem dolorum et ad suscipit pariatur reprehenderit magni qui. Aut consectetur molestiae adipisci officia. Quis quod et nisi. Quis quam voluptas distinctio praesentium earum ut. Ad et voluptatem rerum voluptas repellendus necessitatibus. Recusandae placeat exercitationem quis veniam aut.<img src=\"https://picsum.photos/640/360.webp\" style=\"width: 50%; float: right; margin: 20px 0 20px 20px;\">Quidem deleniti sint maxime voluptatem aut. Magni et asperiores voluptatum. Temporibus rerum quo facere ipsum occaecati provident aperiam. Quos dignissimos natus nihil odio id. Quasi quo autem id voluptatem. Quam in praesentium vitae. Ipsa ut animi sint ipsa nihil sunt. Fugiat et odio deleniti molestiae laboriosam dolor minus voluptas. Vero quae velit ex doloremque deserunt est. Est quaerat ipsa dolor minus facilis. Reprehenderit repudiandae dolores ut ea autem. Necessitatibus tempora cumque corporis ipsum. Nulla omnis aut labore vel saepe. Qui officiis ipsa a delectus corrupti et rerum. Aut eum reprehenderit minus non natus dignissimos. Repellat temporibus cumque qui dolorem aut est in. Voluptatum eum qui quo deserunt perspiciatis. Alias ut nihil quae assumenda facere. Est dolorem perspiciatis est minus amet. Ut adipisci aspernatur ab quam similique. Architecto accusantium qui quis est voluptas. Asperiores nam quos odit quae magnam. Voluptas molestiae rerum quia dolore alias. Ut quisquam unde perspiciatis dolorem facere. Sunt similique tempore inventore et iste ut.<p><br/><img src=\"https://picsum.photos/640/360.webp\" style=\"width: 100%; float: none;\"></p><br/>Ea sed mollitia consequatur est et. Ipsa voluptatem voluptatem tempore fuga deleniti et. Assumenda voluptas qui dolorem ab. Aut amet enim vitae sit odio voluptatem. Eius accusamus quidem ut. Asperiores a id accusantium accusantium aspernatur. Aut qui amet aut possimus ipsam. Maxime nesciunt nihil ut maiores. Voluptas consequatur nihil aut minus pariatur nihil. Quis vitae consequatur aut atque tenetur. Non non doloribus maiores ea corporis harum. Exercitationem et et in est et ab. Aspernatur illo ratione illum eum culpa odit expedita.',0.000000,NULL,56,1,1,NULL,'sapiente-dolor-autem-veniam',8,1,NULL,'2022-07-31 18:57:45','2022-07-27 18:57:45',1),
	(40,NULL,16,'non','Incidunt aut repellendus aut facere.','voluptates sf447','2220365','6671444376927','EAN','Repellendus et porro itaque. Cupiditate maxime nihil modi. In et qui amet quo suscipit. Debitis magnam minus dolores et quos. Voluptatem soluta assumenda autem saepe. Laudantium cupiditate neque quas ullam. Neque exercitationem ex sit quas. Eos est deserunt rem quis. Ut consectetur sunt quam dolor aut et. Culpa quisquam voluptatem quis aut et. In quos laborum ullam expedita. Quae quam totam voluptatibus natus aut. Vel eveniet voluptatem facere. Labore blanditiis illum natus nobis. Et dolore fuga aut expedita aspernatur expedita eius magnam.<p><br/><iframe frameborder=\"0\" src=\"//www.youtube.com/embed/eEzD-Y97ges\" class=\"note-video-clip\" style=\"width: 100%; height: 475px; float: none;\"></iframe></p><br/>Qui quibusdam quos ea dolores dolor quasi. Molestias praesentium minus dolor aut qui quia est. Eum mollitia labore dolor quas beatae laboriosam at. Quasi ut praesentium vero dignissimos dolores error mollitia voluptatem. Non adipisci in aut velit veniam laudantium. Dignissimos reprehenderit laboriosam nulla est perspiciatis. Excepturi deleniti aut eum dolorum.<img src=\"https://picsum.photos/640/360.webp\" style=\"width: 50%; float: right; margin: 20px 0 20px 20px;\">Reiciendis expedita autem quo dolore ducimus animi numquam. Saepe error molestiae et saepe accusamus iure minus natus. Saepe non doloremque odit ut eum. Sit eos iste dolorum. Autem qui adipisci blanditiis et. Voluptatum molestiae ducimus recusandae omnis et ea. Ratione alias libero tenetur deleniti. Accusamus veritatis at laboriosam esse. Sequi possimus amet impedit fuga eaque. Blanditiis et ipsa vero consectetur perferendis molestias. Quis aperiam vel ut. Magni eum necessitatibus ut rerum eaque aut. Blanditiis alias eum hic quia id consequatur. Quo deserunt repudiandae ea et aperiam sed debitis. Et dolor voluptatem aut et ut. Eum quia voluptatum et sit mollitia. Iste maxime ut pariatur iusto nobis nam. Magni ut occaecati voluptas quo est. Omnis eum architecto laboriosam id. Possimus quo nihil vel sit qui. Tempore nemo voluptatum ut totam et. Sint qui nostrum error expedita consectetur animi. Fugiat voluptatum praesentium facere ullam impedit. Expedita distinctio voluptatem temporibus minus perferendis.<p><br/><img src=\"https://picsum.photos/640/360.webp\" style=\"width: 100%; float: none;\"></p><br/>Quia alias mollitia dicta sed dolor quos incidunt expedita. Est assumenda dolore voluptas et repudiandae. Ab dolorem eos sint et. Reiciendis nihil ut et saepe omnis perferendis accusamus. Non qui aliquam qui non error et deserunt. Et vero sunt odit quam est. Eius qui rem aperiam. Dolores inventore non voluptas distinctio voluptas rerum. Atque dolor fuga nostrum sed adipisci. Tenetur rerum aut minima sit totam hic. Voluptatem qui sit in quod nesciunt.',0.000000,NULL,756,0,1,NULL,'ratione-nemo-suscipit-est-cupiditate',9,1,NULL,'2022-07-25 18:57:45','2022-07-23 18:57:45',1),
	(41,1,11,'ut','Eum eos hic saepe non ea sed esse rerum.','quas rr638','398619451','2849094443724','ISBN','Voluptatem adipisci vero corporis dolorem voluptate. Asperiores eius et distinctio omnis voluptas qui atque. Est doloribus occaecati cupiditate qui aperiam. Dolor aliquam iusto sunt sint ea dicta. Non repellat quas tempora sint est ipsa quisquam. Pariatur labore excepturi eius iusto. Modi aut perferendis sunt qui reiciendis deleniti. Tenetur illo sit officiis incidunt nihil. Dolor fugiat nam et reiciendis in ratione. Asperiores pariatur dolorem non odio eos sint molestiae. Quia aperiam qui itaque nemo.<p><br/><iframe frameborder=\"0\" src=\"//www.youtube.com/embed/eEzD-Y97ges\" class=\"note-video-clip\" style=\"width: 100%; height: 475px; float: none;\"></iframe></p><br/>Incidunt rem odio officia. Autem voluptas earum ex odio pariatur praesentium sed consectetur. Rerum ipsum blanditiis quibusdam dolores aut vitae. Sapiente et odio illum tempora in distinctio. Iusto et ea vel. Nihil voluptates eos eveniet veniam sunt.<img src=\"https://loremflickr.com/640/360\" style=\"width: 50%; float: right; margin: 20px 0 20px 20px;\">Dicta et eligendi doloremque similique rerum. Tempora esse quia et et omnis unde ut. Repellat dolor voluptas ut provident unde id et. Autem consequatur vitae eum voluptatem ut quisquam assumenda. Quasi quaerat tenetur sed eveniet a fugiat fugit. Vel dolores dolores aperiam quasi nemo praesentium facilis. Officia molestiae eaque tempora in aspernatur. Illo nesciunt doloribus in dolorum in quia. Voluptas nostrum est est nemo. Repudiandae ut et et quibusdam ut unde natus. Aut labore error nemo et est et voluptas at. Commodi voluptatem nostrum aut labore ut autem. Quia et et cupiditate quam. Reiciendis qui architecto quasi ab velit unde et. Vel autem temporibus doloremque deleniti reiciendis. Officiis ipsum et et asperiores delectus. Et sit fugit atque modi autem. Sint quis et distinctio praesentium. Accusantium aut inventore beatae quam et voluptate non. Magni voluptatum vitae vero. Dolorem rerum minus rerum et ut. Maiores soluta sed ab voluptatem mollitia. Et aspernatur repellat tempora distinctio quia veniam. Dolores inventore sit vel consectetur sit excepturi. Aspernatur ullam optio ipsum architecto labore voluptatem. Fugit illo modi quia cupiditate sit.<p><br/><img src=\"https://loremflickr.com/640/360\" style=\"width: 100%; float: none;\"></p><br/>At ullam quas deleniti porro voluptatibus. Ab rem et magnam est rerum dolorem. Nulla vel qui et officia et. Non nihil nesciunt sint unde. Cum pariatur et ipsum culpa quia aliquam aperiam. Nemo voluptatem voluptatem aspernatur alias. Hic possimus commodi ab et sit iusto. Qui quia aut maxime quia. Facere repudiandae illo omnis suscipit qui minus. Quis qui eius autem mollitia est. Est labore maxime quia dolorem. Molestias est iste sapiente rerum recusandae itaque sit exercitationem. Laboriosam harum veritatis accusamus quae aspernatur ut.',0.000000,NULL,690,0,1,NULL,'fuga-quis-tenetur-nesciunt-quibusdam-ut-quas',4,1,NULL,'2022-07-27 18:57:45','2022-07-20 18:57:45',1),
	(42,NULL,10,'accusantium','Vero accusamus odit nulla quia dolorem rerum.','non zd585','275','4765710212599','ISBN','Autem deserunt neque qui inventore laudantium consequuntur. Omnis eum modi eum nam amet. Vero velit velit ut quia totam eos. Ea consequatur beatae iste quaerat ab ut. Provident quisquam corrupti natus nisi fuga nesciunt asperiores reprehenderit. Laudantium quae aut et reiciendis omnis ea ipsam sed. Iure pariatur modi veritatis mollitia aut amet perspiciatis voluptatem. Et odio rerum omnis dolorem. Quas dolor quod voluptatem explicabo. Ratione pariatur ut voluptatum consequatur repellat.<p><br/><iframe frameborder=\"0\" src=\"//www.youtube.com/embed/SKbHHcdLGKw\" class=\"note-video-clip\" style=\"width: 100%; height: 475px; float: none;\"></iframe></p><br/>Minima consequatur repellat et et dolorum et. Quos adipisci dolorem quasi est et rerum. Vel necessitatibus tempore est aperiam recusandae accusamus exercitationem eligendi. Voluptas assumenda voluptas sapiente aut dolorem. Maiores molestiae error ut occaecati est dolores quo at. Autem ut numquam dolorem quaerat non qui itaque. Laudantium sed expedita est repellendus.<img src=\"https://picsum.photos/640/360.webp\" style=\"width: 50%; float: right; margin: 20px 0 20px 20px;\">Sunt ullam ea omnis nihil mollitia molestias voluptate. Totam nulla et asperiores. Voluptas dolorum et doloribus quia. Libero facere deleniti dolores. Illum et possimus et dolores optio. Et aut dolorem et molestias voluptatum molestiae pariatur. Voluptas tempora vel quod qui molestiae. Commodi aspernatur modi sit officiis iure animi sed quam. Sapiente est illo dolor qui dolorum nemo numquam. A similique cum nam. Aliquam sed enim ut. A fuga aliquam consequuntur delectus doloremque. Ea qui alias provident ut fugiat. Veritatis quis optio voluptatibus laborum fuga. Nam facilis ex nostrum rerum. Vero suscipit esse laborum sed. Sunt quis quisquam esse adipisci eos. Ut eligendi minus est labore quo similique id. Quia id doloribus id ex quasi voluptatem. Occaecati exercitationem nulla aut voluptas. Mollitia voluptatem ex minus. Omnis atque dolor cumque et odit ex. Tenetur vitae assumenda maiores assumenda. Rem sit amet occaecati nihil possimus omnis laboriosam. Iste nulla est necessitatibus necessitatibus facilis rem aspernatur. Quisquam non sed necessitatibus voluptatem ducimus.<p><br/><img src=\"https://picsum.photos/640/360.webp\" style=\"width: 100%; float: none;\"></p><br/>Reprehenderit modi ea minima minima aut sed saepe. Temporibus occaecati ut dolorum. Minima hic consectetur harum cum adipisci. Dignissimos reiciendis ullam veritatis aliquid maiores voluptatem est hic. Soluta necessitatibus et repellendus dolorum reprehenderit porro eius nostrum. Voluptas quia ea perferendis unde aut quae non. Molestiae soluta qui sapiente aut quam et quo. Exercitationem nostrum eius blanditiis ut adipisci neque molestias. Et id quaerat molestiae debitis. Odit voluptatem rerum aut. Sit esse enim dolorem ullam harum. Nesciunt ea corrupti in sit saepe.',0.000000,NULL,562,0,1,NULL,'est-consequuntur-cupiditate-pariatur-nobis-eveniet',1,1,NULL,'2022-08-01 18:57:45','2022-07-20 18:57:45',1),
	(43,5,15,'ut','Veritatis voluptatum est amet mollitia.','nobis cg515','636829918','4107701284312','JAN','Dolor deserunt aliquid molestiae est eos id. Aut aut sapiente suscipit. Dolorum rerum est voluptatum iure fuga rerum. Autem aut modi odio quia est aliquam sequi. Repellendus quia id beatae magnam explicabo. Enim commodi commodi quia quod id. Qui aut accusantium dolores. Dolore omnis nulla est et sint. Laborum eum fugiat itaque omnis suscipit sit eligendi possimus. Voluptas modi molestiae ut impedit eaque ut quod.<p><br/><iframe frameborder=\"0\" src=\"//www.youtube.com/embed/mATMpaPBBFI\" class=\"note-video-clip\" style=\"width: 100%; height: 475px; float: none;\"></iframe></p><br/>Nam et quas quisquam ea. Facere distinctio sit nisi et. Soluta consectetur architecto qui repellendus unde. Et suscipit debitis velit. Est sint ea voluptatibus et ipsum ex. Accusantium architecto ut atque quas recusandae esse ipsum. Voluptatibus quia qui voluptatem aspernatur. Quasi id rem veritatis qui odio. Qui nihil iste nihil eligendi. Provident voluptatem ea eos ullam est est quam.<img src=\"https://picsum.photos/640/360.webp\" style=\"width: 50%; float: right; margin: 20px 0 20px 20px;\">Consequatur id voluptas consequuntur pariatur laudantium iste. Et accusamus distinctio culpa porro. Dolorem nihil corporis quia molestias sit. Sapiente nihil reprehenderit debitis tempore. Voluptas consectetur voluptas similique aut numquam. Quia adipisci et qui iusto qui. Sint et repudiandae at vero. Dolorem cum rerum rem. Est quisquam labore facere velit deleniti eos explicabo. Amet ut occaecati dolor. Numquam et et modi voluptatem ut voluptas nobis. Molestiae non magni hic ullam id. Exercitationem quia eligendi eveniet quam minus deleniti assumenda. Quam dolor autem eligendi dolorem sed unde qui recusandae. Incidunt repellat officiis ea. Dolor qui maxime tempora vel. At iusto quibusdam pariatur reprehenderit. Saepe facere optio ea et. Qui culpa deserunt voluptatem vel repellendus pariatur molestiae. Assumenda iusto dolorum error nobis. Aspernatur aut et iure. Officiis rerum vero nihil voluptatibus nihil quo facilis non. Qui fuga enim qui aut laborum qui. Aut accusantium aliquid quisquam fugiat sit dolorum ab. Accusantium quidem id recusandae rerum voluptates quasi voluptatibus et.<p><br/><img src=\"https://picsum.photos/640/360.webp\" style=\"width: 100%; float: none;\"></p><br/>Dolore quo autem quia atque libero porro. Harum tempore quas cupiditate. Libero explicabo iusto totam ipsum nihil officiis qui. Suscipit exercitationem sed qui qui voluptatem repellat velit delectus. Aut suscipit tempora eum quos nihil sit id. Rerum accusamus consequatur quia qui sint ex. Autem enim dolore explicabo ratione. Nobis fugit saepe est et aut non libero. Ipsa nulla sit eos. Odio voluptatem consequatur dolores enim. Deserunt dolore maiores non natus id laudantium consequuntur.',0.000000,NULL,188,0,1,NULL,'culpa-et-aut-debitis-cum-quo',9,1,NULL,'2022-07-23 18:57:45','2022-07-27 18:57:45',1),
	(44,3,11,'voluptatem','Sint molestiae ab totam sapiente explicabo voluptas et.','facilis hd654','2','0193186181721','JAN','Et et distinctio rerum autem quo cum qui nobis. Ea recusandae assumenda aut. Cupiditate numquam necessitatibus voluptatem non et. Quasi itaque qui quis labore aspernatur enim qui. Et dolore tempora occaecati velit velit atque et. Iusto ex perferendis et aut. Adipisci molestiae ad et. Distinctio asperiores sunt maxime veritatis qui rerum. Qui aliquid dolorem sit vel porro et. Qui placeat ut enim dolorem cum temporibus dolorem et. Est rerum consequuntur consequatur ipsum sunt minus.<p><br/><iframe frameborder=\"0\" src=\"//www.youtube.com/embed/MLpWrANjFbI\" class=\"note-video-clip\" style=\"width: 100%; height: 475px; float: none;\"></iframe></p><br/>Repellendus dolores nisi ipsum et neque voluptatem architecto. Id optio aut explicabo perspiciatis quia aliquid pariatur. Quod aut dolores occaecati et non et quia. Quia exercitationem fuga deleniti amet non deleniti iure. Sunt sequi enim numquam. Omnis officiis consequatur ea veniam ducimus quas temporibus. Sed praesentium quaerat aut earum sunt. Neque omnis voluptas inventore natus vel.<img src=\"https://picsum.photos/640/360.webp\" style=\"width: 50%; float: right; margin: 20px 0 20px 20px;\">Sapiente non dolorem eligendi voluptas. Corporis sed facere mollitia pariatur. Qui aut ullam dicta voluptates natus est culpa. Earum nobis explicabo et. Nulla itaque provident beatae cum delectus iste qui. Aut voluptas ut dolores harum aperiam asperiores atque. Consequatur aperiam ratione a reiciendis quam. Sit consequatur porro hic. Minima expedita ab iste voluptatem. Eveniet qui sed laborum dolore repellendus et dolores. Quia accusamus aperiam molestiae. Eos cupiditate dicta vel veritatis. Eos corporis vero beatae cumque quos distinctio ut deleniti. Et vel fuga cum soluta deserunt voluptas fugiat. Et et repellendus enim velit voluptatum excepturi possimus ad. Quos necessitatibus qui tempora aut dolores tempora. Harum tempore quia sit consequatur est consequatur vero quas. Error beatae commodi quo neque aut. Odio beatae debitis debitis voluptatem. Neque libero labore et quia soluta placeat sit. Natus tenetur tenetur nobis ut ducimus voluptatem. Excepturi corporis doloribus aliquam porro nihil corporis. Culpa delectus occaecati minus quo at. Rem dolores voluptatem in dolor iusto quia. Accusamus porro a omnis. Et rem ea aliquid repudiandae eveniet qui.<p><br/><img src=\"https://picsum.photos/640/360.webp\" style=\"width: 100%; float: none;\"></p><br/>Officiis quaerat aliquam animi. Vitae quis et porro quos. Eligendi est voluptatem similique rem est qui corporis. Quidem soluta consequatur consequatur libero error quaerat. Aspernatur voluptas omnis sed vero facere accusamus sed. Illo rerum nemo explicabo. Ea voluptatem natus magnam molestiae officia sit. Ipsam minus debitis similique nihil velit et aut. Id excepturi accusantium quia voluptate et quisquam debitis. Maxime delectus expedita doloremque optio. Enim sunt iste commodi sit.',0.000000,NULL,24,0,1,NULL,'dolores-exercitationem-necessitatibus-eveniet-suscipit-perferendis',6,1,NULL,'2022-07-24 18:57:45','2022-07-23 18:57:45',1),
	(45,NULL,2,'cupiditate','Consequatur natus illo qui voluptas ipsam.','rerum ni687','466','5633359179650','ISBN','Possimus qui fuga molestiae ipsum laborum. Iure dolorum consequatur ut facilis sed et qui. Nam sunt ea rerum inventore quis enim commodi. Sunt fugit dolor placeat eveniet. Ut excepturi aut mollitia magnam architecto est. Cum quia rem fugit quo. Unde eos alias debitis inventore. Quo pariatur dicta velit quibusdam sed quisquam hic. Non provident autem amet dolorem ab quia. Incidunt perferendis eum quas. Voluptatem vel qui voluptatem aliquid quaerat dolorem vero itaque.<p><br/><iframe frameborder=\"0\" src=\"//www.youtube.com/embed/7abGwVjXSY4\" class=\"note-video-clip\" style=\"width: 100%; height: 475px; float: none;\"></iframe></p><br/>Laboriosam maxime quaerat quaerat eos deleniti. Nobis odio voluptas minus numquam. Tempore fugit magnam doloribus amet similique. Est fuga et officia. Rerum rerum qui recusandae enim suscipit sapiente corrupti. Blanditiis ullam molestiae ipsum minus minima rerum quisquam. Asperiores modi aut eos cupiditate aperiam quia. A aperiam voluptatum architecto quia.<img src=\"https://loremflickr.com/640/360\" style=\"width: 50%; float: right; margin: 20px 0 20px 20px;\">Quis adipisci cumque et facere. Quasi exercitationem quia magnam ad sapiente exercitationem. Et harum numquam qui consectetur sint. Debitis laudantium ab voluptatibus optio. Facere consectetur nisi nesciunt voluptas. Est sunt dolor non. In eum dolore sunt numquam. Repudiandae id sunt molestiae perspiciatis minus fuga. Debitis ut id incidunt. Doloremque qui eos ut in. Cum saepe quibusdam eos voluptatum. Aut et officia sunt ipsam necessitatibus ut. In eos sit sit magnam qui eos aut. Quas veritatis fugit vero. Perferendis qui id sed. Illum deserunt accusantium sapiente vitae voluptas. Quae fugit eum tenetur et sed. Nihil accusamus cumque debitis qui. Fugiat cum officiis nam laborum. Dolor minus maiores tempora omnis ut qui. Adipisci et sapiente assumenda ex. Sed et est est delectus qui pariatur. Eos a distinctio laudantium magni soluta sit ab velit. Ea maiores necessitatibus libero. Voluptates ea repudiandae perspiciatis ea facilis eius ea. Doloremque et aut facilis sed optio et sunt voluptas. Qui quas sed voluptatem ab eligendi nemo rerum. Eveniet quis ut ad quo.<p><br/><img src=\"https://loremflickr.com/640/360\" style=\"width: 100%; float: none;\"></p><br/>Et ad et maiores iure. Voluptatem ducimus odio magnam et ipsum ut qui. Ut quaerat qui et et. Accusamus est sequi alias sapiente aut provident dolores. Autem dignissimos quisquam corporis quibusdam voluptatem vitae voluptatem. Id architecto in eum fugiat deserunt illo. Itaque ducimus perspiciatis sunt voluptate assumenda. Aspernatur incidunt sequi corrupti rerum. Qui accusamus eveniet est fuga. Mollitia harum beatae aut deserunt distinctio. Vitae voluptatem sint culpa aut inventore sit.',0.000000,NULL,760,1,1,NULL,'qui-aut-amet-assumenda-quidem-autem-fuga-fugit-quod',9,1,NULL,'2022-08-01 18:57:45','2022-07-25 18:57:45',1),
	(46,1,4,'quibusdam','Voluptatum et in magni dolore autem iure culpa.','temporibus ac479','86','0459257438317','ITF','Aspernatur pariatur molestiae iure. Quam non ut et voluptas officia distinctio qui provident. Illo rem dolorem vel ipsam. Explicabo qui odio aspernatur est sed. Quis rem non odit aut officia quia. Ea aspernatur omnis eaque modi in iure rerum sint. Dolor cumque quas ducimus eum repellat. Labore consectetur quaerat neque beatae molestiae. A eligendi ad magnam aut ut nesciunt laudantium. Impedit autem non iusto facere sequi.<p><br/><iframe frameborder=\"0\" src=\"//www.youtube.com/embed/eEzD-Y97ges\" class=\"note-video-clip\" style=\"width: 100%; height: 475px; float: none;\"></iframe></p><br/>Commodi qui excepturi veritatis expedita. Inventore voluptatem voluptatibus et sunt alias. Iure debitis illum veritatis ipsa saepe. Voluptates voluptas at et asperiores quisquam fugit. Iste itaque unde asperiores.<img src=\"https://loremflickr.com/640/360\" style=\"width: 50%; float: right; margin: 20px 0 20px 20px;\">Vitae quis quos odio. Repellendus at fugit qui ut rerum ut. Sint soluta tempora quo. At at nemo numquam esse quo rerum eaque. Nulla recusandae dolorem facilis et. Alias dolorem consequatur sint molestias. Et quia error ut omnis. Nam dolores omnis laborum id reiciendis accusantium et. Sapiente natus atque aliquam aliquid. A voluptatem enim quia ut eaque qui atque. Vitae soluta qui et est laudantium cumque. Sunt optio adipisci ut explicabo nihil est nulla. Non eaque et culpa labore iste vitae. Repudiandae omnis neque provident est magnam vero ipsa. Cumque quo magni vel. Laboriosam deleniti omnis voluptatem ea. Praesentium cupiditate accusantium et in inventore ut provident. Earum aut deleniti ex. Sint aut soluta rerum accusamus eos mollitia corporis. Sed repellat molestias consequatur hic atque et consequatur. Quo nesciunt dolor cum sit et ab. Totam veritatis qui facere et placeat. Ex deserunt aperiam veritatis alias. Earum doloremque quibusdam cupiditate. Accusamus quod et eum saepe alias quia. Id error quidem est. Minus sit omnis maiores quis fuga eum. Dolorem ut voluptatem at sint eaque esse assumenda.<p><br/><img src=\"http://placeimg.com/640/360/any\" style=\"width: 100%; float: none;\"></p><br/>Aut et blanditiis voluptatem et voluptas voluptas voluptas et. Nemo facilis rem provident nesciunt omnis et. Dolores quis nemo ab reiciendis reiciendis voluptatem aperiam cupiditate. Consequuntur et ipsum eveniet vero. Et cum vitae in. Vel corporis voluptatem fugiat. Occaecati est quam omnis quisquam aliquid voluptatem ut. Atque quam perspiciatis ab. Consequuntur molestias beatae maiores quis similique corrupti adipisci. Vero eos incidunt eligendi. Temporibus omnis temporibus ipsum omnis. Eius aut maiores ut tempore est harum fugit et.',0.000000,NULL,48,0,1,NULL,'voluptas-iure-eaque-occaecati-corporis-vero',0,1,NULL,'2022-08-01 18:57:45','2022-07-26 18:57:45',1),
	(47,2,9,'consequuntur','Veniam odit molestiae voluptatem aut vitae id.','asperiores ie806','477161122','3575337519299','JAN','Occaecati quidem voluptatem similique qui. Laboriosam dolorem voluptatem eos voluptatem omnis. Numquam et minus consequatur alias ut sit rerum. Et quas earum eos molestiae ducimus iusto. Quia et impedit nemo quas vero. Totam eum nisi soluta distinctio. Qui unde expedita id necessitatibus laborum. Amet quidem temporibus alias laudantium qui at. Consequatur quia nihil sint laboriosam. Sed nemo error dignissimos quia soluta voluptatem.<p><br/><iframe frameborder=\"0\" src=\"//www.youtube.com/embed/SKbHHcdLGKw\" class=\"note-video-clip\" style=\"width: 100%; height: 475px; float: none;\"></iframe></p><br/>Qui possimus nihil voluptatibus possimus et. Impedit sint doloremque consectetur corporis vitae qui molestias illo. Quasi iste accusantium ab recusandae. Harum a voluptates consequuntur ullam. Blanditiis dolorum velit et tenetur eaque ipsam quibusdam. Omnis quod quia saepe illum autem. Est facilis consectetur suscipit quae. Quibusdam quis numquam commodi qui et.<img src=\"https://loremflickr.com/640/360\" style=\"width: 50%; float: right; margin: 20px 0 20px 20px;\">Dicta nemo magni sunt consectetur. Provident qui odio placeat quo similique qui minus. Qui vitae repellendus sint. Qui qui non sed necessitatibus architecto facere. Nihil itaque nam dolorum reprehenderit. Sint tenetur corrupti laboriosam eaque repellat eos distinctio. Rem qui quae aut illum. Unde beatae iure voluptas voluptatem. In quo voluptatem consequuntur dolores minima sunt. Et illum aut aliquid. Deserunt iste dignissimos rem aut aut iusto. Blanditiis aut natus magnam animi atque non pariatur dicta. Nobis facere sint rerum numquam commodi ut atque. Et corrupti consectetur aut in. Omnis a voluptatem officia repellendus distinctio et dolorum. Voluptatem accusamus alias rerum illum non. Ut voluptatem unde beatae sunt consequatur ut voluptatem. Quis omnis deleniti perferendis blanditiis molestias fugit tenetur. At et maxime molestiae aut. Corporis sit consequuntur non ex debitis vel dolore rerum. Sit incidunt quibusdam aliquid nihil architecto corrupti accusamus veritatis. Inventore velit doloribus pariatur. Est eos eos assumenda quos. Molestiae et similique hic ut. Adipisci facilis voluptas ullam est consequatur numquam quibusdam. Voluptatem dolorem quis aut eligendi.<p><br/><img src=\"https://loremflickr.com/640/360\" style=\"width: 100%; float: none;\"></p><br/>Ipsum eos nostrum aliquid aspernatur. Quis sit magni quisquam ex veritatis similique ea. Debitis soluta consequatur quis eius repudiandae quibusdam dolorem. Excepturi quis illo veritatis similique. Voluptatem dignissimos quia omnis minima repellendus voluptatem et. Ipsam esse quibusdam nostrum sed. Quod et non ratione id. Quo laboriosam velit quia accusantium voluptatem sit facere. Voluptas ipsa voluptas velit sint. Dolorem vitae est ratione tenetur qui eligendi laudantium. Sit recusandae necessitatibus nisi voluptas.',0.000000,NULL,666,1,1,NULL,'aperiam-corrupti-officiis-et-perferendis',6,1,NULL,'2022-07-29 18:57:45','2022-07-26 18:57:45',1),
	(48,1,9,'molestiae','Consequatur voluptates minima maxime a.','voluptatem kd905','763','8945830628562','UPC','Dolorum corporis voluptatum velit tenetur quam ullam voluptatem esse. Ut et eligendi repellat aut non provident dolorem. Aliquam enim doloribus officiis similique enim iste vero. Adipisci nobis consequuntur molestias quis vel. Aperiam inventore culpa laboriosam similique id cupiditate at. Repellendus nihil voluptas natus explicabo odio. Quibusdam deleniti veniam rem expedita animi. Esse voluptatem adipisci assumenda quasi aut aut. Architecto fugiat tempora magnam labore voluptatem. Voluptatem tempore libero exercitationem quia sit in dolor.<p><br/><iframe frameborder=\"0\" src=\"//www.youtube.com/embed/TGbUpEJ1z-k\" class=\"note-video-clip\" style=\"width: 100%; height: 475px; float: none;\"></iframe></p><br/>Ea alias fugit et eos voluptatem qui impedit. Eum earum voluptatum commodi consectetur nihil. Numquam molestiae et iste laudantium eum voluptate vero. Reiciendis sit similique similique eos error vero et. Voluptatem et deserunt quidem. Assumenda omnis magni magni modi. Qui eaque rerum eius et.<img src=\"https://loremflickr.com/640/360\" style=\"width: 50%; float: right; margin: 20px 0 20px 20px;\">Qui ipsam aut molestias architecto quidem. Tenetur reiciendis voluptatum totam ratione et reprehenderit adipisci. Temporibus voluptate voluptas dolor eaque ut. Rerum odit omnis in impedit. Nulla error qui vel sapiente est. Quod necessitatibus sed vitae magni voluptas impedit et. Est est et est architecto est eum delectus qui. Dolorem voluptatem cum magni facere. Porro doloribus quisquam at magni dolores. Quisquam repudiandae in quia non incidunt tempore. Mollitia voluptas molestiae vel odit repellendus. Ut rerum nulla eum dolor ipsum quo quia. Rerum magni eos rerum blanditiis dignissimos accusantium laboriosam. Aut ut sapiente et rerum dolorem repellat adipisci. Facilis dolor aspernatur eaque iusto sit nesciunt alias. Est qui explicabo corrupti eum vel hic unde. Tempora fugiat provident voluptatem cum. Ea nihil magni earum ullam et. Repellat a est optio. Voluptas velit quia ut rerum. Laborum quis similique neque ea quo nihil perferendis. Aliquam cumque asperiores similique soluta. Voluptatem quae ipsam laboriosam sit unde tempore veritatis. Perspiciatis corrupti omnis eligendi nihil iste inventore. Est amet ut excepturi ipsa. Ut repudiandae esse ducimus soluta.<p><br/><img src=\"https://picsum.photos/640/360.webp\" style=\"width: 100%; float: none;\"></p><br/>Voluptas et dolorum et possimus placeat. Aperiam minima iure ut hic soluta aliquam. Perspiciatis ex ut voluptatem minus in. Alias culpa voluptas tempore fugiat aut quae. Officia nulla assumenda omnis molestiae blanditiis voluptas. Et fugiat voluptatibus vitae. Saepe accusamus neque consequatur ab molestiae esse id maxime. Soluta ut rem voluptate possimus. Totam at blanditiis enim dolor in libero qui. Consequatur quaerat et voluptas et. Ad autem est aut saepe aut et. Rerum eum ut deserunt architecto qui. Ea culpa eius dolore.',0.000000,NULL,74,1,1,NULL,'tenetur-debitis-quibusdam-quia',1,1,NULL,'2022-07-24 18:57:45','2022-08-01 18:57:45',1),
	(49,NULL,12,'quo','Voluptas sint fugiat voluptas aut quasi deserunt.','laudantium hp545','9585676','7644074269876','UPC','Molestias quo tenetur recusandae et velit est tenetur. Quia error reiciendis harum. Odit sunt beatae laborum libero perspiciatis velit. Dolores dolores libero quas possimus officia. Soluta sapiente natus sint vel sint et. Eum eos minima ab asperiores. Beatae omnis ullam exercitationem quis adipisci modi in. Veniam odio suscipit at ut adipisci. A in quis tempore deleniti vel quia quam at. Debitis incidunt vel aut a inventore voluptatum. Deleniti omnis rerum consequuntur.<p><br/><iframe frameborder=\"0\" src=\"//www.youtube.com/embed/mATMpaPBBFI\" class=\"note-video-clip\" style=\"width: 100%; height: 475px; float: none;\"></iframe></p><br/>Dicta eum dolores ut amet qui minima. Iste iusto quis necessitatibus itaque voluptas. Nam non ea provident sapiente. Eum quam aut nam mollitia. Commodi dignissimos quis et quidem voluptas. Magnam rerum quos culpa distinctio id unde autem. Nisi et velit earum et.<img src=\"https://loremflickr.com/640/360\" style=\"width: 50%; float: right; margin: 20px 0 20px 20px;\">Officiis hic optio aut. Ex et necessitatibus maiores velit explicabo. Laboriosam labore asperiores qui impedit. Ut dolore quas hic dolore. Ut architecto asperiores unde. Ex et eum quia facilis. Neque id vero et quidem inventore tempore quibusdam. Ullam earum deserunt necessitatibus sunt nesciunt. Voluptate quia eum eum placeat sunt. Cumque quos repellat aut et aut deserunt soluta. Corporis ut eligendi molestiae iusto eum aliquid. Qui velit et sint nobis officia rerum nulla. Est sunt eius rerum quasi. Sequi autem placeat soluta quia itaque eveniet. Explicabo necessitatibus et eligendi in nesciunt nihil. Et architecto doloribus qui quo eos et. Debitis ut neque aut itaque. Voluptatibus corporis omnis provident rem omnis aut consequatur voluptatem. Consequatur dolorem nostrum laborum ea nesciunt quam et aut. Nihil deserunt et non deleniti. Porro dolor eligendi qui atque. Mollitia perferendis beatae eius eveniet nihil blanditiis. Unde cumque voluptatum est odit maxime. Quis eius est dolore officiis et dolorem.<p><br/><img src=\"https://loremflickr.com/640/360\" style=\"width: 100%; float: none;\"></p><br/>Quod et ducimus doloribus neque. Aliquam qui eaque nulla doloremque. Est debitis a voluptas incidunt illo iure minima qui. Debitis quas ipsum id molestiae. Placeat ipsum qui sit nesciunt dolores consequuntur rerum corporis. Rerum quis non molestias. Eligendi molestias distinctio praesentium. Corporis animi quas et odit perferendis ut aut non. Et ducimus deleniti minima voluptatem qui sint consequuntur. Fugiat est molestias aliquam saepe. Commodi ad sit et eum.',0.000000,NULL,678,0,1,NULL,'nostrum-sint-voluptas-non-saepe-ratione-aut',8,1,NULL,'2022-07-29 18:57:45','2022-07-21 18:57:45',1),
	(50,NULL,5,'neque','Vero iure blanditiis ut animi fugiat quos.','itaque je846','48663565','4201006224254','UPC','Ipsa veniam dignissimos exercitationem nesciunt architecto ea occaecati sit. Consequatur a et commodi in. Rerum excepturi nisi quo magni animi numquam laboriosam. Aut est dolor et deleniti. Qui laboriosam excepturi aut qui ipsum vero. Architecto distinctio ut illo mollitia quo doloribus consectetur illo. Ad esse animi architecto minus. Optio provident et qui culpa sit exercitationem accusantium.<p><br/><iframe frameborder=\"0\" src=\"//www.youtube.com/embed/eEzD-Y97ges\" class=\"note-video-clip\" style=\"width: 100%; height: 475px; float: none;\"></iframe></p><br/>Mollitia occaecati tenetur consequatur dicta nisi cumque. Similique eligendi aliquid est accusantium harum et magni. Omnis libero omnis dolor est ullam. Est quisquam ab ad nam. Aperiam autem accusantium vitae similique dignissimos sed quo. Deserunt culpa ut tenetur voluptatibus itaque veritatis et eaque. Culpa quis vitae accusantium magni omnis aspernatur ut.<img src=\"https://loremflickr.com/640/360\" style=\"width: 50%; float: right; margin: 20px 0 20px 20px;\">Occaecati earum eos qui ad. Voluptas expedita suscipit rerum quia aspernatur ipsam repellat. Numquam laudantium porro aut quod quia ut deleniti. Harum delectus nihil possimus et error earum est. Eius quia sapiente amet accusantium. Dicta quia doloribus qui impedit voluptatem qui quia nisi. Rerum vitae illo qui quis. Labore dolorem praesentium dolores fugiat eos aliquam ab. Aliquid doloribus accusamus ipsa assumenda. Nostrum esse esse soluta pariatur cupiditate. Alias et omnis quia cumque nulla occaecati beatae consequuntur. Quasi cum veniam quas quas. Odit placeat accusantium explicabo aliquam vero laborum voluptas. Vel laborum excepturi facere autem atque rem dolore unde. Odio vitae aut et vel. Quae quo id architecto commodi. Illum perspiciatis numquam error id earum facilis sunt. Aliquid est asperiores illum eveniet quis corporis. Autem tempora rerum est unde autem est voluptas. Quo veniam nesciunt eos voluptatum. Architecto ea tenetur iste sit repellat. Praesentium consequuntur natus delectus eos exercitationem temporibus aut. Ratione qui corporis esse earum. Et nemo atque sapiente quo.<p><br/><img src=\"https://loremflickr.com/640/360\" style=\"width: 100%; float: none;\"></p><br/>Et provident quis rem non. Quas sit illum quis laboriosam. Nostrum suscipit minima neque impedit quia laboriosam. Et quod qui voluptatum aperiam quia. Ut quis aut accusantium inventore. Rerum quibusdam minus veritatis eum. Quae necessitatibus ducimus omnis voluptas aut. Magni aliquam nihil ut aliquid cupiditate ut commodi. A ab maxime eaque et. Rerum non dolorem modi. Explicabo qui impedit quas officia id.',0.000000,NULL,876,1,1,NULL,'exercitationem-eos-velit-perspiciatis-alias-qui-numquam-corporis',2,1,NULL,'2022-07-26 18:57:45','2022-07-30 18:57:45',1),
	(51,5,15,'corrupti','Veritatis eos fuga doloremque placeat ipsam corrupti aliquam cumque.','voluptas wg900','70823987','4729127929396','UPC','Molestias nostrum dignissimos quisquam nulla quia similique. Magni fuga et aut unde. Sint dignissimos nulla cum consequatur soluta. Nisi voluptates itaque expedita neque reiciendis ut ratione consectetur. Qui ut eius ut nemo asperiores quae. Placeat dignissimos pariatur delectus dolores alias quis pariatur. Aut possimus sit aliquam perspiciatis voluptatibus distinctio. Ratione iste consequatur optio atque a et sint. Reprehenderit quisquam quod eveniet explicabo sit. Sit error non quia explicabo. Inventore repellat autem qui voluptas.<p><br/><iframe frameborder=\"0\" src=\"//www.youtube.com/embed/mATMpaPBBFI\" class=\"note-video-clip\" style=\"width: 100%; height: 475px; float: none;\"></iframe></p><br/>Laboriosam quia maiores laudantium totam neque enim. Maiores numquam voluptates odio sed. Numquam tempore id eaque. Sint quis ut alias ullam. Harum dolor nulla laborum totam dolores aut. Exercitationem excepturi error maxime magni. Fugit expedita quam sint voluptate inventore consequatur quo consequuntur.<img src=\"http://placeimg.com/640/360/any\" style=\"width: 50%; float: right; margin: 20px 0 20px 20px;\">Modi quod accusamus repellat unde error voluptatem. Similique in ut adipisci sed ut quis. Id eum atque laborum occaecati. Non et voluptates illo aut accusantium explicabo. Ad eius quisquam exercitationem et. Fugit reprehenderit vel illo iste. Sed sapiente a officiis alias. Quis nulla in adipisci iste esse hic et et. Sed adipisci cupiditate iure nulla ea molestiae tenetur. Expedita nihil officia est temporibus. Nobis aspernatur voluptatem possimus blanditiis. Cupiditate rem ut debitis in saepe et. A impedit ipsam cupiditate ullam iure suscipit. Id est ducimus praesentium quod aut ut. Fugit consequuntur optio odit sapiente ut. Sit veritatis voluptates accusamus. Qui qui sint et illo enim. Molestias fugiat odit vel facere. Dolor quaerat sit et fugiat. Sit omnis qui quasi est. Delectus atque expedita ut quia corporis blanditiis. Quaerat sapiente temporibus quia fugit magnam. Id maiores esse eligendi est est vitae quo. Qui laborum eos aut qui explicabo. Sint amet et laboriosam ut aut.<p><br/><img src=\"http://placeimg.com/640/360/any\" style=\"width: 100%; float: none;\"></p><br/>Id nostrum error expedita possimus ullam quidem. Aperiam aperiam soluta quod deleniti doloremque maiores qui. Modi aut aliquam qui. Molestiae quibusdam repellendus a dolores velit aut maiores. Tempora sed velit debitis modi. Sit molestiae ad possimus. Omnis molestias itaque inventore rerum cumque dolore sed. Repellat at qui eligendi tempore voluptas. Ex nisi possimus impedit nisi fuga expedita. Vero ipsum atque laborum sunt pariatur et minima. Alias aliquam sed voluptates omnis iure.',0.000000,NULL,170,1,1,NULL,'magnam-id-explicabo-molestiae-suscipit-et',9,1,NULL,'2022-07-25 18:57:45','2022-08-01 18:57:45',1);

/*!40000 ALTER TABLE `products` ENABLE KEYS */;


# Dump of table razorpay_wallet_transection
# ------------------------------------------------------------

DROP TABLE IF EXISTS `razorpay_wallet_transection`;

CREATE TABLE `razorpay_wallet_transection` (
  `id` bigint(20) unsigned NOT NULL AUTO_INCREMENT,
  `amount` int(11) NOT NULL,
  `razorpay_order_id` text COLLATE utf8mb3_unicode_ci NOT NULL,
  PRIMARY KEY (`id`)
) ENGINE=InnoDB DEFAULT CHARSET=utf8mb3 COLLATE=utf8mb3_unicode_ci;



# Dump of table refunds
# ------------------------------------------------------------

DROP TABLE IF EXISTS `refunds`;

CREATE TABLE `refunds` (
  `id` bigint(20) unsigned NOT NULL AUTO_INCREMENT,
  `shop_id` int(10) unsigned DEFAULT NULL,
  `order_id` bigint(20) unsigned NOT NULL,
  `order_fulfilled` tinyint(1) DEFAULT NULL,
  `return_goods` tinyint(1) DEFAULT NULL,
  `amount` decimal(20,6) NOT NULL DEFAULT 0.000000,
  `description` longtext COLLATE utf8mb3_unicode_ci DEFAULT NULL,
  `status` int(10) unsigned NOT NULL DEFAULT 1,
  `created_at` timestamp NULL DEFAULT NULL,
  `updated_at` timestamp NULL DEFAULT NULL,
  PRIMARY KEY (`id`),
  KEY `refunds_order_id_foreign` (`order_id`),
  CONSTRAINT `refunds_order_id_foreign` FOREIGN KEY (`order_id`) REFERENCES `orders` (`id`) ON DELETE CASCADE
) ENGINE=InnoDB DEFAULT CHARSET=utf8mb3 COLLATE=utf8mb3_unicode_ci;



# Dump of table replies
# ------------------------------------------------------------

DROP TABLE IF EXISTS `replies`;

CREATE TABLE `replies` (
  `id` bigint(20) unsigned NOT NULL AUTO_INCREMENT,
  `reply` longtext COLLATE utf8mb3_unicode_ci DEFAULT NULL,
  `user_id` bigint(20) unsigned DEFAULT NULL,
  `customer_id` bigint(20) unsigned DEFAULT NULL,
  `read` tinyint(1) DEFAULT NULL,
  `repliable_id` bigint(20) unsigned NOT NULL,
  `repliable_type` varchar(255) COLLATE utf8mb3_unicode_ci NOT NULL,
  `created_at` timestamp NULL DEFAULT NULL,
  `updated_at` timestamp NULL DEFAULT NULL,
  PRIMARY KEY (`id`),
  KEY `replies_user_id_foreign` (`user_id`),
  CONSTRAINT `replies_user_id_foreign` FOREIGN KEY (`user_id`) REFERENCES `users` (`id`) ON DELETE SET NULL
) ENGINE=InnoDB DEFAULT CHARSET=utf8mb3 COLLATE=utf8mb3_unicode_ci;

/*!40000 ALTER TABLE `replies` DISABLE KEYS */;

INSERT INTO `replies` (`id`, `reply`, `user_id`, `customer_id`, `read`, `repliable_id`, `repliable_type`, `created_at`, `updated_at`)
VALUES
	(1,'Explicabo molestias consequatur accusamus illum. Nemo quo et autem dolorem vero. Accusamus optio deleniti dolore repudiandae voluptatem rerum temporibus. Perspiciatis repellendus ea blanditiis hic qui accusantium in tempore.',2,NULL,1,4,'App\\Models\\Ticket','2022-07-31 18:57:50','2022-07-28 18:57:50'),
	(2,'Cupiditate rem quam error in labore dolore sequi. Accusantium deserunt aut soluta fuga et voluptas.',5,NULL,0,5,'App\\Models\\Ticket','2022-07-20 18:57:50','2022-07-28 18:57:50'),
	(3,'Sit non quaerat et aliquam. Beatae qui voluptas cumque vel iusto. Deleniti occaecati officia veritatis delectus nemo.',1,NULL,1,3,'App\\Models\\Message','2022-07-24 18:57:50','2022-07-20 18:57:50'),
	(4,'Quam molestiae dolorem suscipit. Dolorem blanditiis voluptatem sit et. Corrupti vel voluptates omnis ut nihil. Aut ut vel deserunt eaque sed rem magnam.',1,NULL,0,2,'App\\Models\\Ticket','2022-08-02 18:57:50','2022-07-19 18:57:50'),
	(5,'Velit aut incidunt est necessitatibus autem tenetur sint. Fuga veniam quam quo qui. Eveniet adipisci est atque corporis ut nostrum.',5,NULL,1,5,'App\\Models\\Message','2022-07-20 18:57:50','2022-07-25 18:57:50'),
	(6,'A quasi enim eaque. Aut natus dolor nobis dolorem et quidem delectus. Deleniti eum molestiae voluptas dolor aut.',6,NULL,1,5,'App\\Models\\Message','2022-07-30 18:57:50','2022-07-29 18:57:50'),
	(7,'Aut minus at blanditiis nobis. Cum aut accusantium voluptas quaerat ratione at illum iure. Ut nam et vel qui sint enim hic soluta. Consequatur atque soluta enim possimus dolorem necessitatibus harum.',7,NULL,0,1,'App\\Models\\Message','2022-07-28 18:57:50','2022-07-25 18:57:50'),
	(8,'Ad est quis qui deserunt id ut et. Non reprehenderit repellendus velit minus earum et rerum aperiam. Ipsum nesciunt molestias voluptas excepturi veritatis.',4,NULL,1,4,'App\\Models\\Ticket','2022-07-28 18:57:50','2022-07-28 18:57:50'),
	(9,'Consectetur aperiam dolore voluptate harum laboriosam rerum. Maiores sit voluptatem consequatur expedita ratione et dolore. Minus blanditiis facere nesciunt ab iure veritatis magnam. Quidem ut alias itaque necessitatibus aspernatur rerum.',1,NULL,1,3,'App\\Models\\Message','2022-07-19 18:57:50','2022-07-22 18:57:50'),
	(10,'Et veritatis inventore debitis. Quibusdam modi eum sapiente et quis dolore velit quia. Sunt minima necessitatibus ut quia dolorem assumenda.',2,NULL,0,4,'App\\Models\\Message','2022-07-23 18:57:50','2022-07-26 18:57:50'),
	(11,'Sapiente provident provident itaque assumenda eveniet. Expedita possimus autem doloremque qui architecto corporis consequatur. Non nulla provident amet asperiores harum temporibus nam est.',6,NULL,1,1,'App\\Models\\Message','2022-07-29 18:57:50','2022-07-25 18:57:50'),
	(12,'Debitis ad illum qui modi. Et accusantium quia ratione molestias.',3,NULL,0,2,'App\\Models\\Message','2022-07-29 18:57:50','2022-07-31 18:57:50'),
	(13,'Et nihil qui temporibus laudantium commodi suscipit. Inventore aperiam ipsam distinctio illo voluptatum porro quod iusto. Ad dolores modi odio consequatur quam nulla.',1,NULL,0,5,'App\\Models\\Ticket','2022-07-22 18:57:50','2022-07-28 18:57:50'),
	(14,'Omnis aut voluptas delectus sunt ut. Tenetur tempora fuga hic deleniti molestiae occaecati. Ab unde commodi mollitia quasi eum aut sint.',2,NULL,0,4,'App\\Models\\Ticket','2022-08-02 18:57:50','2022-08-01 18:57:50'),
	(15,'Aut ut aut velit. Praesentium rerum ex hic quisquam. Exercitationem neque reprehenderit beatae voluptas et praesentium laboriosam. Quo suscipit dolores ut dolorem aliquid.',1,NULL,0,5,'App\\Models\\Message','2022-07-20 18:57:50','2022-07-24 18:57:50'),
	(16,'Est consequatur in aut et. Molestiae sint temporibus maxime quas adipisci. Unde similique rerum quo ut dignissimos doloremque sed. Et quas nostrum ut.',6,NULL,0,5,'App\\Models\\Message','2022-08-02 18:57:50','2022-07-24 18:57:50'),
	(17,'Nihil et nulla est aliquam. Tempore totam maiores nisi ad dignissimos. Qui rerum modi quae necessitatibus sed ea cum.',4,NULL,1,2,'App\\Models\\Ticket','2022-07-29 18:57:50','2022-07-23 18:57:50'),
	(18,'Voluptatem sit voluptate enim accusantium quia atque. Ducimus odit ullam atque consequuntur deserunt dolore quis.',4,NULL,1,5,'App\\Models\\Ticket','2022-07-25 18:57:50','2022-07-20 18:57:50'),
	(19,'Dolores asperiores aut sit omnis sed et. Molestiae corporis qui error quidem repudiandae explicabo vitae. Et eum animi reprehenderit veniam qui.',1,NULL,1,4,'App\\Models\\Ticket','2022-07-31 18:57:50','2022-07-22 18:57:50'),
	(20,'Consequatur ab harum aut pariatur reiciendis fugit aut. Harum porro repudiandae eos quia dolorem quo nesciunt eos. Quo doloremque aliquam eaque repudiandae.',3,NULL,1,5,'App\\Models\\Ticket','2022-07-31 18:57:50','2022-07-27 18:57:50'),
	(21,'Corrupti et earum voluptatibus voluptas laudantium in. Facilis hic voluptatum culpa eum quaerat. Nisi nam omnis saepe.',6,NULL,0,5,'App\\Models\\Ticket','2022-07-26 18:57:50','2022-07-18 18:57:50'),
	(22,'Enim tempora consectetur est sit laborum debitis. Reiciendis illo eum hic voluptas quia. Nulla eius ut reprehenderit beatae. Aliquam ad dolore iste placeat occaecati in explicabo aut.',2,NULL,0,4,'App\\Models\\Ticket','2022-07-29 18:57:50','2022-07-23 18:57:50'),
	(23,'Possimus deserunt voluptatibus corporis error. Ad quasi porro vitae et est ex.',3,NULL,1,1,'App\\Models\\Ticket','2022-07-28 18:57:50','2022-07-20 18:57:50'),
	(24,'Tempore velit perspiciatis aut minus. Omnis et molestiae fugit reiciendis tempora. Error culpa fuga dignissimos cupiditate officia illo.',3,NULL,0,1,'App\\Models\\Message','2022-07-20 18:57:50','2022-07-31 18:57:50'),
	(25,'Repellat natus laudantium est. Perspiciatis corrupti ut reprehenderit odio reprehenderit nam non. Molestiae fugit non qui blanditiis aut. Voluptatem sit et enim quae.',3,NULL,0,5,'App\\Models\\Message','2022-07-27 18:57:50','2022-07-29 18:57:50'),
	(26,'Et veritatis reprehenderit et praesentium aut. Quia laudantium consequuntur qui deleniti. Qui esse esse a itaque illo asperiores.',5,NULL,1,5,'App\\Models\\Message','2022-07-20 18:57:50','2022-07-27 18:57:50'),
	(27,'Velit tempore explicabo esse corrupti. Itaque deserunt minima illum sapiente quia distinctio praesentium. Placeat non in animi impedit.',7,NULL,0,4,'App\\Models\\Message','2022-07-26 18:57:50','2022-07-22 18:57:50'),
	(28,'Quia sed et in illum molestiae vitae minima. Ut nobis fugit mollitia quod sapiente blanditiis. Temporibus reprehenderit voluptatem ad sed est.',3,NULL,0,2,'App\\Models\\Ticket','2022-07-24 18:57:50','2022-07-18 18:57:50'),
	(29,'Est officiis cum incidunt aut repellendus veritatis vel. Voluptatem voluptatem rerum est assumenda. Facere reprehenderit quia ducimus quia sunt unde. Placeat et at praesentium qui et ea vitae.',5,NULL,1,4,'App\\Models\\Ticket','2022-07-30 18:57:50','2022-07-19 18:57:50'),
	(30,'Saepe est aperiam minus ipsum rem. Iure ullam cumque necessitatibus voluptas. Consequatur quam rerum nesciunt fugit et.',4,NULL,1,4,'App\\Models\\Ticket','2022-07-31 18:57:50','2022-07-28 18:57:50');

/*!40000 ALTER TABLE `replies` ENABLE KEYS */;


# Dump of table roles
# ------------------------------------------------------------

DROP TABLE IF EXISTS `roles`;

CREATE TABLE `roles` (
  `id` int(10) unsigned NOT NULL AUTO_INCREMENT,
  `shop_id` int(10) unsigned DEFAULT NULL,
  `name` varchar(255) COLLATE utf8mb3_unicode_ci NOT NULL,
  `description` text COLLATE utf8mb3_unicode_ci DEFAULT NULL,
  `public` tinyint(1) DEFAULT NULL,
  `level` int(10) unsigned DEFAULT NULL,
  `deleted_at` timestamp NULL DEFAULT NULL,
  `created_at` timestamp NULL DEFAULT NULL,
  `updated_at` timestamp NULL DEFAULT NULL,
  PRIMARY KEY (`id`)
) ENGINE=InnoDB DEFAULT CHARSET=utf8mb3 COLLATE=utf8mb3_unicode_ci;

/*!40000 ALTER TABLE `roles` DISABLE KEYS */;

INSERT INTO `roles` (`id`, `shop_id`, `name`, `description`, `public`, `level`, `deleted_at`, `created_at`, `updated_at`)
VALUES
	(1,NULL,'Super Admin','Super Admin can do anything over the application.',0,1,NULL,'2022-08-02 18:57:42','2022-08-02 18:57:42'),
	(2,NULL,'Admin','Admins can do anything over the application. Just cant access Super Admin and other Admins information.',0,2,NULL,'2022-08-02 18:57:42','2022-08-02 18:57:42'),
	(3,NULL,'Merchant','The owner of a shop. A merchant can control all contents under his/her shop.',0,3,NULL,'2022-08-02 18:57:42','2022-08-02 18:57:42'),
	(4,NULL,'Modaretor','Can access all information except the shop settings in under his/her shop.',1,4,NULL,'2022-08-02 18:57:42','2022-08-02 18:57:42'),
	(5,NULL,'Order Handler','Only can access order information under his/her shop.',1,5,NULL,'2022-08-02 18:57:42','2022-08-02 18:57:42');

/*!40000 ALTER TABLE `roles` ENABLE KEYS */;


# Dump of table shipping_rates
# ------------------------------------------------------------

DROP TABLE IF EXISTS `shipping_rates`;

CREATE TABLE `shipping_rates` (
  `id` int(10) unsigned NOT NULL AUTO_INCREMENT,
  `name` varchar(255) COLLATE utf8mb3_unicode_ci NOT NULL,
  `shipping_zone_id` int(10) unsigned NOT NULL,
  `carrier_id` int(10) unsigned DEFAULT NULL,
  `based_on` enum('price','weight') COLLATE utf8mb3_unicode_ci NOT NULL DEFAULT 'price',
  `minimum` decimal(20,6) DEFAULT NULL,
  `maximum` decimal(20,6) DEFAULT NULL,
  `rate` decimal(20,6) DEFAULT NULL,
  `delivery_takes` varchar(255) COLLATE utf8mb3_unicode_ci DEFAULT NULL,
  `created_at` timestamp NULL DEFAULT NULL,
  `updated_at` timestamp NULL DEFAULT NULL,
  PRIMARY KEY (`id`),
  KEY `shipping_rates_shipping_zone_id_index` (`shipping_zone_id`),
  CONSTRAINT `shipping_rates_shipping_zone_id_foreign` FOREIGN KEY (`shipping_zone_id`) REFERENCES `shipping_zones` (`id`) ON DELETE CASCADE
) ENGINE=InnoDB DEFAULT CHARSET=utf8mb3 COLLATE=utf8mb3_unicode_ci;

/*!40000 ALTER TABLE `shipping_rates` DISABLE KEYS */;

INSERT INTO `shipping_rates` (`id`, `name`, `shipping_zone_id`, `carrier_id`, `based_on`, `minimum`, `maximum`, `rate`, `delivery_takes`, `created_at`, `updated_at`)
VALUES
	(1,'itaque',1,4,'weight',0.000000,2000.000000,5.000000,'9-21 days','2022-08-02 18:57:47','2022-08-02 18:57:47'),
	(2,'impedit',1,3,'price',0.000000,NULL,14.000000,'9-26 days','2022-08-02 18:57:47','2022-08-02 18:57:47'),
	(3,'repudiandae',1,5,'weight',0.000000,2000.000000,13.000000,'20-21 days','2022-08-02 18:57:47','2022-08-02 18:57:47'),
	(4,'est',1,3,'price',0.000000,NULL,6.000000,'3-7 days','2022-08-02 18:57:47','2022-08-02 18:57:47'),
	(5,'ea',1,3,'weight',0.000000,2000.000000,4.000000,'4-11 days','2022-08-02 18:57:47','2022-08-02 18:57:47'),
	(6,'facilis',2,1,'price',0.000000,NULL,10.000000,'20-40 days','2022-08-02 18:57:47','2022-08-02 18:57:47'),
	(7,'adipisci',2,2,'price',0.000000,NULL,9.000000,'7-19 days','2022-08-02 18:57:47','2022-08-02 18:57:47'),
	(8,'libero',2,4,'weight',0.000000,2000.000000,9.000000,'13-32 days','2022-08-02 18:57:47','2022-08-02 18:57:47'),
	(9,'dolore',2,5,'weight',0.000000,2000.000000,13.000000,'8-19 days','2022-08-02 18:57:47','2022-08-02 18:57:47'),
	(10,'nam',2,4,'price',0.000000,NULL,14.000000,'2-22 days','2022-08-02 18:57:47','2022-08-02 18:57:47'),
	(11,'voluptatibus',3,4,'weight',0.000000,2000.000000,3.000000,'9-17 days','2022-08-02 18:57:47','2022-08-02 18:57:47'),
	(12,'perspiciatis',3,1,'price',0.000000,NULL,1.000000,'17-24 days','2022-08-02 18:57:47','2022-08-02 18:57:47'),
	(13,'dolore',3,3,'weight',0.000000,2000.000000,16.000000,'16-33 days','2022-08-02 18:57:47','2022-08-02 18:57:47'),
	(14,'nemo',3,5,'price',0.000000,NULL,9.000000,'10-16 days','2022-08-02 18:57:47','2022-08-02 18:57:47'),
	(15,'eum',3,5,'weight',0.000000,2000.000000,0.000000,'16-28 days','2022-08-02 18:57:47','2022-08-02 18:57:47'),
	(16,'qui',4,2,'weight',0.000000,2000.000000,9.000000,'1-5 days','2022-08-02 18:57:47','2022-08-02 18:57:47'),
	(17,'modi',4,5,'price',0.000000,NULL,15.000000,'15-28 days','2022-08-02 18:57:47','2022-08-02 18:57:47'),
	(18,'nam',4,5,'price',0.000000,NULL,1.000000,'16-17 days','2022-08-02 18:57:47','2022-08-02 18:57:47'),
	(19,'rerum',4,4,'price',0.000000,NULL,5.000000,'16-30 days','2022-08-02 18:57:47','2022-08-02 18:57:47'),
	(20,'facere',4,4,'price',0.000000,NULL,17.000000,'15-30 days','2022-08-02 18:57:47','2022-08-02 18:57:47'),
	(21,'eum',5,1,'weight',0.000000,2000.000000,15.000000,'14-25 days','2022-08-02 18:57:47','2022-08-02 18:57:47'),
	(22,'vel',5,2,'price',0.000000,NULL,4.000000,'3-6 days','2022-08-02 18:57:47','2022-08-02 18:57:47'),
	(23,'commodi',5,3,'price',0.000000,NULL,16.000000,'1-6 days','2022-08-02 18:57:47','2022-08-02 18:57:47'),
	(24,'doloribus',5,2,'price',0.000000,NULL,19.000000,'8-18 days','2022-08-02 18:57:47','2022-08-02 18:57:47'),
	(25,'sed',5,1,'price',0.000000,NULL,20.000000,'4-16 days','2022-08-02 18:57:47','2022-08-02 18:57:47'),
	(26,'quod',6,1,'price',0.000000,NULL,2.000000,'10-22 days','2022-08-02 18:57:47','2022-08-02 18:57:47'),
	(27,'quos',6,3,'price',0.000000,NULL,3.000000,'20-35 days','2022-08-02 18:57:47','2022-08-02 18:57:47'),
	(28,'quisquam',6,4,'price',0.000000,NULL,2.000000,'8-28 days','2022-08-02 18:57:47','2022-08-02 18:57:47'),
	(29,'et',6,1,'price',0.000000,NULL,2.000000,'17-35 days','2022-08-02 18:57:47','2022-08-02 18:57:47'),
	(30,'aut',6,3,'price',0.000000,NULL,11.000000,'3-4 days','2022-08-02 18:57:47','2022-08-02 18:57:47'),
	(31,'nobis',7,4,'price',0.000000,NULL,16.000000,'12-21 days','2022-08-02 18:57:47','2022-08-02 18:57:47'),
	(32,'minus',7,3,'price',0.000000,NULL,17.000000,'2-22 days','2022-08-02 18:57:47','2022-08-02 18:57:47'),
	(33,'qui',7,1,'price',0.000000,NULL,19.000000,'2-15 days','2022-08-02 18:57:47','2022-08-02 18:57:47'),
	(34,'porro',7,1,'price',0.000000,NULL,14.000000,'8-19 days','2022-08-02 18:57:47','2022-08-02 18:57:47'),
	(35,'quasi',7,4,'price',0.000000,NULL,11.000000,'9-12 days','2022-08-02 18:57:47','2022-08-02 18:57:47'),
	(36,'magni',8,4,'weight',0.000000,2000.000000,9.000000,'11-25 days','2022-08-02 18:57:47','2022-08-02 18:57:47'),
	(37,'aliquid',8,5,'weight',0.000000,2000.000000,1.000000,'19-36 days','2022-08-02 18:57:47','2022-08-02 18:57:47'),
	(38,'pariatur',8,2,'price',0.000000,NULL,19.000000,'12-26 days','2022-08-02 18:57:47','2022-08-02 18:57:47'),
	(39,'sit',8,5,'price',0.000000,NULL,17.000000,'1-8 days','2022-08-02 18:57:47','2022-08-02 18:57:47'),
	(40,'distinctio',8,1,'price',0.000000,NULL,20.000000,'10-18 days','2022-08-02 18:57:47','2022-08-02 18:57:47'),
	(41,'modi',9,4,'weight',0.000000,2000.000000,14.000000,'3-8 days','2022-08-02 18:57:47','2022-08-02 18:57:47'),
	(42,'commodi',9,4,'price',0.000000,NULL,8.000000,'20-24 days','2022-08-02 18:57:47','2022-08-02 18:57:47'),
	(43,'et',9,3,'price',0.000000,NULL,4.000000,'1-13 days','2022-08-02 18:57:47','2022-08-02 18:57:47'),
	(44,'ad',9,1,'price',0.000000,NULL,2.000000,'11-22 days','2022-08-02 18:57:47','2022-08-02 18:57:47'),
	(45,'voluptatem',9,3,'price',0.000000,NULL,6.000000,'11-23 days','2022-08-02 18:57:47','2022-08-02 18:57:47'),
	(46,'veritatis',10,4,'price',0.000000,NULL,0.000000,'19-34 days','2022-08-02 18:57:47','2022-08-02 18:57:47'),
	(47,'qui',10,3,'price',0.000000,NULL,20.000000,'20-39 days','2022-08-02 18:57:47','2022-08-02 18:57:47'),
	(48,'dolores',10,5,'weight',0.000000,2000.000000,4.000000,'7-26 days','2022-08-02 18:57:47','2022-08-02 18:57:47'),
	(49,'labore',10,4,'price',0.000000,NULL,14.000000,'10-28 days','2022-08-02 18:57:47','2022-08-02 18:57:47'),
	(50,'aspernatur',10,5,'weight',0.000000,2000.000000,8.000000,'10-11 days','2022-08-02 18:57:47','2022-08-02 18:57:47');

/*!40000 ALTER TABLE `shipping_rates` ENABLE KEYS */;


# Dump of table shipping_zones
# ------------------------------------------------------------

DROP TABLE IF EXISTS `shipping_zones`;

CREATE TABLE `shipping_zones` (
  `id` int(10) unsigned NOT NULL AUTO_INCREMENT,
  `shop_id` int(10) unsigned DEFAULT NULL,
  `name` varchar(255) COLLATE utf8mb3_unicode_ci NOT NULL,
  `tax_id` int(10) unsigned DEFAULT NULL,
  `country_ids` text COLLATE utf8mb3_unicode_ci DEFAULT NULL,
  `state_ids` longtext COLLATE utf8mb3_unicode_ci DEFAULT NULL,
  `rest_of_the_world` tinyint(1) NOT NULL DEFAULT 0,
  `active` tinyint(1) NOT NULL DEFAULT 1,
  `created_at` timestamp NULL DEFAULT NULL,
  `updated_at` timestamp NULL DEFAULT NULL,
  PRIMARY KEY (`id`)
) ENGINE=InnoDB DEFAULT CHARSET=utf8mb3 COLLATE=utf8mb3_unicode_ci;

/*!40000 ALTER TABLE `shipping_zones` DISABLE KEYS */;

INSERT INTO `shipping_zones` (`id`, `shop_id`, `name`, `tax_id`, `country_ids`, `state_ids`, `rest_of_the_world`, `active`, `created_at`, `updated_at`)
VALUES
	(1,1,'Domestic',1,'a:2:{i:0;i:50;i:1;i:840;}','a:67:{i:0;i:64;i:1;i:65;i:2;i:66;i:3;i:67;i:4;i:68;i:5;i:69;i:6;i:70;i:7;i:71;i:8;i:1322;i:9;i:1323;i:10;i:1324;i:11;i:1325;i:12;i:1326;i:13;i:1327;i:14;i:1328;i:15;i:1329;i:16;i:1330;i:17;i:1331;i:18;i:1332;i:19;i:1333;i:20;i:1334;i:21;i:1335;i:22;i:1336;i:23;i:1337;i:24;i:1338;i:25;i:1339;i:26;i:1340;i:27;i:1341;i:28;i:1342;i:29;i:1343;i:30;i:1344;i:31;i:1345;i:32;i:1346;i:33;i:1347;i:34;i:1348;i:35;i:1349;i:36;i:1350;i:37;i:1351;i:38;i:1352;i:39;i:1353;i:40;i:1354;i:41;i:1355;i:42;i:1356;i:43;i:1357;i:44;i:1358;i:45;i:1359;i:46;i:1360;i:47;i:1361;i:48;i:1362;i:49;i:1363;i:50;i:1364;i:51;i:1365;i:52;i:1366;i:53;i:1367;i:54;i:1368;i:55;i:1369;i:56;i:1370;i:57;i:1371;i:58;i:1372;i:59;i:1373;i:60;i:1374;i:61;i:1375;i:62;i:1376;i:63;i:1377;i:64;i:1378;i:65;i:1379;i:66;i:1380;}',0,1,'2022-08-15 18:57:43','2022-08-15 18:57:43'),
	(2,1,'Worldwide',1,NULL,NULL,1,1,'2022-08-15 18:57:43','2022-08-15 18:57:43'),
	(3,2,'Domestic',1,'a:2:{i:0;i:50;i:1;i:840;}','a:67:{i:0;i:64;i:1;i:65;i:2;i:66;i:3;i:67;i:4;i:68;i:5;i:69;i:6;i:70;i:7;i:71;i:8;i:1322;i:9;i:1323;i:10;i:1324;i:11;i:1325;i:12;i:1326;i:13;i:1327;i:14;i:1328;i:15;i:1329;i:16;i:1330;i:17;i:1331;i:18;i:1332;i:19;i:1333;i:20;i:1334;i:21;i:1335;i:22;i:1336;i:23;i:1337;i:24;i:1338;i:25;i:1339;i:26;i:1340;i:27;i:1341;i:28;i:1342;i:29;i:1343;i:30;i:1344;i:31;i:1345;i:32;i:1346;i:33;i:1347;i:34;i:1348;i:35;i:1349;i:36;i:1350;i:37;i:1351;i:38;i:1352;i:39;i:1353;i:40;i:1354;i:41;i:1355;i:42;i:1356;i:43;i:1357;i:44;i:1358;i:45;i:1359;i:46;i:1360;i:47;i:1361;i:48;i:1362;i:49;i:1363;i:50;i:1364;i:51;i:1365;i:52;i:1366;i:53;i:1367;i:54;i:1368;i:55;i:1369;i:56;i:1370;i:57;i:1371;i:58;i:1372;i:59;i:1373;i:60;i:1374;i:61;i:1375;i:62;i:1376;i:63;i:1377;i:64;i:1378;i:65;i:1379;i:66;i:1380;}',0,1,'2022-08-15 18:57:43','2022-08-15 18:57:43'),
	(4,2,'Worldwide',1,NULL,NULL,1,1,'2022-08-15 18:57:43','2022-08-15 18:57:43'),
	(5,3,'Domestic',1,'a:2:{i:0;i:50;i:1;i:840;}','a:67:{i:0;i:64;i:1;i:65;i:2;i:66;i:3;i:67;i:4;i:68;i:5;i:69;i:6;i:70;i:7;i:71;i:8;i:1322;i:9;i:1323;i:10;i:1324;i:11;i:1325;i:12;i:1326;i:13;i:1327;i:14;i:1328;i:15;i:1329;i:16;i:1330;i:17;i:1331;i:18;i:1332;i:19;i:1333;i:20;i:1334;i:21;i:1335;i:22;i:1336;i:23;i:1337;i:24;i:1338;i:25;i:1339;i:26;i:1340;i:27;i:1341;i:28;i:1342;i:29;i:1343;i:30;i:1344;i:31;i:1345;i:32;i:1346;i:33;i:1347;i:34;i:1348;i:35;i:1349;i:36;i:1350;i:37;i:1351;i:38;i:1352;i:39;i:1353;i:40;i:1354;i:41;i:1355;i:42;i:1356;i:43;i:1357;i:44;i:1358;i:45;i:1359;i:46;i:1360;i:47;i:1361;i:48;i:1362;i:49;i:1363;i:50;i:1364;i:51;i:1365;i:52;i:1366;i:53;i:1367;i:54;i:1368;i:55;i:1369;i:56;i:1370;i:57;i:1371;i:58;i:1372;i:59;i:1373;i:60;i:1374;i:61;i:1375;i:62;i:1376;i:63;i:1377;i:64;i:1378;i:65;i:1379;i:66;i:1380;}',0,1,'2022-08-15 18:57:43','2022-08-15 18:57:43'),
	(6,3,'Worldwide',1,NULL,NULL,1,1,'2022-08-15 18:57:43','2022-08-15 18:57:43'),
	(7,4,'Domestic',1,'a:2:{i:0;i:50;i:1;i:840;}','a:67:{i:0;i:64;i:1;i:65;i:2;i:66;i:3;i:67;i:4;i:68;i:5;i:69;i:6;i:70;i:7;i:71;i:8;i:1322;i:9;i:1323;i:10;i:1324;i:11;i:1325;i:12;i:1326;i:13;i:1327;i:14;i:1328;i:15;i:1329;i:16;i:1330;i:17;i:1331;i:18;i:1332;i:19;i:1333;i:20;i:1334;i:21;i:1335;i:22;i:1336;i:23;i:1337;i:24;i:1338;i:25;i:1339;i:26;i:1340;i:27;i:1341;i:28;i:1342;i:29;i:1343;i:30;i:1344;i:31;i:1345;i:32;i:1346;i:33;i:1347;i:34;i:1348;i:35;i:1349;i:36;i:1350;i:37;i:1351;i:38;i:1352;i:39;i:1353;i:40;i:1354;i:41;i:1355;i:42;i:1356;i:43;i:1357;i:44;i:1358;i:45;i:1359;i:46;i:1360;i:47;i:1361;i:48;i:1362;i:49;i:1363;i:50;i:1364;i:51;i:1365;i:52;i:1366;i:53;i:1367;i:54;i:1368;i:55;i:1369;i:56;i:1370;i:57;i:1371;i:58;i:1372;i:59;i:1373;i:60;i:1374;i:61;i:1375;i:62;i:1376;i:63;i:1377;i:64;i:1378;i:65;i:1379;i:66;i:1380;}',0,1,'2022-08-15 18:57:43','2022-08-15 18:57:43'),
	(8,4,'Worldwide',1,NULL,NULL,1,1,'2022-08-15 18:57:43','2022-08-15 18:57:43'),
	(9,5,'Domestic',1,'a:2:{i:0;i:50;i:1;i:840;}','a:67:{i:0;i:64;i:1;i:65;i:2;i:66;i:3;i:67;i:4;i:68;i:5;i:69;i:6;i:70;i:7;i:71;i:8;i:1322;i:9;i:1323;i:10;i:1324;i:11;i:1325;i:12;i:1326;i:13;i:1327;i:14;i:1328;i:15;i:1329;i:16;i:1330;i:17;i:1331;i:18;i:1332;i:19;i:1333;i:20;i:1334;i:21;i:1335;i:22;i:1336;i:23;i:1337;i:24;i:1338;i:25;i:1339;i:26;i:1340;i:27;i:1341;i:28;i:1342;i:29;i:1343;i:30;i:1344;i:31;i:1345;i:32;i:1346;i:33;i:1347;i:34;i:1348;i:35;i:1349;i:36;i:1350;i:37;i:1351;i:38;i:1352;i:39;i:1353;i:40;i:1354;i:41;i:1355;i:42;i:1356;i:43;i:1357;i:44;i:1358;i:45;i:1359;i:46;i:1360;i:47;i:1361;i:48;i:1362;i:49;i:1363;i:50;i:1364;i:51;i:1365;i:52;i:1366;i:53;i:1367;i:54;i:1368;i:55;i:1369;i:56;i:1370;i:57;i:1371;i:58;i:1372;i:59;i:1373;i:60;i:1374;i:61;i:1375;i:62;i:1376;i:63;i:1377;i:64;i:1378;i:65;i:1379;i:66;i:1380;}',0,1,'2022-08-15 18:57:43','2022-08-15 18:57:43'),
	(10,5,'Worldwide',1,NULL,NULL,1,1,'2022-08-15 18:57:43','2022-08-15 18:57:43');

/*!40000 ALTER TABLE `shipping_zones` ENABLE KEYS */;


# Dump of table shop_payment_methods
# ------------------------------------------------------------

DROP TABLE IF EXISTS `shop_payment_methods`;

CREATE TABLE `shop_payment_methods` (
  `payment_method_id` int(10) unsigned NOT NULL,
  `shop_id` int(10) unsigned NOT NULL,
  `created_at` timestamp NULL DEFAULT NULL,
  `updated_at` timestamp NULL DEFAULT NULL,
  KEY `shop_payment_methods_payment_method_id_index` (`payment_method_id`),
  KEY `shop_payment_methods_shop_id_index` (`shop_id`),
  CONSTRAINT `shop_payment_methods_payment_method_id_foreign` FOREIGN KEY (`payment_method_id`) REFERENCES `payment_methods` (`id`) ON DELETE CASCADE,
  CONSTRAINT `shop_payment_methods_shop_id_foreign` FOREIGN KEY (`shop_id`) REFERENCES `shops` (`id`) ON DELETE CASCADE
) ENGINE=InnoDB DEFAULT CHARSET=utf8mb3 COLLATE=utf8mb3_unicode_ci;

/*!40000 ALTER TABLE `shop_payment_methods` DISABLE KEYS */;

INSERT INTO `shop_payment_methods` (`payment_method_id`, `shop_id`, `created_at`, `updated_at`)
VALUES
	(3,1,'2022-08-02 18:57:43','2022-08-02 18:57:43'),
	(4,1,'2022-08-02 18:57:43','2022-08-02 18:57:43'),
	(3,2,'2022-08-02 18:57:43','2022-08-02 18:57:43'),
	(4,2,'2022-08-02 18:57:43','2022-08-02 18:57:43'),
	(3,3,'2022-08-02 18:57:43','2022-08-02 18:57:43'),
	(4,3,'2022-08-02 18:57:43','2022-08-02 18:57:43'),
	(3,4,'2022-08-02 18:57:43','2022-08-02 18:57:43'),
	(4,4,'2022-08-02 18:57:43','2022-08-02 18:57:43'),
	(3,5,'2022-08-02 18:57:43','2022-08-02 18:57:43'),
	(4,5,'2022-08-02 18:57:43','2022-08-02 18:57:43');

/*!40000 ALTER TABLE `shop_payment_methods` ENABLE KEYS */;


# Dump of table shops
# ------------------------------------------------------------

DROP TABLE IF EXISTS `shops`;

CREATE TABLE `shops` (
  `id` int(10) unsigned NOT NULL AUTO_INCREMENT,
  `owner_id` bigint(20) unsigned NOT NULL,
  `name` text COLLATE utf8mb3_unicode_ci DEFAULT NULL,
  `legal_name` text COLLATE utf8mb3_unicode_ci DEFAULT NULL,
  `slug` varchar(200) COLLATE utf8mb3_unicode_ci NOT NULL,
  `email` varchar(255) COLLATE utf8mb3_unicode_ci NOT NULL,
  `description` longtext COLLATE utf8mb3_unicode_ci DEFAULT NULL,
  `external_url` varchar(255) COLLATE utf8mb3_unicode_ci DEFAULT NULL,
  `timezone_id` int(11) DEFAULT NULL,
  `current_billing_plan` varchar(255) COLLATE utf8mb3_unicode_ci DEFAULT NULL,
  `stripe_id` varchar(255) COLLATE utf8mb3_unicode_ci DEFAULT NULL,
  `card_holder_name` text COLLATE utf8mb3_unicode_ci DEFAULT NULL,
  `pm_type` varchar(255) COLLATE utf8mb3_unicode_ci DEFAULT NULL,
  `pm_last_four` varchar(255) COLLATE utf8mb3_unicode_ci DEFAULT NULL,
  `trial_ends_at` timestamp NULL DEFAULT NULL,
  `custom_subscription_fee` decimal(8,2) DEFAULT NULL,
  `hide_trial_notice` tinyint(1) DEFAULT NULL,
  `active` tinyint(1) DEFAULT 0,
  `current_sale_amount` decimal(64,6) NOT NULL DEFAULT 0.000000,
  `payment_verified` tinyint(1) DEFAULT NULL,
  `id_verified` tinyint(1) DEFAULT NULL,
  `phone_verified` tinyint(1) DEFAULT NULL,
  `address_verified` tinyint(1) DEFAULT NULL,
  `periodic_sold_amount` decimal(20,6) NOT NULL DEFAULT 0.000000,
  `commission_rate` decimal(8,2) DEFAULT NULL,
  `deleted_at` timestamp NULL DEFAULT NULL,
  `created_at` timestamp NULL DEFAULT NULL,
  `updated_at` timestamp NULL DEFAULT NULL,
  PRIMARY KEY (`id`),
  UNIQUE KEY `shops_slug_unique` (`slug`),
  UNIQUE KEY `shops_email_unique` (`email`),
  KEY `shops_owner_id_foreign` (`owner_id`),
  CONSTRAINT `shops_owner_id_foreign` FOREIGN KEY (`owner_id`) REFERENCES `users` (`id`) ON DELETE CASCADE
) ENGINE=InnoDB DEFAULT CHARSET=utf8mb3 COLLATE=utf8mb3_unicode_ci;

/*!40000 ALTER TABLE `shops` DISABLE KEYS */;

INSERT INTO `shops` (`id`, `owner_id`, `name`, `legal_name`, `slug`, `email`, `description`, `external_url`, `timezone_id`, `current_billing_plan`, `stripe_id`, `card_holder_name`, `pm_type`, `pm_last_four`, `trial_ends_at`, `custom_subscription_fee`, `hide_trial_notice`, `active`, `current_sale_amount`, `payment_verified`, `id_verified`, `phone_verified`, `address_verified`, `periodic_sold_amount`, `commission_rate`, `deleted_at`, `created_at`, `updated_at`)
VALUES
	(1,3,'Big Shop','Big Shop Ltd.','big-shop','shop3@demo.com','Lorem ipsum dolor sit amet, consectetur adipisicing elit, sed do eiusmod tempor incididunt ut labore et dolore magna aliqua. Ut enim ad minim veniam, quis nostrud exercitation ullamco laboris nisi ut aliquip ex ea commodo consequat. Duis aute irure dolor in reprehenderit in voluptate velit esse cillum dolore eu fugiat nulla pariatur. Excepteur sint occaecat cupidatat non proident, sunt in culpa qui officia deserunt mollit anim id est laborum.',NULL,73,'price_1GyyRyJewI4n8wVFSRWlMSHy',NULL,NULL,NULL,NULL,'2022-08-15 18:57:43',NULL,NULL,1,0.000000,1,1,1,1,0.000000,NULL,NULL,'2022-08-15 18:57:43','2022-08-15 18:57:43'),
	(2,4,'Amz Mart','Amz Mart Ltd.','amz-mart','shop4@demo.com','Lorem ipsum dolor sit amet, consectetur adipisicing elit, sed do eiusmod tempor incididunt ut labore et dolore magna aliqua. Ut enim ad minim veniam, quis nostrud exercitation ullamco laboris nisi ut aliquip ex ea commodo consequat. Duis aute irure dolor in reprehenderit in voluptate velit esse cillum dolore eu fugiat nulla pariatur. Excepteur sint occaecat cupidatat non proident, sunt in culpa qui officia deserunt mollit anim id est laborum.',NULL,73,'price_1GyyRyJewI4n8wVFSRWlMSHy',NULL,NULL,NULL,NULL,'2022-08-15 18:57:43',NULL,NULL,1,0.000000,1,1,1,1,0.000000,NULL,NULL,'2022-08-15 18:57:43','2022-08-15 18:57:43'),
	(3,5,'Peda Ting Ting','Peda Ting Ting Ltd.','peda-ting-ting','shop5@demo.com','Lorem ipsum dolor sit amet, consectetur adipisicing elit, sed do eiusmod tempor incididunt ut labore et dolore magna aliqua. Ut enim ad minim veniam, quis nostrud exercitation ullamco laboris nisi ut aliquip ex ea commodo consequat. Duis aute irure dolor in reprehenderit in voluptate velit esse cillum dolore eu fugiat nulla pariatur. Excepteur sint occaecat cupidatat non proident, sunt in culpa qui officia deserunt mollit anim id est laborum.',NULL,73,'price_1GyyRyJewI4n8wVFSRWlMSHy',NULL,NULL,NULL,NULL,'2022-08-15 18:57:43',NULL,NULL,1,0.000000,1,1,1,1,0.000000,NULL,NULL,'2022-08-15 18:57:43','2022-08-15 18:57:43'),
	(4,6,'Phuket Retailer','Phuket Retailer Ltd.','phuket-retailer','shop6@demo.com','Lorem ipsum dolor sit amet, consectetur adipisicing elit, sed do eiusmod tempor incididunt ut labore et dolore magna aliqua. Ut enim ad minim veniam, quis nostrud exercitation ullamco laboris nisi ut aliquip ex ea commodo consequat. Duis aute irure dolor in reprehenderit in voluptate velit esse cillum dolore eu fugiat nulla pariatur. Excepteur sint occaecat cupidatat non proident, sunt in culpa qui officia deserunt mollit anim id est laborum.',NULL,73,'price_1GyyRyJewI4n8wVFSRWlMSHy',NULL,NULL,NULL,NULL,'2022-08-15 18:57:43',NULL,NULL,1,0.000000,1,1,1,1,0.000000,NULL,NULL,'2022-08-15 18:57:43','2022-08-15 18:57:43'),
	(5,7,'Tindu Gears','Tindu Gears Ltd.','tindu-gears','shop7@demo.com','Lorem ipsum dolor sit amet, consectetur adipisicing elit, sed do eiusmod tempor incididunt ut labore et dolore magna aliqua. Ut enim ad minim veniam, quis nostrud exercitation ullamco laboris nisi ut aliquip ex ea commodo consequat. Duis aute irure dolor in reprehenderit in voluptate velit esse cillum dolore eu fugiat nulla pariatur. Excepteur sint occaecat cupidatat non proident, sunt in culpa qui officia deserunt mollit anim id est laborum.',NULL,73,'price_1GyyRyJewI4n8wVFSRWlMSHy',NULL,NULL,NULL,NULL,'2022-08-15 18:57:43',NULL,NULL,1,0.000000,1,1,1,1,0.000000,NULL,NULL,'2022-08-15 18:57:43','2022-08-15 18:57:43');

/*!40000 ALTER TABLE `shops` ENABLE KEYS */;


# Dump of table sliders
# ------------------------------------------------------------

DROP TABLE IF EXISTS `sliders`;

CREATE TABLE `sliders` (
  `id` int(10) unsigned NOT NULL AUTO_INCREMENT,
  `title` varchar(255) COLLATE utf8mb3_unicode_ci DEFAULT NULL,
  `title_color` varchar(20) COLLATE utf8mb3_unicode_ci DEFAULT '#333E48',
  `sub_title` varchar(255) COLLATE utf8mb3_unicode_ci DEFAULT NULL,
  `sub_title_color` varchar(20) COLLATE utf8mb3_unicode_ci DEFAULT '#333E48',
  `description` varchar(255) COLLATE utf8mb3_unicode_ci DEFAULT NULL,
  `description_color` varchar(20) COLLATE utf8mb3_unicode_ci NOT NULL DEFAULT '#868E8E',
  `alt_color` varchar(20) COLLATE utf8mb3_unicode_ci NOT NULL DEFAULT '#FED700',
  `link` text COLLATE utf8mb3_unicode_ci DEFAULT NULL,
  `order` int(11) NOT NULL DEFAULT 100,
  `text_position` varchar(10) COLLATE utf8mb3_unicode_ci NOT NULL DEFAULT 'right',
  `created_at` timestamp NULL DEFAULT NULL,
  `updated_at` timestamp NULL DEFAULT NULL,
  PRIMARY KEY (`id`)
) ENGINE=InnoDB DEFAULT CHARSET=utf8mb3 COLLATE=utf8mb3_unicode_ci;

/*!40000 ALTER TABLE `sliders` DISABLE KEYS */;

INSERT INTO `sliders` (`id`, `title`, `title_color`, `sub_title`, `sub_title_color`, `description`, `description_color`, `alt_color`, `link`, `order`, `text_position`, `created_at`, `updated_at`)
VALUES
	(1,'Slider title','#333E48','Sub title <span>with color</span>','#333E48','Description with a text','#868E8E','#FED700','/category/reiciendis-qui-voluptatem-numquam-quia-aliquid-laudantium-autem',1,'left','2022-08-02 18:57:51','2022-08-02 18:57:51'),
	(2,'Wireless <span>Earbuds</span>','#333E48','Slider subtitle with love','#333E48','Description with <span>span</span> and color','#868E8E','#FED700','/category/architecto-consequatur-est-aut-ducimus-velit-nostrum',2,'right','2022-08-02 18:57:51','2022-08-02 18:57:51'),
	(3,'Slider Title','#333E48','Without span subtitle','#333E48','Slider description without span','#868E8E','#FED700','/category/et-aut-quae-et-quia-molestias-ratione',3,'left','2022-08-02 18:57:51','2022-08-02 18:57:51'),
	(4,'','#333E48','','#333E48','','#868E8E','#FED700','',4,'right','2022-08-02 18:57:51','2022-08-02 18:57:51');

/*!40000 ALTER TABLE `sliders` ENABLE KEYS */;


# Dump of table ssl_orders
# ------------------------------------------------------------

DROP TABLE IF EXISTS `ssl_orders`;

CREATE TABLE `ssl_orders` (
  `id` bigint(20) unsigned NOT NULL AUTO_INCREMENT,
  `name` varchar(255) COLLATE utf8mb3_unicode_ci DEFAULT NULL,
  `email` varchar(255) COLLATE utf8mb3_unicode_ci DEFAULT NULL,
  `phone` varchar(255) COLLATE utf8mb3_unicode_ci DEFAULT NULL,
  `amount` double DEFAULT NULL,
  `address` longtext COLLATE utf8mb3_unicode_ci DEFAULT NULL,
  `status` varchar(255) COLLATE utf8mb3_unicode_ci DEFAULT NULL,
  `transaction_id` varchar(255) COLLATE utf8mb3_unicode_ci DEFAULT NULL,
  `currency` varchar(255) COLLATE utf8mb3_unicode_ci DEFAULT NULL,
  `created_at` timestamp NULL DEFAULT NULL,
  `updated_at` timestamp NULL DEFAULT NULL,
  PRIMARY KEY (`id`)
) ENGINE=InnoDB DEFAULT CHARSET=utf8mb3 COLLATE=utf8mb3_unicode_ci;



# Dump of table states
# ------------------------------------------------------------

DROP TABLE IF EXISTS `states`;

CREATE TABLE `states` (
  `id` int(10) unsigned NOT NULL AUTO_INCREMENT,
  `country_id` int(10) unsigned NOT NULL,
  `iso_code` varchar(255) COLLATE utf8mb3_unicode_ci NOT NULL,
  `iso_numeric` varchar(255) COLLATE utf8mb3_unicode_ci DEFAULT NULL,
  `name` varchar(255) COLLATE utf8mb3_unicode_ci DEFAULT NULL,
  `calling_code` varchar(5) COLLATE utf8mb3_unicode_ci DEFAULT NULL,
  `active` tinyint(1) DEFAULT 1,
  `created_at` timestamp NULL DEFAULT NULL,
  `updated_at` timestamp NULL DEFAULT NULL,
  PRIMARY KEY (`id`),
  KEY `states_country_id_foreign` (`country_id`),
  CONSTRAINT `states_country_id_foreign` FOREIGN KEY (`country_id`) REFERENCES `countries` (`id`) ON DELETE CASCADE
) ENGINE=InnoDB DEFAULT CHARSET=utf8mb3 COLLATE=utf8mb3_unicode_ci;

/*!40000 ALTER TABLE `states` DISABLE KEYS */;

INSERT INTO `states` (`id`, `country_id`, `iso_code`, `iso_numeric`, `name`, `calling_code`, `active`, `created_at`, `updated_at`)
VALUES
	(1,784,'AZ',NULL,'Ab aby[Abu Dhabi]',NULL,1,'2022-08-02 18:57:41','2022-08-02 18:57:41'),
	(2,784,'AJ',NULL,'Ajman',NULL,1,'2022-08-02 18:57:41','2022-08-02 18:57:41'),
	(3,784,'FU',NULL,'Al Fujayrah',NULL,1,'2022-08-02 18:57:41','2022-08-02 18:57:41'),
	(4,784,'SH',NULL,'Ash Shriqah [Sharjah]',NULL,1,'2022-08-02 18:57:41','2022-08-02 18:57:41'),
	(5,784,'DU',NULL,'Dubayy [Dubai]',NULL,1,'2022-08-02 18:57:41','2022-08-02 18:57:41'),
	(6,784,'RK',NULL,'R\'s al Khaymah',NULL,1,'2022-08-02 18:57:41','2022-08-02 18:57:41'),
	(7,784,'UQ',NULL,'Umm al Qaywayn',NULL,1,'2022-08-02 18:57:41','2022-08-02 18:57:41'),
	(8,51,'AG',NULL,'Aragaotn',NULL,1,'2022-08-02 18:57:41','2022-08-02 18:57:41'),
	(9,51,'AR',NULL,'Ararat',NULL,1,'2022-08-02 18:57:41','2022-08-02 18:57:41'),
	(10,51,'AV',NULL,'Armavir',NULL,1,'2022-08-02 18:57:41','2022-08-02 18:57:41'),
	(11,51,'ER',NULL,'Erevan',NULL,1,'2022-08-02 18:57:41','2022-08-02 18:57:41'),
	(12,51,'GR',NULL,'Geark\'unik\'',NULL,1,'2022-08-02 18:57:41','2022-08-02 18:57:41'),
	(13,51,'KT',NULL,'Kotayk\'',NULL,1,'2022-08-02 18:57:41','2022-08-02 18:57:41'),
	(14,51,'LO',NULL,'Loy',NULL,1,'2022-08-02 18:57:41','2022-08-02 18:57:41'),
	(15,51,'SU',NULL,'Syunik\'',NULL,1,'2022-08-02 18:57:41','2022-08-02 18:57:41'),
	(16,51,'TV',NULL,'Tavu',NULL,1,'2022-08-02 18:57:41','2022-08-02 18:57:41'),
	(17,51,'VD',NULL,'Vayo Jor',NULL,1,'2022-08-02 18:57:41','2022-08-02 18:57:41'),
	(18,51,'SH',NULL,' irak',NULL,1,'2022-08-02 18:57:41','2022-08-02 18:57:41'),
	(19,32,'B',NULL,'Buenos Aires',NULL,1,'2022-08-02 18:57:41','2022-08-02 18:57:41'),
	(20,32,'K',NULL,'Catamarca ',NULL,1,'2022-08-02 18:57:41','2022-08-02 18:57:41'),
	(21,32,'H',NULL,'Chaco ',NULL,1,'2022-08-02 18:57:41','2022-08-02 18:57:41'),
	(22,32,'U',NULL,'Chubut',NULL,1,'2022-08-02 18:57:41','2022-08-02 18:57:41'),
	(23,32,'C',NULL,'Ciudad Autnoma de Buenos Aires',NULL,1,'2022-08-02 18:57:41','2022-08-02 18:57:41'),
	(24,32,'W',NULL,'Corrientes',NULL,1,'2022-08-02 18:57:41','2022-08-02 18:57:41'),
	(25,32,'X',NULL,'Crdoba ',NULL,1,'2022-08-02 18:57:41','2022-08-02 18:57:41'),
	(26,32,'E',NULL,'Entre Ros',NULL,1,'2022-08-02 18:57:41','2022-08-02 18:57:41'),
	(27,32,'P',NULL,'Formosa ',NULL,1,'2022-08-02 18:57:41','2022-08-02 18:57:41'),
	(28,32,'Y',NULL,'Jujuy ',NULL,1,'2022-08-02 18:57:41','2022-08-02 18:57:41'),
	(29,32,'L',NULL,'La Pampa',NULL,1,'2022-08-02 18:57:41','2022-08-02 18:57:41'),
	(30,32,'F',NULL,'La Rioja',NULL,1,'2022-08-02 18:57:41','2022-08-02 18:57:41'),
	(31,32,'M',NULL,'Mendoza ',NULL,1,'2022-08-02 18:57:41','2022-08-02 18:57:41'),
	(32,32,'N',NULL,'Misiones',NULL,1,'2022-08-02 18:57:41','2022-08-02 18:57:41'),
	(33,32,'Q',NULL,'Neuqun ',NULL,1,'2022-08-02 18:57:41','2022-08-02 18:57:41'),
	(34,32,'R',NULL,'Ro Negro ',NULL,1,'2022-08-02 18:57:41','2022-08-02 18:57:41'),
	(35,32,'A',NULL,'Salta ',NULL,1,'2022-08-02 18:57:41','2022-08-02 18:57:41'),
	(36,32,'J',NULL,'San Juan',NULL,1,'2022-08-02 18:57:41','2022-08-02 18:57:41'),
	(37,32,'D',NULL,'San Luis',NULL,1,'2022-08-02 18:57:41','2022-08-02 18:57:41'),
	(38,32,'Z',NULL,'Santa Cruz',NULL,1,'2022-08-02 18:57:41','2022-08-02 18:57:41'),
	(39,32,'S',NULL,'Santa Fe',NULL,1,'2022-08-02 18:57:41','2022-08-02 18:57:41'),
	(40,32,'G',NULL,'Santiago del Estero ',NULL,1,'2022-08-02 18:57:41','2022-08-02 18:57:41'),
	(41,32,'V',NULL,'Tierra del Fuego',NULL,1,'2022-08-02 18:57:41','2022-08-02 18:57:41'),
	(42,32,'T',NULL,'Tucumn ',NULL,1,'2022-08-02 18:57:41','2022-08-02 18:57:41'),
	(43,40,'1',NULL,'Burgenland',NULL,1,'2022-08-02 18:57:41','2022-08-02 18:57:41'),
	(44,40,'2',NULL,'Krnten',NULL,1,'2022-08-02 18:57:41','2022-08-02 18:57:41'),
	(45,40,'3',NULL,'Niedersterreich',NULL,1,'2022-08-02 18:57:41','2022-08-02 18:57:41'),
	(46,40,'4',NULL,'Obersterreich',NULL,1,'2022-08-02 18:57:41','2022-08-02 18:57:41'),
	(47,40,'5',NULL,'Salzburg',NULL,1,'2022-08-02 18:57:41','2022-08-02 18:57:41'),
	(48,40,'6',NULL,'Steiermark',NULL,1,'2022-08-02 18:57:41','2022-08-02 18:57:41'),
	(49,40,'7',NULL,'Tirol',NULL,1,'2022-08-02 18:57:41','2022-08-02 18:57:41'),
	(50,40,'8',NULL,'Vorarlberg',NULL,1,'2022-08-02 18:57:41','2022-08-02 18:57:41'),
	(51,40,'9',NULL,'Wien',NULL,1,'2022-08-02 18:57:41','2022-08-02 18:57:41'),
	(52,36,'ACT',NULL,'Australian Capital Territory',NULL,1,'2022-08-02 18:57:41','2022-08-02 18:57:41'),
	(53,36,'CX',NULL,'Christmas Island',NULL,1,'2022-08-02 18:57:41','2022-08-02 18:57:41'),
	(54,36,'CC',NULL,'Cocos Islands',NULL,1,'2022-08-02 18:57:41','2022-08-02 18:57:41'),
	(55,36,'HM',NULL,'Heard Island and McDonald Islands',NULL,1,'2022-08-02 18:57:41','2022-08-02 18:57:41'),
	(56,36,'NSW',NULL,'New South Wales',NULL,1,'2022-08-02 18:57:41','2022-08-02 18:57:41'),
	(57,36,'NF',NULL,'Norfolk Island',NULL,1,'2022-08-02 18:57:41','2022-08-02 18:57:41'),
	(58,36,'NT',NULL,'Northern Territory',NULL,1,'2022-08-02 18:57:41','2022-08-02 18:57:41'),
	(59,36,'QLD',NULL,'Queensland',NULL,1,'2022-08-02 18:57:41','2022-08-02 18:57:41'),
	(60,36,'SA',NULL,'South Australia',NULL,1,'2022-08-02 18:57:41','2022-08-02 18:57:41'),
	(61,36,'TAS',NULL,'Tasmania',NULL,1,'2022-08-02 18:57:41','2022-08-02 18:57:41'),
	(62,36,'VIC',NULL,'Victoria',NULL,1,'2022-08-02 18:57:41','2022-08-02 18:57:41'),
	(63,36,'WA',NULL,'Western Australia',NULL,1,'2022-08-02 18:57:41','2022-08-02 18:57:41'),
	(64,50,'A',NULL,'Barisal',NULL,1,'2022-08-02 18:57:41','2022-08-02 18:57:41'),
	(65,50,'B',NULL,'Chittagong',NULL,1,'2022-08-02 18:57:41','2022-08-02 18:57:41'),
	(66,50,'C',NULL,'Dhaka',NULL,1,'2022-08-02 18:57:41','2022-08-02 18:57:41'),
	(67,50,'D',NULL,'Khulna',NULL,1,'2022-08-02 18:57:41','2022-08-02 18:57:41'),
	(68,50,'H',NULL,'Mymensingh',NULL,1,'2022-08-02 18:57:41','2022-08-02 18:57:41'),
	(69,50,'E',NULL,'Rajshahi',NULL,1,'2022-08-02 18:57:41','2022-08-02 18:57:41'),
	(70,50,'F',NULL,'Rangpur',NULL,1,'2022-08-02 18:57:41','2022-08-02 18:57:41'),
	(71,50,'G',NULL,'Sylhet',NULL,1,'2022-08-02 18:57:41','2022-08-02 18:57:41'),
	(72,56,'VAN',NULL,'Antwerpen',NULL,1,'2022-08-02 18:57:41','2022-08-02 18:57:41'),
	(73,56,'WBR',NULL,'Brabant wallon',NULL,1,'2022-08-02 18:57:41','2022-08-02 18:57:41'),
	(74,56,'WHT',NULL,'Hainaut',NULL,1,'2022-08-02 18:57:41','2022-08-02 18:57:41'),
	(75,56,'VLI',NULL,'Limburg',NULL,1,'2022-08-02 18:57:41','2022-08-02 18:57:41'),
	(76,56,'WLG',NULL,'Luik',NULL,1,'2022-08-02 18:57:41','2022-08-02 18:57:41'),
	(77,56,'WLX',NULL,'Luxemburg',NULL,1,'2022-08-02 18:57:41','2022-08-02 18:57:41'),
	(78,56,'WNA',NULL,'Namur',NULL,1,'2022-08-02 18:57:41','2022-08-02 18:57:41'),
	(79,56,'VOV',NULL,'Oost-Vlaanderen',NULL,1,'2022-08-02 18:57:41','2022-08-02 18:57:41'),
	(80,56,'VBR',NULL,'Vlaams-Brabant',NULL,1,'2022-08-02 18:57:41','2022-08-02 18:57:41'),
	(81,56,'VWV',NULL,'West-Vlaanderen',NULL,1,'2022-08-02 18:57:41','2022-08-02 18:57:41'),
	(82,48,'14',NULL,'Al Janbyah',NULL,1,'2022-08-02 18:57:41','2022-08-02 18:57:41'),
	(83,48,'13',NULL,'Al Manmah',NULL,1,'2022-08-02 18:57:41','2022-08-02 18:57:41'),
	(84,48,'15',NULL,'Al Muarraq',NULL,1,'2022-08-02 18:57:41','2022-08-02 18:57:41'),
	(85,48,'16',NULL,'Al Wus',NULL,1,'2022-08-02 18:57:41','2022-08-02 18:57:41'),
	(86,48,'17',NULL,'Ash Shamlyah ',NULL,1,'2022-08-02 18:57:41','2022-08-02 18:57:41'),
	(87,204,'AL',NULL,'Alibori',NULL,1,'2022-08-02 18:57:41','2022-08-02 18:57:41'),
	(88,204,'AK',NULL,'Atakora',NULL,1,'2022-08-02 18:57:41','2022-08-02 18:57:41'),
	(89,204,'AQ',NULL,'Atlantique',NULL,1,'2022-08-02 18:57:41','2022-08-02 18:57:41'),
	(90,204,'BO',NULL,'Borgou',NULL,1,'2022-08-02 18:57:41','2022-08-02 18:57:41'),
	(91,204,'CO',NULL,'Collines',NULL,1,'2022-08-02 18:57:41','2022-08-02 18:57:41'),
	(92,204,'DO',NULL,'Donga',NULL,1,'2022-08-02 18:57:41','2022-08-02 18:57:41'),
	(93,204,'KO',NULL,'Kouffo',NULL,1,'2022-08-02 18:57:41','2022-08-02 18:57:41'),
	(94,204,'LI',NULL,'Littoral',NULL,1,'2022-08-02 18:57:41','2022-08-02 18:57:41'),
	(95,204,'MO',NULL,'Mono',NULL,1,'2022-08-02 18:57:41','2022-08-02 18:57:41'),
	(96,204,'OU',NULL,'Oum',NULL,1,'2022-08-02 18:57:41','2022-08-02 18:57:41'),
	(97,204,'PL',NULL,'Plateau',NULL,1,'2022-08-02 18:57:41','2022-08-02 18:57:41'),
	(98,204,'ZO',NULL,'Zou',NULL,1,'2022-08-02 18:57:41','2022-08-02 18:57:41'),
	(99,68,'H',NULL,'Chuquisaca',NULL,1,'2022-08-02 18:57:41','2022-08-02 18:57:41'),
	(100,68,'C',NULL,'Cochabamba',NULL,1,'2022-08-02 18:57:41','2022-08-02 18:57:41'),
	(101,68,'B',NULL,'El Beni',NULL,1,'2022-08-02 18:57:41','2022-08-02 18:57:41'),
	(102,68,'L',NULL,'La Paz',NULL,1,'2022-08-02 18:57:41','2022-08-02 18:57:41'),
	(103,68,'O',NULL,'Oruro',NULL,1,'2022-08-02 18:57:41','2022-08-02 18:57:41'),
	(104,68,'N',NULL,'Pando',NULL,1,'2022-08-02 18:57:41','2022-08-02 18:57:41'),
	(105,68,'P',NULL,'Potos',NULL,1,'2022-08-02 18:57:41','2022-08-02 18:57:41'),
	(106,68,'S',NULL,'Santa Cruz',NULL,1,'2022-08-02 18:57:41','2022-08-02 18:57:41'),
	(107,68,'T',NULL,'Tarija',NULL,1,'2022-08-02 18:57:41','2022-08-02 18:57:41'),
	(108,76,'AC',NULL,'Acre',NULL,1,'2022-08-02 18:57:41','2022-08-02 18:57:41'),
	(109,76,'AL',NULL,'Alagoas',NULL,1,'2022-08-02 18:57:41','2022-08-02 18:57:41'),
	(110,76,'AP',NULL,'Amap',NULL,1,'2022-08-02 18:57:41','2022-08-02 18:57:41'),
	(111,76,'AM',NULL,'Amazonas',NULL,1,'2022-08-02 18:57:41','2022-08-02 18:57:41'),
	(112,76,'BA',NULL,'Bahia',NULL,1,'2022-08-02 18:57:41','2022-08-02 18:57:41'),
	(113,76,'CE',NULL,'Cear',NULL,1,'2022-08-02 18:57:41','2022-08-02 18:57:41'),
	(114,76,'DF',NULL,'Distrito Federal',NULL,1,'2022-08-02 18:57:41','2022-08-02 18:57:41'),
	(115,76,'ES',NULL,'Esprito Santo',NULL,1,'2022-08-02 18:57:41','2022-08-02 18:57:41'),
	(116,76,'GO',NULL,'Gois',NULL,1,'2022-08-02 18:57:41','2022-08-02 18:57:41'),
	(117,76,'MA',NULL,'Maranho',NULL,1,'2022-08-02 18:57:41','2022-08-02 18:57:41'),
	(118,76,'MT',NULL,'Mato Grosso',NULL,1,'2022-08-02 18:57:41','2022-08-02 18:57:41'),
	(119,76,'MS',NULL,'Mato Grosso do Sul',NULL,1,'2022-08-02 18:57:41','2022-08-02 18:57:41'),
	(120,76,'MG',NULL,'Minas Gerais',NULL,1,'2022-08-02 18:57:41','2022-08-02 18:57:41'),
	(121,76,'PR',NULL,'Paran',NULL,1,'2022-08-02 18:57:41','2022-08-02 18:57:41'),
	(122,76,'PB',NULL,'Paraba',NULL,1,'2022-08-02 18:57:41','2022-08-02 18:57:41'),
	(123,76,'PA',NULL,'Par',NULL,1,'2022-08-02 18:57:41','2022-08-02 18:57:41'),
	(124,76,'PE',NULL,'Pernambuco',NULL,1,'2022-08-02 18:57:41','2022-08-02 18:57:41'),
	(125,76,'PI',NULL,'Piau',NULL,1,'2022-08-02 18:57:41','2022-08-02 18:57:41'),
	(126,76,'RN',NULL,'Rio Grande do Norte',NULL,1,'2022-08-02 18:57:41','2022-08-02 18:57:41'),
	(127,76,'RS',NULL,'Rio Grande do Sul',NULL,1,'2022-08-02 18:57:41','2022-08-02 18:57:41'),
	(128,76,'RJ',NULL,'Rio de Janeiro',NULL,1,'2022-08-02 18:57:41','2022-08-02 18:57:41'),
	(129,76,'RO',NULL,'Rondnia',NULL,1,'2022-08-02 18:57:41','2022-08-02 18:57:41'),
	(130,76,'RR',NULL,'Roraima',NULL,1,'2022-08-02 18:57:41','2022-08-02 18:57:41'),
	(131,76,'SC',NULL,'Santa Catarina',NULL,1,'2022-08-02 18:57:41','2022-08-02 18:57:41'),
	(132,76,'SE',NULL,'Sergipe',NULL,1,'2022-08-02 18:57:41','2022-08-02 18:57:41'),
	(133,76,'SP',NULL,'So Paulo',NULL,1,'2022-08-02 18:57:41','2022-08-02 18:57:41'),
	(134,76,'TO',NULL,'Tocantins',NULL,1,'2022-08-02 18:57:41','2022-08-02 18:57:41'),
	(135,124,'AB',NULL,'Alberta',NULL,1,'2022-08-02 18:57:41','2022-08-02 18:57:41'),
	(136,124,'BC',NULL,'British Columbia',NULL,1,'2022-08-02 18:57:41','2022-08-02 18:57:41'),
	(137,124,'MB',NULL,'Manitoba',NULL,1,'2022-08-02 18:57:41','2022-08-02 18:57:41'),
	(138,124,'NB',NULL,'New Brunswick',NULL,1,'2022-08-02 18:57:41','2022-08-02 18:57:41'),
	(139,124,'NL',NULL,'Newfoundland and Labrador',NULL,1,'2022-08-02 18:57:41','2022-08-02 18:57:41'),
	(140,124,'NT',NULL,'Northwest Territories',NULL,1,'2022-08-02 18:57:41','2022-08-02 18:57:41'),
	(141,124,'NS',NULL,'Nova Scotia',NULL,1,'2022-08-02 18:57:41','2022-08-02 18:57:41'),
	(142,124,'NU',NULL,'Nunavut',NULL,1,'2022-08-02 18:57:41','2022-08-02 18:57:41'),
	(143,124,'ON',NULL,'Ontario',NULL,1,'2022-08-02 18:57:41','2022-08-02 18:57:41'),
	(144,124,'PE',NULL,'Prince Edward Island',NULL,1,'2022-08-02 18:57:41','2022-08-02 18:57:41'),
	(145,124,'QC',NULL,'Quebec',NULL,1,'2022-08-02 18:57:41','2022-08-02 18:57:41'),
	(146,124,'SK',NULL,'Saskatchewan',NULL,1,'2022-08-02 18:57:41','2022-08-02 18:57:41'),
	(147,124,'YT',NULL,'Yukon',NULL,1,'2022-08-02 18:57:41','2022-08-02 18:57:41'),
	(148,152,'AI',NULL,'Aisn del General Carlos Ibez del Campo',NULL,1,'2022-08-02 18:57:41','2022-08-02 18:57:41'),
	(149,152,'AN',NULL,'Antofagasta',NULL,1,'2022-08-02 18:57:41','2022-08-02 18:57:41'),
	(150,152,'AR',NULL,'Araucana',NULL,1,'2022-08-02 18:57:41','2022-08-02 18:57:41'),
	(151,152,'AP',NULL,'Arica y Parinacota',NULL,1,'2022-08-02 18:57:41','2022-08-02 18:57:41'),
	(152,152,'AT',NULL,'Atacama',NULL,1,'2022-08-02 18:57:41','2022-08-02 18:57:41'),
	(153,152,'BI',NULL,'Bo-Bo',NULL,1,'2022-08-02 18:57:41','2022-08-02 18:57:41'),
	(154,152,'CO',NULL,'Coquimbo',NULL,1,'2022-08-02 18:57:41','2022-08-02 18:57:41'),
	(155,152,'LI',NULL,'Libertador General Bernardo O\'Higgins',NULL,1,'2022-08-02 18:57:41','2022-08-02 18:57:41'),
	(156,152,'LL',NULL,'Los Lagos',NULL,1,'2022-08-02 18:57:41','2022-08-02 18:57:41'),
	(157,152,'LR',NULL,'Los Ros',NULL,1,'2022-08-02 18:57:41','2022-08-02 18:57:41'),
	(158,152,'MA',NULL,'Magallanes',NULL,1,'2022-08-02 18:57:41','2022-08-02 18:57:41'),
	(159,152,'ML',NULL,'Maule',NULL,1,'2022-08-02 18:57:41','2022-08-02 18:57:41'),
	(160,152,'RM',NULL,'Regin Metropolitana de Santiago',NULL,1,'2022-08-02 18:57:41','2022-08-02 18:57:41'),
	(161,152,'TA',NULL,'Tarapac',NULL,1,'2022-08-02 18:57:41','2022-08-02 18:57:41'),
	(162,152,'VS',NULL,'Valparaso',NULL,1,'2022-08-02 18:57:41','2022-08-02 18:57:41'),
	(163,120,'AD',NULL,'Adamaoua',NULL,1,'2022-08-02 18:57:41','2022-08-02 18:57:41'),
	(164,120,'CE',NULL,'Centre',NULL,1,'2022-08-02 18:57:41','2022-08-02 18:57:41'),
	(165,120,'ES',NULL,'East',NULL,1,'2022-08-02 18:57:41','2022-08-02 18:57:41'),
	(166,120,'EN',NULL,'Far North',NULL,1,'2022-08-02 18:57:41','2022-08-02 18:57:41'),
	(167,120,'LT',NULL,'Littoral',NULL,1,'2022-08-02 18:57:41','2022-08-02 18:57:41'),
	(168,120,'NO',NULL,'North',NULL,1,'2022-08-02 18:57:41','2022-08-02 18:57:41'),
	(169,120,'NW',NULL,'North-West',NULL,1,'2022-08-02 18:57:41','2022-08-02 18:57:41'),
	(170,120,'SU',NULL,'South',NULL,1,'2022-08-02 18:57:41','2022-08-02 18:57:41'),
	(171,120,'SW',NULL,'South-West',NULL,1,'2022-08-02 18:57:41','2022-08-02 18:57:41'),
	(172,120,'OU',NULL,'West',NULL,1,'2022-08-02 18:57:41','2022-08-02 18:57:41'),
	(173,156,'',NULL,'',NULL,1,'2022-08-02 18:57:41','2022-08-02 18:57:41'),
	(174,156,'',NULL,'',NULL,1,'2022-08-02 18:57:41','2022-08-02 18:57:41'),
	(175,156,'',NULL,'',NULL,1,'2022-08-02 18:57:41','2022-08-02 18:57:41'),
	(176,156,'',NULL,'',NULL,1,'2022-08-02 18:57:41','2022-08-02 18:57:41'),
	(177,156,'',NULL,'',NULL,1,'2022-08-02 18:57:41','2022-08-02 18:57:41'),
	(178,156,'',NULL,'',NULL,1,'2022-08-02 18:57:41','2022-08-02 18:57:41'),
	(179,156,'',NULL,'',NULL,1,'2022-08-02 18:57:41','2022-08-02 18:57:41'),
	(180,156,'',NULL,'',NULL,1,'2022-08-02 18:57:41','2022-08-02 18:57:41'),
	(181,156,'',NULL,'',NULL,1,'2022-08-02 18:57:41','2022-08-02 18:57:41'),
	(182,156,'',NULL,'',NULL,1,'2022-08-02 18:57:41','2022-08-02 18:57:41'),
	(183,156,'',NULL,'',NULL,1,'2022-08-02 18:57:41','2022-08-02 18:57:41'),
	(184,156,'',NULL,'',NULL,1,'2022-08-02 18:57:41','2022-08-02 18:57:41'),
	(185,156,'',NULL,'',NULL,1,'2022-08-02 18:57:41','2022-08-02 18:57:41'),
	(186,156,'',NULL,'',NULL,1,'2022-08-02 18:57:41','2022-08-02 18:57:41'),
	(187,156,'',NULL,'',NULL,1,'2022-08-02 18:57:41','2022-08-02 18:57:41'),
	(188,156,'',NULL,'',NULL,1,'2022-08-02 18:57:41','2022-08-02 18:57:41'),
	(189,156,'',NULL,'',NULL,1,'2022-08-02 18:57:41','2022-08-02 18:57:41'),
	(190,156,'',NULL,'',NULL,1,'2022-08-02 18:57:41','2022-08-02 18:57:41'),
	(191,156,'',NULL,'',NULL,1,'2022-08-02 18:57:41','2022-08-02 18:57:41'),
	(192,156,'',NULL,'',NULL,1,'2022-08-02 18:57:41','2022-08-02 18:57:41'),
	(193,156,'',NULL,'',NULL,1,'2022-08-02 18:57:41','2022-08-02 18:57:41'),
	(194,156,'',NULL,'',NULL,1,'2022-08-02 18:57:41','2022-08-02 18:57:41'),
	(195,156,'',NULL,'',NULL,1,'2022-08-02 18:57:41','2022-08-02 18:57:41'),
	(196,156,'',NULL,'',NULL,1,'2022-08-02 18:57:41','2022-08-02 18:57:41'),
	(197,156,'',NULL,'',NULL,1,'2022-08-02 18:57:41','2022-08-02 18:57:41'),
	(198,156,'',NULL,'',NULL,1,'2022-08-02 18:57:41','2022-08-02 18:57:41'),
	(199,156,'',NULL,'',NULL,1,'2022-08-02 18:57:41','2022-08-02 18:57:41'),
	(200,156,'',NULL,'',NULL,1,'2022-08-02 18:57:41','2022-08-02 18:57:41'),
	(201,156,'',NULL,'',NULL,1,'2022-08-02 18:57:41','2022-08-02 18:57:41'),
	(202,156,'',NULL,'',NULL,1,'2022-08-02 18:57:41','2022-08-02 18:57:41'),
	(203,156,'',NULL,'',NULL,1,'2022-08-02 18:57:41','2022-08-02 18:57:41'),
	(204,156,'',NULL,'',NULL,1,'2022-08-02 18:57:41','2022-08-02 18:57:41'),
	(205,156,'',NULL,'',NULL,1,'2022-08-02 18:57:41','2022-08-02 18:57:41'),
	(206,156,'',NULL,'',NULL,1,'2022-08-02 18:57:41','2022-08-02 18:57:41'),
	(207,188,'A',NULL,'Alajuela Province',NULL,1,'2022-08-02 18:57:41','2022-08-02 18:57:41'),
	(208,188,'C',NULL,'Cartago Province',NULL,1,'2022-08-02 18:57:41','2022-08-02 18:57:41'),
	(209,188,'G',NULL,'Guanacaste Province',NULL,1,'2022-08-02 18:57:41','2022-08-02 18:57:41'),
	(210,188,'H',NULL,'Heredia Province',NULL,1,'2022-08-02 18:57:41','2022-08-02 18:57:41'),
	(211,188,'L',NULL,'Limn Province',NULL,1,'2022-08-02 18:57:41','2022-08-02 18:57:41'),
	(212,188,'P',NULL,'Puntarenas Province',NULL,1,'2022-08-02 18:57:41','2022-08-02 18:57:41'),
	(213,188,'SJ',NULL,'San Jos',NULL,1,'2022-08-02 18:57:41','2022-08-02 18:57:41'),
	(214,276,'BW',NULL,'Baden-Wrttemberg',NULL,1,'2022-08-02 18:57:41','2022-08-02 18:57:41'),
	(215,276,'BY',NULL,'Bayern',NULL,1,'2022-08-02 18:57:41','2022-08-02 18:57:41'),
	(216,276,'BE',NULL,'Berlin',NULL,1,'2022-08-02 18:57:41','2022-08-02 18:57:41'),
	(217,276,'BB',NULL,'Brandenburg',NULL,1,'2022-08-02 18:57:41','2022-08-02 18:57:41'),
	(218,276,'HB',NULL,'Bremen',NULL,1,'2022-08-02 18:57:41','2022-08-02 18:57:41'),
	(219,276,'HH',NULL,'Hamburg',NULL,1,'2022-08-02 18:57:41','2022-08-02 18:57:41'),
	(220,276,'HE',NULL,'Hessen',NULL,1,'2022-08-02 18:57:41','2022-08-02 18:57:41'),
	(221,276,'MV',NULL,'Mecklenburg-Vorpommern',NULL,1,'2022-08-02 18:57:41','2022-08-02 18:57:41'),
	(222,276,'NI',NULL,'Niedersachsen',NULL,1,'2022-08-02 18:57:41','2022-08-02 18:57:41'),
	(223,276,'NW',NULL,'Nordrhein-Westfalen',NULL,1,'2022-08-02 18:57:41','2022-08-02 18:57:41'),
	(224,276,'RP',NULL,'Rheinland-Pfalz',NULL,1,'2022-08-02 18:57:41','2022-08-02 18:57:41'),
	(225,276,'SL',NULL,'Saarland',NULL,1,'2022-08-02 18:57:41','2022-08-02 18:57:41'),
	(226,276,'SN',NULL,'Sachsen',NULL,1,'2022-08-02 18:57:41','2022-08-02 18:57:41'),
	(227,276,'ST',NULL,'Sachsen-Anhalt',NULL,1,'2022-08-02 18:57:41','2022-08-02 18:57:41'),
	(228,276,'SH',NULL,'Schleswig-Holstein',NULL,1,'2022-08-02 18:57:41','2022-08-02 18:57:41'),
	(229,276,'TH',NULL,'Thringen',NULL,1,'2022-08-02 18:57:41','2022-08-02 18:57:41'),
	(230,208,'84',NULL,'Hovedstaden',NULL,1,'2022-08-02 18:57:41','2022-08-02 18:57:41'),
	(231,208,'82',NULL,'Midtjylland',NULL,1,'2022-08-02 18:57:41','2022-08-02 18:57:41'),
	(232,208,'81',NULL,'Nordjylland',NULL,1,'2022-08-02 18:57:41','2022-08-02 18:57:41'),
	(233,208,'85',NULL,'Sjlland',NULL,1,'2022-08-02 18:57:41','2022-08-02 18:57:41'),
	(234,208,'83',NULL,'Syddanmark',NULL,1,'2022-08-02 18:57:41','2022-08-02 18:57:41'),
	(235,818,'DK',NULL,'Ad Daqahlyah',NULL,1,'2022-08-02 18:57:41','2022-08-02 18:57:41'),
	(236,818,'BA',NULL,'Al Bar al Amar',NULL,1,'2022-08-02 18:57:41','2022-08-02 18:57:41'),
	(237,818,'BH',NULL,'Al Buayrah',NULL,1,'2022-08-02 18:57:41','2022-08-02 18:57:41'),
	(238,818,'FYM',NULL,'Al Fayym',NULL,1,'2022-08-02 18:57:41','2022-08-02 18:57:41'),
	(239,818,'GH',NULL,'Al Gharbyah',NULL,1,'2022-08-02 18:57:41','2022-08-02 18:57:41'),
	(240,818,'ALX',NULL,'Al Iskandaryah',NULL,1,'2022-08-02 18:57:41','2022-08-02 18:57:41'),
	(241,818,'IS',NULL,'Al Ism\'lyah',NULL,1,'2022-08-02 18:57:41','2022-08-02 18:57:41'),
	(242,818,'GZ',NULL,'Al Jzah',NULL,1,'2022-08-02 18:57:41','2022-08-02 18:57:41'),
	(243,818,'MN',NULL,'Al Miny',NULL,1,'2022-08-02 18:57:41','2022-08-02 18:57:41'),
	(244,818,'MNF',NULL,'Al Minfyah',NULL,1,'2022-08-02 18:57:41','2022-08-02 18:57:41'),
	(245,818,'KB',NULL,'Al Qalybyah',NULL,1,'2022-08-02 18:57:41','2022-08-02 18:57:41'),
	(246,818,'C',NULL,'Al Qhirah',NULL,1,'2022-08-02 18:57:41','2022-08-02 18:57:41'),
	(247,818,'LX',NULL,'Al Uqur',NULL,1,'2022-08-02 18:57:41','2022-08-02 18:57:41'),
	(248,818,'WAD',NULL,'Al Wd al Jadd',NULL,1,'2022-08-02 18:57:41','2022-08-02 18:57:41'),
	(249,818,'SUZ ',NULL,'As Suways',NULL,1,'2022-08-02 18:57:41','2022-08-02 18:57:41'),
	(250,818,'SU',NULL,'As Sdis min Uktbar',NULL,1,'2022-08-02 18:57:41','2022-08-02 18:57:41'),
	(251,818,'SHR',NULL,'Ash Sharqyah',NULL,1,'2022-08-02 18:57:41','2022-08-02 18:57:41'),
	(252,818,'ASN',NULL,'Aswn',NULL,1,'2022-08-02 18:57:41','2022-08-02 18:57:41'),
	(253,818,'AST',NULL,'Asy',NULL,1,'2022-08-02 18:57:41','2022-08-02 18:57:41'),
	(254,818,'BNS',NULL,'Ban Suwayf',NULL,1,'2022-08-02 18:57:41','2022-08-02 18:57:41'),
	(255,818,'PTS',NULL,'Br Sad',NULL,1,'2022-08-02 18:57:41','2022-08-02 18:57:41'),
	(256,818,'DT',NULL,'Dumy',NULL,1,'2022-08-02 18:57:41','2022-08-02 18:57:41'),
	(257,818,'JS',NULL,'Janb Sn\'',NULL,1,'2022-08-02 18:57:41','2022-08-02 18:57:41'),
	(258,818,'KFS',NULL,'Kafr ash Shaykh',NULL,1,'2022-08-02 18:57:41','2022-08-02 18:57:41'),
	(259,818,'MT',NULL,'Mar',NULL,1,'2022-08-02 18:57:41','2022-08-02 18:57:41'),
	(260,818,'KN',NULL,'Qin',NULL,1,'2022-08-02 18:57:41','2022-08-02 18:57:41'),
	(261,818,'SIN',NULL,'Shaml Sn\'',NULL,1,'2022-08-02 18:57:41','2022-08-02 18:57:41'),
	(262,818,'SHG',NULL,'Shj',NULL,1,'2022-08-02 18:57:41','2022-08-02 18:57:41'),
	(263,818,'HU',NULL,'ulwn',NULL,1,'2022-08-02 18:57:41','2022-08-02 18:57:41'),
	(264,724,'AB',NULL,'Albacete',NULL,1,'2022-08-02 18:57:41','2022-08-02 18:57:41'),
	(265,724,'A',NULL,'Alicante',NULL,1,'2022-08-02 18:57:41','2022-08-02 18:57:41'),
	(266,724,'AL',NULL,'Almeria',NULL,1,'2022-08-02 18:57:41','2022-08-02 18:57:41'),
	(267,724,'BA',NULL,'Badajoz',NULL,1,'2022-08-02 18:57:41','2022-08-02 18:57:41'),
	(268,724,'B',NULL,'Barcelona',NULL,1,'2022-08-02 18:57:41','2022-08-02 18:57:41'),
	(269,724,'BU',NULL,'Burgos',NULL,1,'2022-08-02 18:57:41','2022-08-02 18:57:41'),
	(270,724,'CS',NULL,'Castelln',NULL,1,'2022-08-02 18:57:41','2022-08-02 18:57:41'),
	(271,724,'CR',NULL,'Ciudad Real',NULL,1,'2022-08-02 18:57:41','2022-08-02 18:57:41'),
	(272,724,'CU',NULL,'Cuenca',NULL,1,'2022-08-02 18:57:41','2022-08-02 18:57:41'),
	(273,724,'CC',NULL,'Cceres',NULL,1,'2022-08-02 18:57:41','2022-08-02 18:57:41'),
	(274,724,'CA',NULL,'Cdiz',NULL,1,'2022-08-02 18:57:41','2022-08-02 18:57:41'),
	(275,724,'CO',NULL,'Crdoba',NULL,1,'2022-08-02 18:57:41','2022-08-02 18:57:41'),
	(276,724,'GI',NULL,'Gerona',NULL,1,'2022-08-02 18:57:41','2022-08-02 18:57:41'),
	(277,724,'GR',NULL,'Granada',NULL,1,'2022-08-02 18:57:41','2022-08-02 18:57:41'),
	(278,724,'GU',NULL,'Guadalajara',NULL,1,'2022-08-02 18:57:41','2022-08-02 18:57:41'),
	(279,724,'SS',NULL,'Guipzcoa',NULL,1,'2022-08-02 18:57:41','2022-08-02 18:57:41'),
	(280,724,'H',NULL,'Huelva',NULL,1,'2022-08-02 18:57:41','2022-08-02 18:57:41'),
	(281,724,'HU',NULL,'Huesca',NULL,1,'2022-08-02 18:57:41','2022-08-02 18:57:41'),
	(282,724,'J',NULL,'Jan',NULL,1,'2022-08-02 18:57:41','2022-08-02 18:57:41'),
	(283,724,'C',NULL,'La Corua',NULL,1,'2022-08-02 18:57:41','2022-08-02 18:57:41'),
	(284,724,'LO',NULL,'La Rioja',NULL,1,'2022-08-02 18:57:41','2022-08-02 18:57:41'),
	(285,724,'GC',NULL,'Las Palmas',NULL,1,'2022-08-02 18:57:41','2022-08-02 18:57:41'),
	(286,724,'LE',NULL,'Len',NULL,1,'2022-08-02 18:57:41','2022-08-02 18:57:41'),
	(287,724,'LU',NULL,'Lugo',NULL,1,'2022-08-02 18:57:41','2022-08-02 18:57:41'),
	(288,724,'L',NULL,'Lrida',NULL,1,'2022-08-02 18:57:41','2022-08-02 18:57:41'),
	(289,724,'M',NULL,'Madrid',NULL,1,'2022-08-02 18:57:41','2022-08-02 18:57:41'),
	(290,724,'MU',NULL,'Murcia',NULL,1,'2022-08-02 18:57:41','2022-08-02 18:57:41'),
	(291,724,'MA',NULL,'Mlaga',NULL,1,'2022-08-02 18:57:41','2022-08-02 18:57:41'),
	(292,724,'OU',NULL,'Orense',NULL,1,'2022-08-02 18:57:41','2022-08-02 18:57:41'),
	(293,724,'P',NULL,'Palencia',NULL,1,'2022-08-02 18:57:41','2022-08-02 18:57:41'),
	(294,724,'PO',NULL,'Pontevedra',NULL,1,'2022-08-02 18:57:41','2022-08-02 18:57:41'),
	(295,724,'SA',NULL,'Salamanca',NULL,1,'2022-08-02 18:57:41','2022-08-02 18:57:41'),
	(296,724,'SG',NULL,'Segovia',NULL,1,'2022-08-02 18:57:41','2022-08-02 18:57:41'),
	(297,724,'SE',NULL,'Sevilla',NULL,1,'2022-08-02 18:57:41','2022-08-02 18:57:41'),
	(298,724,'SO',NULL,'Soria',NULL,1,'2022-08-02 18:57:41','2022-08-02 18:57:41'),
	(299,724,'T',NULL,'Tarragona',NULL,1,'2022-08-02 18:57:41','2022-08-02 18:57:41'),
	(300,724,'TF',NULL,'Tenerife',NULL,1,'2022-08-02 18:57:41','2022-08-02 18:57:41'),
	(301,724,'TE',NULL,'Teruel',NULL,1,'2022-08-02 18:57:41','2022-08-02 18:57:41'),
	(302,724,'TO',NULL,'Toledo',NULL,1,'2022-08-02 18:57:41','2022-08-02 18:57:41'),
	(303,724,'V',NULL,'Valencia',NULL,1,'2022-08-02 18:57:41','2022-08-02 18:57:41'),
	(304,724,'VA',NULL,'Valladolid',NULL,1,'2022-08-02 18:57:41','2022-08-02 18:57:41'),
	(305,724,'BI',NULL,'Vizcaya',NULL,1,'2022-08-02 18:57:41','2022-08-02 18:57:41'),
	(306,724,'ZA',NULL,'Zamora',NULL,1,'2022-08-02 18:57:41','2022-08-02 18:57:41'),
	(307,724,'Z',NULL,'Zaragoza',NULL,1,'2022-08-02 18:57:41','2022-08-02 18:57:41'),
	(308,724,'VI',NULL,'lava',NULL,1,'2022-08-02 18:57:41','2022-08-02 18:57:41'),
	(309,724,'AV',NULL,'vila',NULL,1,'2022-08-02 18:57:41','2022-08-02 18:57:41'),
	(310,250,'ARA',NULL,'Auvergne-Rhne-Alpes',NULL,1,'2022-08-02 18:57:41','2022-08-02 18:57:41'),
	(311,250,'BFC',NULL,'Bourgogne-Franche-Comt',NULL,1,'2022-08-02 18:57:41','2022-08-02 18:57:41'),
	(312,250,'BRE',NULL,'Bretagne',NULL,1,'2022-08-02 18:57:41','2022-08-02 18:57:41'),
	(313,250,'CVL',NULL,'Centre-Val de Loire',NULL,1,'2022-08-02 18:57:41','2022-08-02 18:57:41'),
	(314,250,'COR',NULL,'Corse',NULL,1,'2022-08-02 18:57:41','2022-08-02 18:57:41'),
	(315,250,'GES',NULL,'Grand-Est',NULL,1,'2022-08-02 18:57:41','2022-08-02 18:57:41'),
	(316,250,'GUA',NULL,'Guadeloupe',NULL,1,'2022-08-02 18:57:41','2022-08-02 18:57:41'),
	(317,250,'HDF',NULL,'Hauts-de-France',NULL,1,'2022-08-02 18:57:41','2022-08-02 18:57:41'),
	(318,250,'LRE',NULL,'La Runion',NULL,1,'2022-08-02 18:57:41','2022-08-02 18:57:41'),
	(319,250,'MAY',NULL,'Mayotte',NULL,1,'2022-08-02 18:57:41','2022-08-02 18:57:41'),
	(320,250,'NOR',NULL,'Normandie',NULL,1,'2022-08-02 18:57:41','2022-08-02 18:57:41'),
	(321,250,'NAQ',NULL,'Nouvelle-Aquitaine',NULL,1,'2022-08-02 18:57:41','2022-08-02 18:57:41'),
	(322,250,'OCC',NULL,'Occitanie',NULL,1,'2022-08-02 18:57:41','2022-08-02 18:57:41'),
	(323,250,'PDL',NULL,'Pays-de-la-Loire',NULL,1,'2022-08-02 18:57:41','2022-08-02 18:57:41'),
	(324,250,'PAC',NULL,'Provence-Alpes-Cte-dAzur',NULL,1,'2022-08-02 18:57:41','2022-08-02 18:57:41'),
	(325,250,'IDF',NULL,'le-de-France',NULL,1,'2022-08-02 18:57:41','2022-08-02 18:57:41'),
	(326,826,'ABE',NULL,'Aberdeen City',NULL,1,'2022-08-02 18:57:41','2022-08-02 18:57:41'),
	(327,826,'ABD',NULL,'Aberdeenshire',NULL,1,'2022-08-02 18:57:41','2022-08-02 18:57:41'),
	(328,826,'ANS',NULL,'Angus',NULL,1,'2022-08-02 18:57:41','2022-08-02 18:57:41'),
	(329,826,'ANT',NULL,'Antrim',NULL,1,'2022-08-02 18:57:41','2022-08-02 18:57:41'),
	(330,826,'ARD',NULL,'Ards',NULL,1,'2022-08-02 18:57:41','2022-08-02 18:57:41'),
	(331,826,'AGB',NULL,'Argyll and Bute',NULL,1,'2022-08-02 18:57:41','2022-08-02 18:57:41'),
	(332,826,'ARM',NULL,'Armagh',NULL,1,'2022-08-02 18:57:41','2022-08-02 18:57:41'),
	(333,826,'BLA',NULL,'Ballymena',NULL,1,'2022-08-02 18:57:41','2022-08-02 18:57:41'),
	(334,826,'BLY',NULL,'Ballymoney',NULL,1,'2022-08-02 18:57:41','2022-08-02 18:57:41'),
	(335,826,'BNB',NULL,'Banbridge',NULL,1,'2022-08-02 18:57:41','2022-08-02 18:57:41'),
	(336,826,'BDG',NULL,'Barking and Dagenham',NULL,1,'2022-08-02 18:57:41','2022-08-02 18:57:41'),
	(337,826,'BNE',NULL,'Barnet',NULL,1,'2022-08-02 18:57:41','2022-08-02 18:57:41'),
	(338,826,'BNS',NULL,'Barnsley',NULL,1,'2022-08-02 18:57:41','2022-08-02 18:57:41'),
	(339,826,'BAS',NULL,'Bath and North East Somerset',NULL,1,'2022-08-02 18:57:41','2022-08-02 18:57:41'),
	(340,826,'BDF',NULL,'Bedfordshire',NULL,1,'2022-08-02 18:57:41','2022-08-02 18:57:41'),
	(341,826,'BFS',NULL,'Belfast',NULL,1,'2022-08-02 18:57:41','2022-08-02 18:57:41'),
	(342,826,'BEX',NULL,'Bexley',NULL,1,'2022-08-02 18:57:41','2022-08-02 18:57:41'),
	(343,826,'BIR',NULL,'Birmingham',NULL,1,'2022-08-02 18:57:41','2022-08-02 18:57:41'),
	(344,826,'BBD',NULL,'Blackburn with Darwen',NULL,1,'2022-08-02 18:57:41','2022-08-02 18:57:41'),
	(345,826,'BPL',NULL,'Blackpool',NULL,1,'2022-08-02 18:57:41','2022-08-02 18:57:41'),
	(346,826,'BGW',NULL,'Blaenau Gwent',NULL,1,'2022-08-02 18:57:41','2022-08-02 18:57:41'),
	(347,826,'BOL',NULL,'Bolton',NULL,1,'2022-08-02 18:57:41','2022-08-02 18:57:41'),
	(348,826,'BMH',NULL,'Bournemouth',NULL,1,'2022-08-02 18:57:41','2022-08-02 18:57:41'),
	(349,826,'BRC',NULL,'Bracknell Forest',NULL,1,'2022-08-02 18:57:41','2022-08-02 18:57:41'),
	(350,826,'BRD',NULL,'Bradford',NULL,1,'2022-08-02 18:57:41','2022-08-02 18:57:41'),
	(351,826,'BEN',NULL,'Brent',NULL,1,'2022-08-02 18:57:41','2022-08-02 18:57:41'),
	(352,826,'BGE',NULL,'Bridgend [Pen-y-bont ar Ogwr GB-POG]',NULL,1,'2022-08-02 18:57:41','2022-08-02 18:57:41'),
	(353,826,'BNH',NULL,'Brighton and Hove',NULL,1,'2022-08-02 18:57:41','2022-08-02 18:57:41'),
	(354,826,'BST',NULL,'Bristol, City of',NULL,1,'2022-08-02 18:57:41','2022-08-02 18:57:41'),
	(355,826,'BRY',NULL,'Bromley',NULL,1,'2022-08-02 18:57:41','2022-08-02 18:57:41'),
	(356,826,'BKM',NULL,'Buckinghamshire',NULL,1,'2022-08-02 18:57:41','2022-08-02 18:57:41'),
	(357,826,'BUR',NULL,'Bury',NULL,1,'2022-08-02 18:57:41','2022-08-02 18:57:41'),
	(358,826,'CAY',NULL,'Caerphilly [Caerffili GB-CAF]',NULL,1,'2022-08-02 18:57:41','2022-08-02 18:57:41'),
	(359,826,'CLD',NULL,'Calderdale',NULL,1,'2022-08-02 18:57:41','2022-08-02 18:57:41'),
	(360,826,'CAM',NULL,'Cambridgeshire',NULL,1,'2022-08-02 18:57:41','2022-08-02 18:57:41'),
	(361,826,'CMD',NULL,'Camden',NULL,1,'2022-08-02 18:57:41','2022-08-02 18:57:41'),
	(362,826,'CRF',NULL,'Cardiff [Caerdydd GB-CRD]',NULL,1,'2022-08-02 18:57:41','2022-08-02 18:57:41'),
	(363,826,'CMN',NULL,'Carmarthenshire [Sir Gaerfyrddin GB-GFY]',NULL,1,'2022-08-02 18:57:41','2022-08-02 18:57:41'),
	(364,826,'CKF',NULL,'Carrickfergus',NULL,1,'2022-08-02 18:57:41','2022-08-02 18:57:41'),
	(365,826,'CSR',NULL,'Castlereagh',NULL,1,'2022-08-02 18:57:41','2022-08-02 18:57:41'),
	(366,826,'CBF',NULL,'Central Bedfordshire',NULL,1,'2022-08-02 18:57:41','2022-08-02 18:57:41'),
	(367,826,'CGN',NULL,'Ceredigion [Sir Ceredigion]',NULL,1,'2022-08-02 18:57:41','2022-08-02 18:57:41'),
	(368,826,'CHE',NULL,'Cheshire East',NULL,1,'2022-08-02 18:57:41','2022-08-02 18:57:41'),
	(369,826,'CHW',NULL,'Cheshire West and Chester',NULL,1,'2022-08-02 18:57:41','2022-08-02 18:57:41'),
	(370,826,'CLK',NULL,'Clackmannanshire',NULL,1,'2022-08-02 18:57:41','2022-08-02 18:57:41'),
	(371,826,'CLR',NULL,'Coleraine',NULL,1,'2022-08-02 18:57:41','2022-08-02 18:57:41'),
	(372,826,'CWY',NULL,'Conwy',NULL,1,'2022-08-02 18:57:41','2022-08-02 18:57:41'),
	(373,826,'CKT',NULL,'Cookstown',NULL,1,'2022-08-02 18:57:41','2022-08-02 18:57:41'),
	(374,826,'CON',NULL,'Cornwall',NULL,1,'2022-08-02 18:57:41','2022-08-02 18:57:41'),
	(375,826,'COV',NULL,'Coventry',NULL,1,'2022-08-02 18:57:41','2022-08-02 18:57:41'),
	(376,826,'CGV',NULL,'Craigavon',NULL,1,'2022-08-02 18:57:41','2022-08-02 18:57:41'),
	(377,826,'CRY',NULL,'Croydon',NULL,1,'2022-08-02 18:57:41','2022-08-02 18:57:41'),
	(378,826,'CMA',NULL,'Cumbria',NULL,1,'2022-08-02 18:57:41','2022-08-02 18:57:41'),
	(379,826,'DAL',NULL,'Darlington',NULL,1,'2022-08-02 18:57:41','2022-08-02 18:57:41'),
	(380,826,'DEN',NULL,'Denbighshire [Sir Ddinbych GB-DDB]',NULL,1,'2022-08-02 18:57:41','2022-08-02 18:57:41'),
	(381,826,'DER',NULL,'Derby',NULL,1,'2022-08-02 18:57:41','2022-08-02 18:57:41'),
	(382,826,'DBY',NULL,'Derbyshire',NULL,1,'2022-08-02 18:57:41','2022-08-02 18:57:41'),
	(383,826,'DRY',NULL,'Derry',NULL,1,'2022-08-02 18:57:41','2022-08-02 18:57:41'),
	(384,826,'DEV',NULL,'Devon',NULL,1,'2022-08-02 18:57:41','2022-08-02 18:57:41'),
	(385,826,'DNC',NULL,'Doncaster',NULL,1,'2022-08-02 18:57:41','2022-08-02 18:57:41'),
	(386,826,'DOR',NULL,'Dorset',NULL,1,'2022-08-02 18:57:41','2022-08-02 18:57:41'),
	(387,826,'DOW',NULL,'Down',NULL,1,'2022-08-02 18:57:41','2022-08-02 18:57:41'),
	(388,826,'DUD',NULL,'Dudley',NULL,1,'2022-08-02 18:57:41','2022-08-02 18:57:41'),
	(389,826,'DGY',NULL,'Dumfries and Galloway',NULL,1,'2022-08-02 18:57:41','2022-08-02 18:57:41'),
	(390,826,'DND',NULL,'Dundee City',NULL,1,'2022-08-02 18:57:41','2022-08-02 18:57:41'),
	(391,826,'DGN',NULL,'Dungannon',NULL,1,'2022-08-02 18:57:41','2022-08-02 18:57:41'),
	(392,826,'DUR',NULL,'Durham',NULL,1,'2022-08-02 18:57:41','2022-08-02 18:57:41'),
	(393,826,'EAL',NULL,'Ealing',NULL,1,'2022-08-02 18:57:41','2022-08-02 18:57:41'),
	(394,826,'EAY',NULL,'East Ayrshire',NULL,1,'2022-08-02 18:57:41','2022-08-02 18:57:41'),
	(395,826,'EDU',NULL,'East Dunbartonshire',NULL,1,'2022-08-02 18:57:41','2022-08-02 18:57:41'),
	(396,826,'ELN',NULL,'East Lothian',NULL,1,'2022-08-02 18:57:41','2022-08-02 18:57:41'),
	(397,826,'ERW',NULL,'East Renfrewshire',NULL,1,'2022-08-02 18:57:41','2022-08-02 18:57:41'),
	(398,826,'ERY',NULL,'East Riding of Yorkshire',NULL,1,'2022-08-02 18:57:41','2022-08-02 18:57:41'),
	(399,826,'ESX',NULL,'East Sussex',NULL,1,'2022-08-02 18:57:41','2022-08-02 18:57:41'),
	(400,826,'EDH',NULL,'Edinburgh, City of',NULL,1,'2022-08-02 18:57:41','2022-08-02 18:57:41'),
	(401,826,'ELS',NULL,'Eilean Siar',NULL,1,'2022-08-02 18:57:41','2022-08-02 18:57:41'),
	(402,826,'ENF',NULL,'Enfield',NULL,1,'2022-08-02 18:57:41','2022-08-02 18:57:41'),
	(403,826,'ESS',NULL,'Essex',NULL,1,'2022-08-02 18:57:41','2022-08-02 18:57:41'),
	(404,826,'FAL',NULL,'Falkirk',NULL,1,'2022-08-02 18:57:41','2022-08-02 18:57:41'),
	(405,826,'FER',NULL,'Fermanagh',NULL,1,'2022-08-02 18:57:41','2022-08-02 18:57:41'),
	(406,826,'FIF',NULL,'Fife',NULL,1,'2022-08-02 18:57:41','2022-08-02 18:57:41'),
	(407,826,'FLN',NULL,'Flintshire [Sir y Fflint GB-FFL]',NULL,1,'2022-08-02 18:57:41','2022-08-02 18:57:41'),
	(408,826,'GAT',NULL,'Gateshead',NULL,1,'2022-08-02 18:57:41','2022-08-02 18:57:41'),
	(409,826,'GLG',NULL,'Glasgow City',NULL,1,'2022-08-02 18:57:41','2022-08-02 18:57:41'),
	(410,826,'GLS',NULL,'Gloucestershire',NULL,1,'2022-08-02 18:57:41','2022-08-02 18:57:41'),
	(411,826,'GRE',NULL,'Greenwich',NULL,1,'2022-08-02 18:57:41','2022-08-02 18:57:41'),
	(412,826,'GWN',NULL,'Gwynedd',NULL,1,'2022-08-02 18:57:41','2022-08-02 18:57:41'),
	(413,826,'HCK',NULL,'Hackney',NULL,1,'2022-08-02 18:57:41','2022-08-02 18:57:41'),
	(414,826,'HAL',NULL,'Halton',NULL,1,'2022-08-02 18:57:41','2022-08-02 18:57:41'),
	(415,826,'HMF',NULL,'Hammersmith and Fulham',NULL,1,'2022-08-02 18:57:41','2022-08-02 18:57:41'),
	(416,826,'HAM',NULL,'Hampshire',NULL,1,'2022-08-02 18:57:41','2022-08-02 18:57:41'),
	(417,826,'HRY',NULL,'Haringey',NULL,1,'2022-08-02 18:57:41','2022-08-02 18:57:41'),
	(418,826,'HRW',NULL,'Harrow',NULL,1,'2022-08-02 18:57:41','2022-08-02 18:57:41'),
	(419,826,'HPL',NULL,'Hartlepool',NULL,1,'2022-08-02 18:57:41','2022-08-02 18:57:41'),
	(420,826,'HAV',NULL,'Havering',NULL,1,'2022-08-02 18:57:41','2022-08-02 18:57:41'),
	(421,826,'HEF',NULL,'Herefordshire, County of',NULL,1,'2022-08-02 18:57:41','2022-08-02 18:57:41'),
	(422,826,'HRT',NULL,'Hertfordshire',NULL,1,'2022-08-02 18:57:41','2022-08-02 18:57:41'),
	(423,826,'HLD',NULL,'Highland',NULL,1,'2022-08-02 18:57:41','2022-08-02 18:57:41'),
	(424,826,'HIL',NULL,'Hillingdon',NULL,1,'2022-08-02 18:57:41','2022-08-02 18:57:41'),
	(425,826,'HNS',NULL,'Hounslow',NULL,1,'2022-08-02 18:57:41','2022-08-02 18:57:41'),
	(426,826,'IVC',NULL,'Inverclyde',NULL,1,'2022-08-02 18:57:41','2022-08-02 18:57:41'),
	(427,826,'AGY',NULL,'Isle of Anglesey [Sir Ynys Mn GB-YNM]',NULL,1,'2022-08-02 18:57:41','2022-08-02 18:57:41'),
	(428,826,'IOW',NULL,'Isle of Wight',NULL,1,'2022-08-02 18:57:41','2022-08-02 18:57:41'),
	(429,826,'ISL',NULL,'Islington',NULL,1,'2022-08-02 18:57:41','2022-08-02 18:57:41'),
	(430,826,'KEC',NULL,'Kensington and Chelsea',NULL,1,'2022-08-02 18:57:41','2022-08-02 18:57:41'),
	(431,826,'KEN',NULL,'Kent',NULL,1,'2022-08-02 18:57:41','2022-08-02 18:57:41'),
	(432,826,'KHL',NULL,'Kingston upon Hull, City of',NULL,1,'2022-08-02 18:57:41','2022-08-02 18:57:41'),
	(433,826,'KTT',NULL,'Kingston upon Thames',NULL,1,'2022-08-02 18:57:41','2022-08-02 18:57:41'),
	(434,826,'KIR',NULL,'Kirklees',NULL,1,'2022-08-02 18:57:41','2022-08-02 18:57:41'),
	(435,826,'KWL',NULL,'Knowsley',NULL,1,'2022-08-02 18:57:41','2022-08-02 18:57:41'),
	(436,826,'LBH',NULL,'Lambeth',NULL,1,'2022-08-02 18:57:41','2022-08-02 18:57:41'),
	(437,826,'LAN',NULL,'Lancashire',NULL,1,'2022-08-02 18:57:41','2022-08-02 18:57:41'),
	(438,826,'LRN',NULL,'Larne',NULL,1,'2022-08-02 18:57:41','2022-08-02 18:57:41'),
	(439,826,'LDS',NULL,'Leeds',NULL,1,'2022-08-02 18:57:41','2022-08-02 18:57:41'),
	(440,826,'LCE',NULL,'Leicester',NULL,1,'2022-08-02 18:57:41','2022-08-02 18:57:41'),
	(441,826,'LEC',NULL,'Leicestershire',NULL,1,'2022-08-02 18:57:41','2022-08-02 18:57:41'),
	(442,826,'LEW',NULL,'Lewisham',NULL,1,'2022-08-02 18:57:41','2022-08-02 18:57:41'),
	(443,826,'LMV',NULL,'Limavady',NULL,1,'2022-08-02 18:57:41','2022-08-02 18:57:41'),
	(444,826,'LIN',NULL,'Lincolnshire',NULL,1,'2022-08-02 18:57:41','2022-08-02 18:57:41'),
	(445,826,'LSB',NULL,'Lisburn',NULL,1,'2022-08-02 18:57:41','2022-08-02 18:57:41'),
	(446,826,'LIV',NULL,'Liverpool',NULL,1,'2022-08-02 18:57:41','2022-08-02 18:57:41'),
	(447,826,'LND',NULL,'London, City of',NULL,1,'2022-08-02 18:57:41','2022-08-02 18:57:41'),
	(448,826,'LUT',NULL,'Luton',NULL,1,'2022-08-02 18:57:41','2022-08-02 18:57:41'),
	(449,826,'MFT',NULL,'Magherafelt',NULL,1,'2022-08-02 18:57:41','2022-08-02 18:57:41'),
	(450,826,'MAN',NULL,'Manchester',NULL,1,'2022-08-02 18:57:41','2022-08-02 18:57:41'),
	(451,826,'MDW',NULL,'Medway',NULL,1,'2022-08-02 18:57:41','2022-08-02 18:57:41'),
	(452,826,'MTY',NULL,'Merthyr Tydfil [Merthyr Tudful GB-MTU]',NULL,1,'2022-08-02 18:57:41','2022-08-02 18:57:41'),
	(453,826,'MRT',NULL,'Merton',NULL,1,'2022-08-02 18:57:41','2022-08-02 18:57:41'),
	(454,826,'MDB',NULL,'Middlesbrough',NULL,1,'2022-08-02 18:57:41','2022-08-02 18:57:41'),
	(455,826,'MLN',NULL,'Midlothian',NULL,1,'2022-08-02 18:57:41','2022-08-02 18:57:41'),
	(456,826,'MIK',NULL,'Milton Keynes',NULL,1,'2022-08-02 18:57:41','2022-08-02 18:57:41'),
	(457,826,'MON',NULL,'Monmouthshire [Sir Fynwy GB-FYN]',NULL,1,'2022-08-02 18:57:41','2022-08-02 18:57:41'),
	(458,826,'MRY',NULL,'Moray',NULL,1,'2022-08-02 18:57:41','2022-08-02 18:57:41'),
	(459,826,'MYL',NULL,'Moyle',NULL,1,'2022-08-02 18:57:41','2022-08-02 18:57:41'),
	(460,826,'NTL',NULL,'Neath Port Talbot [Castell-nedd Port Talbot GB-CTL]',NULL,1,'2022-08-02 18:57:41','2022-08-02 18:57:41'),
	(461,826,'NET',NULL,'Newcastle upon Tyne',NULL,1,'2022-08-02 18:57:41','2022-08-02 18:57:41'),
	(462,826,'NWM',NULL,'Newham',NULL,1,'2022-08-02 18:57:41','2022-08-02 18:57:41'),
	(463,826,'NWP',NULL,'Newport [Casnewydd GB-CNW]',NULL,1,'2022-08-02 18:57:41','2022-08-02 18:57:41'),
	(464,826,'NYM',NULL,'Newry and Mourne',NULL,1,'2022-08-02 18:57:41','2022-08-02 18:57:41'),
	(465,826,'NTA',NULL,'Newtownabbey',NULL,1,'2022-08-02 18:57:41','2022-08-02 18:57:41'),
	(466,826,'NFK',NULL,'Norfolk',NULL,1,'2022-08-02 18:57:41','2022-08-02 18:57:41'),
	(467,826,'NAY',NULL,'North Ayrshire',NULL,1,'2022-08-02 18:57:41','2022-08-02 18:57:41'),
	(468,826,'NDN',NULL,'North Down',NULL,1,'2022-08-02 18:57:41','2022-08-02 18:57:41'),
	(469,826,'NEL',NULL,'North East Lincolnshire',NULL,1,'2022-08-02 18:57:41','2022-08-02 18:57:41'),
	(470,826,'NLK',NULL,'North Lanarkshire',NULL,1,'2022-08-02 18:57:41','2022-08-02 18:57:41'),
	(471,826,'NLN',NULL,'North Lincolnshire',NULL,1,'2022-08-02 18:57:41','2022-08-02 18:57:41'),
	(472,826,'NSM',NULL,'North Somerset',NULL,1,'2022-08-02 18:57:41','2022-08-02 18:57:41'),
	(473,826,'NTY',NULL,'North Tyneside',NULL,1,'2022-08-02 18:57:41','2022-08-02 18:57:41'),
	(474,826,'NYK',NULL,'North Yorkshire',NULL,1,'2022-08-02 18:57:41','2022-08-02 18:57:41'),
	(475,826,'NTH',NULL,'Northamptonshire',NULL,1,'2022-08-02 18:57:41','2022-08-02 18:57:41'),
	(476,826,'NBL',NULL,'Northumberland',NULL,1,'2022-08-02 18:57:41','2022-08-02 18:57:41'),
	(477,826,'NGM',NULL,'Nottingham',NULL,1,'2022-08-02 18:57:41','2022-08-02 18:57:41'),
	(478,826,'NTT',NULL,'Nottinghamshire',NULL,1,'2022-08-02 18:57:41','2022-08-02 18:57:41'),
	(479,826,'OLD',NULL,'Oldham',NULL,1,'2022-08-02 18:57:41','2022-08-02 18:57:41'),
	(480,826,'OMH',NULL,'Omagh',NULL,1,'2022-08-02 18:57:41','2022-08-02 18:57:41'),
	(481,826,'ORK',NULL,'Orkney Islands',NULL,1,'2022-08-02 18:57:41','2022-08-02 18:57:41'),
	(482,826,'OXF',NULL,'Oxfordshire',NULL,1,'2022-08-02 18:57:41','2022-08-02 18:57:41'),
	(483,826,'PEM',NULL,'Pembrokeshire [Sir Benfro GB-BNF]',NULL,1,'2022-08-02 18:57:41','2022-08-02 18:57:41'),
	(484,826,'PKN',NULL,'Perth and Kinross',NULL,1,'2022-08-02 18:57:41','2022-08-02 18:57:41'),
	(485,826,'PTE',NULL,'Peterborough',NULL,1,'2022-08-02 18:57:41','2022-08-02 18:57:41'),
	(486,826,'PLY',NULL,'Plymouth',NULL,1,'2022-08-02 18:57:41','2022-08-02 18:57:41'),
	(487,826,'POL',NULL,'Poole',NULL,1,'2022-08-02 18:57:41','2022-08-02 18:57:41'),
	(488,826,'POR',NULL,'Portsmouth',NULL,1,'2022-08-02 18:57:41','2022-08-02 18:57:41'),
	(489,826,'POW',NULL,'Powys',NULL,1,'2022-08-02 18:57:41','2022-08-02 18:57:41'),
	(490,826,'RDG',NULL,'Reading',NULL,1,'2022-08-02 18:57:41','2022-08-02 18:57:41'),
	(491,826,'RDB',NULL,'Redbridge',NULL,1,'2022-08-02 18:57:41','2022-08-02 18:57:41'),
	(492,826,'RCC',NULL,'Redcar and Cleveland',NULL,1,'2022-08-02 18:57:41','2022-08-02 18:57:41'),
	(493,826,'RFW',NULL,'Renfrewshire',NULL,1,'2022-08-02 18:57:41','2022-08-02 18:57:41'),
	(494,826,'RCT',NULL,'Rhondda, Cynon, Taff [Rhondda, Cynon,Taf]',NULL,1,'2022-08-02 18:57:41','2022-08-02 18:57:41'),
	(495,826,'RIC',NULL,'Richmond upon Thames',NULL,1,'2022-08-02 18:57:41','2022-08-02 18:57:41'),
	(496,826,'RCH',NULL,'Rochdale',NULL,1,'2022-08-02 18:57:41','2022-08-02 18:57:41'),
	(497,826,'ROT',NULL,'Rotherham',NULL,1,'2022-08-02 18:57:41','2022-08-02 18:57:41'),
	(498,826,'RUT',NULL,'Rutland',NULL,1,'2022-08-02 18:57:41','2022-08-02 18:57:41'),
	(499,826,'SLF',NULL,'Salford',NULL,1,'2022-08-02 18:57:41','2022-08-02 18:57:41'),
	(500,826,'SAW',NULL,'Sandwell',NULL,1,'2022-08-02 18:57:41','2022-08-02 18:57:41'),
	(501,826,'SCB',NULL,'Scottish Borders, The',NULL,1,'2022-08-02 18:57:41','2022-08-02 18:57:41'),
	(502,826,'SFT',NULL,'Sefton',NULL,1,'2022-08-02 18:57:41','2022-08-02 18:57:41'),
	(503,826,'SHF',NULL,'Sheffield',NULL,1,'2022-08-02 18:57:41','2022-08-02 18:57:41'),
	(504,826,'ZET',NULL,'Shetland Islands',NULL,1,'2022-08-02 18:57:41','2022-08-02 18:57:41'),
	(505,826,'SHR',NULL,'Shropshire',NULL,1,'2022-08-02 18:57:41','2022-08-02 18:57:41'),
	(506,826,'SLG',NULL,'Slough',NULL,1,'2022-08-02 18:57:41','2022-08-02 18:57:41'),
	(507,826,'SOL',NULL,'Solihull',NULL,1,'2022-08-02 18:57:41','2022-08-02 18:57:41'),
	(508,826,'SOM',NULL,'Somerset',NULL,1,'2022-08-02 18:57:41','2022-08-02 18:57:41'),
	(509,826,'SAY',NULL,'South Ayrshire',NULL,1,'2022-08-02 18:57:41','2022-08-02 18:57:41'),
	(510,826,'SGC',NULL,'South Gloucestershire',NULL,1,'2022-08-02 18:57:41','2022-08-02 18:57:41'),
	(511,826,'SLK',NULL,'South Lanarkshire',NULL,1,'2022-08-02 18:57:41','2022-08-02 18:57:41'),
	(512,826,'STY',NULL,'South Tyneside',NULL,1,'2022-08-02 18:57:41','2022-08-02 18:57:41'),
	(513,826,'STH',NULL,'Southampton',NULL,1,'2022-08-02 18:57:41','2022-08-02 18:57:41'),
	(514,826,'SOS',NULL,'Southend-on-Sea',NULL,1,'2022-08-02 18:57:41','2022-08-02 18:57:41'),
	(515,826,'SWK',NULL,'Southwark',NULL,1,'2022-08-02 18:57:41','2022-08-02 18:57:41'),
	(516,826,'SHN',NULL,'St. Helens',NULL,1,'2022-08-02 18:57:41','2022-08-02 18:57:41'),
	(517,826,'STS',NULL,'Staffordshire',NULL,1,'2022-08-02 18:57:41','2022-08-02 18:57:41'),
	(518,826,'STG',NULL,'Stirling',NULL,1,'2022-08-02 18:57:41','2022-08-02 18:57:41'),
	(519,826,'SKP',NULL,'Stockport',NULL,1,'2022-08-02 18:57:41','2022-08-02 18:57:41'),
	(520,826,'STT',NULL,'Stockton-on-Tees',NULL,1,'2022-08-02 18:57:41','2022-08-02 18:57:41'),
	(521,826,'STE',NULL,'Stoke-on-Trent',NULL,1,'2022-08-02 18:57:41','2022-08-02 18:57:41'),
	(522,826,'STB',NULL,'Strabane',NULL,1,'2022-08-02 18:57:41','2022-08-02 18:57:41'),
	(523,826,'SFK',NULL,'Suffolk',NULL,1,'2022-08-02 18:57:41','2022-08-02 18:57:41'),
	(524,826,'SND',NULL,'Sunderland',NULL,1,'2022-08-02 18:57:41','2022-08-02 18:57:41'),
	(525,826,'SRY',NULL,'Surrey',NULL,1,'2022-08-02 18:57:41','2022-08-02 18:57:41'),
	(526,826,'STN',NULL,'Sutton',NULL,1,'2022-08-02 18:57:41','2022-08-02 18:57:41'),
	(527,826,'SWA',NULL,'Swansea [Abertawe GB-ATA]',NULL,1,'2022-08-02 18:57:41','2022-08-02 18:57:41'),
	(528,826,'SWD',NULL,'Swindon',NULL,1,'2022-08-02 18:57:41','2022-08-02 18:57:41'),
	(529,826,'TAM',NULL,'Tameside',NULL,1,'2022-08-02 18:57:41','2022-08-02 18:57:41'),
	(530,826,'TFW',NULL,'Telford and Wrekin',NULL,1,'2022-08-02 18:57:41','2022-08-02 18:57:41'),
	(531,826,'THR',NULL,'Thurrock',NULL,1,'2022-08-02 18:57:41','2022-08-02 18:57:41'),
	(532,826,'TOB',NULL,'Torbay',NULL,1,'2022-08-02 18:57:41','2022-08-02 18:57:41'),
	(533,826,'TOF',NULL,'Torfaen [Tor-faen]',NULL,1,'2022-08-02 18:57:41','2022-08-02 18:57:41'),
	(534,826,'TWH',NULL,'Tower Hamlets',NULL,1,'2022-08-02 18:57:41','2022-08-02 18:57:41'),
	(535,826,'TRF',NULL,'Trafford',NULL,1,'2022-08-02 18:57:41','2022-08-02 18:57:41'),
	(536,826,'VGL',NULL,'Vale of Glamorgan, The [Bro Morgannwg GB-BMG]',NULL,1,'2022-08-02 18:57:41','2022-08-02 18:57:41'),
	(537,826,'WKF',NULL,'Wakefield',NULL,1,'2022-08-02 18:57:41','2022-08-02 18:57:41'),
	(538,826,'WLL',NULL,'Walsall',NULL,1,'2022-08-02 18:57:41','2022-08-02 18:57:41'),
	(539,826,'WFT',NULL,'Waltham Forest',NULL,1,'2022-08-02 18:57:41','2022-08-02 18:57:41'),
	(540,826,'WND',NULL,'Wandsworth',NULL,1,'2022-08-02 18:57:41','2022-08-02 18:57:41'),
	(541,826,'WRT',NULL,'Warrington',NULL,1,'2022-08-02 18:57:41','2022-08-02 18:57:41'),
	(542,826,'WAR',NULL,'Warwickshire',NULL,1,'2022-08-02 18:57:41','2022-08-02 18:57:41'),
	(543,826,'WBK',NULL,'West Berkshire',NULL,1,'2022-08-02 18:57:41','2022-08-02 18:57:41'),
	(544,826,'WDU',NULL,'West Dunbartonshire',NULL,1,'2022-08-02 18:57:41','2022-08-02 18:57:41'),
	(545,826,'WLN',NULL,'West Lothian',NULL,1,'2022-08-02 18:57:41','2022-08-02 18:57:41'),
	(546,826,'WSX',NULL,'West Sussex',NULL,1,'2022-08-02 18:57:41','2022-08-02 18:57:41'),
	(547,826,'WSM',NULL,'Westminster',NULL,1,'2022-08-02 18:57:41','2022-08-02 18:57:41'),
	(548,826,'WGN',NULL,'Wigan',NULL,1,'2022-08-02 18:57:41','2022-08-02 18:57:41'),
	(549,826,'WIL',NULL,'Wiltshire',NULL,1,'2022-08-02 18:57:41','2022-08-02 18:57:41'),
	(550,826,'WNM',NULL,'Windsor and Maidenhead',NULL,1,'2022-08-02 18:57:41','2022-08-02 18:57:41'),
	(551,826,'WRL',NULL,'Wirral',NULL,1,'2022-08-02 18:57:41','2022-08-02 18:57:41'),
	(552,826,'WOK',NULL,'Wokingham',NULL,1,'2022-08-02 18:57:41','2022-08-02 18:57:41'),
	(553,826,'WLV',NULL,'Wolverhampton',NULL,1,'2022-08-02 18:57:41','2022-08-02 18:57:41'),
	(554,826,'WOR',NULL,'Worcestershire',NULL,1,'2022-08-02 18:57:41','2022-08-02 18:57:41'),
	(555,826,'WRX',NULL,'Wrexham [Wrecsam GB-WRC]',NULL,1,'2022-08-02 18:57:41','2022-08-02 18:57:41'),
	(556,826,'YOR',NULL,'York',NULL,1,'2022-08-02 18:57:41','2022-08-02 18:57:41'),
	(557,268,'AB',NULL,'Abkhazia',NULL,1,'2022-08-02 18:57:41','2022-08-02 18:57:41'),
	(558,268,'AJ',NULL,'Ajaria',NULL,1,'2022-08-02 18:57:41','2022-08-02 18:57:41'),
	(559,268,'GU',NULL,'Guria',NULL,1,'2022-08-02 18:57:41','2022-08-02 18:57:41'),
	(560,268,'IM',NULL,'Imeret\'i',NULL,1,'2022-08-02 18:57:41','2022-08-02 18:57:41'),
	(561,268,'KK',NULL,'K\'vemo K\'art\'li',NULL,1,'2022-08-02 18:57:41','2022-08-02 18:57:41'),
	(562,268,'KA',NULL,'Kakhet\'i',NULL,1,'2022-08-02 18:57:41','2022-08-02 18:57:41'),
	(563,268,'MM',NULL,'Mts\'khet\'a-Mt\'ianet\'i',NULL,1,'2022-08-02 18:57:41','2022-08-02 18:57:41'),
	(564,268,'RL',NULL,'Racha-Lech\'khumi-K\'vemo Svanet\'i',NULL,1,'2022-08-02 18:57:41','2022-08-02 18:57:41'),
	(565,268,'SZ',NULL,'Samegrelo-Zemo Svanet\'i',NULL,1,'2022-08-02 18:57:41','2022-08-02 18:57:41'),
	(566,268,'SJ',NULL,'Samts\'khe-Javakhet\'i',NULL,1,'2022-08-02 18:57:41','2022-08-02 18:57:41'),
	(567,268,'SK',NULL,'Shida K\'art\'li',NULL,1,'2022-08-02 18:57:41','2022-08-02 18:57:41'),
	(568,268,'TB',NULL,'T\'bilisi',NULL,1,'2022-08-02 18:57:41','2022-08-02 18:57:41'),
	(569,288,'AH',NULL,'Ashanti',NULL,1,'2022-08-02 18:57:41','2022-08-02 18:57:41'),
	(570,288,'BA',NULL,'Brong-Ahafo',NULL,1,'2022-08-02 18:57:41','2022-08-02 18:57:41'),
	(571,288,'CP',NULL,'Central',NULL,1,'2022-08-02 18:57:41','2022-08-02 18:57:41'),
	(572,288,'EP',NULL,'Eastern',NULL,1,'2022-08-02 18:57:41','2022-08-02 18:57:41'),
	(573,288,'AA',NULL,'Greater Accra',NULL,1,'2022-08-02 18:57:41','2022-08-02 18:57:41'),
	(574,288,'NP',NULL,'Northern',NULL,1,'2022-08-02 18:57:41','2022-08-02 18:57:41'),
	(575,288,'UE',NULL,'Upper East',NULL,1,'2022-08-02 18:57:41','2022-08-02 18:57:41'),
	(576,288,'UW',NULL,'Upper West',NULL,1,'2022-08-02 18:57:41','2022-08-02 18:57:41'),
	(577,288,'TV',NULL,'Volta',NULL,1,'2022-08-02 18:57:41','2022-08-02 18:57:41'),
	(578,288,'WP',NULL,'Western',NULL,1,'2022-08-02 18:57:41','2022-08-02 18:57:41'),
	(579,360,'BA',NULL,'Bali',NULL,1,'2022-08-02 18:57:41','2022-08-02 18:57:41'),
	(580,360,'BB',NULL,'BangkaBelitung Islands',NULL,1,'2022-08-02 18:57:41','2022-08-02 18:57:41'),
	(581,360,'BT',NULL,'Banten',NULL,1,'2022-08-02 18:57:41','2022-08-02 18:57:41'),
	(582,360,'BE',NULL,'Bengkulu',NULL,1,'2022-08-02 18:57:41','2022-08-02 18:57:41'),
	(583,360,'JT',NULL,'Central Java',NULL,1,'2022-08-02 18:57:41','2022-08-02 18:57:41'),
	(584,360,'KT',NULL,'Central Kalimantan',NULL,1,'2022-08-02 18:57:41','2022-08-02 18:57:41'),
	(585,360,'ST',NULL,'Central Sulawesi',NULL,1,'2022-08-02 18:57:41','2022-08-02 18:57:41'),
	(586,360,'JI',NULL,'East Java',NULL,1,'2022-08-02 18:57:41','2022-08-02 18:57:41'),
	(587,360,'KI',NULL,'East Kalimantan',NULL,1,'2022-08-02 18:57:41','2022-08-02 18:57:41'),
	(588,360,'NT',NULL,'East Nusa Tenggara',NULL,1,'2022-08-02 18:57:41','2022-08-02 18:57:41'),
	(589,360,'GO',NULL,'Gorontalo',NULL,1,'2022-08-02 18:57:41','2022-08-02 18:57:41'),
	(590,360,'JK',NULL,'Jakarta Special Capital Region',NULL,1,'2022-08-02 18:57:41','2022-08-02 18:57:41'),
	(591,360,'JA',NULL,'Jambi',NULL,1,'2022-08-02 18:57:41','2022-08-02 18:57:41'),
	(592,360,'LA',NULL,'Lampung',NULL,1,'2022-08-02 18:57:41','2022-08-02 18:57:41'),
	(593,360,'MA',NULL,'Maluku',NULL,1,'2022-08-02 18:57:41','2022-08-02 18:57:41'),
	(594,360,'KU',NULL,'North Kalimantan',NULL,1,'2022-08-02 18:57:41','2022-08-02 18:57:41'),
	(595,360,'MU',NULL,'North Maluku',NULL,1,'2022-08-02 18:57:41','2022-08-02 18:57:41'),
	(596,360,'SA',NULL,'North Sulawesi',NULL,1,'2022-08-02 18:57:41','2022-08-02 18:57:41'),
	(597,360,'SU',NULL,'North Sumatra',NULL,1,'2022-08-02 18:57:41','2022-08-02 18:57:41'),
	(598,360,'RI',NULL,'Riau',NULL,1,'2022-08-02 18:57:41','2022-08-02 18:57:41'),
	(599,360,'KR',NULL,'Riau Islands',NULL,1,'2022-08-02 18:57:41','2022-08-02 18:57:41'),
	(600,360,'KS',NULL,'South Kalimantan',NULL,1,'2022-08-02 18:57:41','2022-08-02 18:57:41'),
	(601,360,'SN',NULL,'South Sulawesi',NULL,1,'2022-08-02 18:57:41','2022-08-02 18:57:41'),
	(602,360,'SS',NULL,'South Sumatra',NULL,1,'2022-08-02 18:57:41','2022-08-02 18:57:41'),
	(603,360,'SG',NULL,'Southeast Sulawesi',NULL,1,'2022-08-02 18:57:41','2022-08-02 18:57:41'),
	(604,360,'AC',NULL,'Special Region of Aceh',NULL,1,'2022-08-02 18:57:41','2022-08-02 18:57:41'),
	(605,360,'PA',NULL,'Special Region of Papua',NULL,1,'2022-08-02 18:57:41','2022-08-02 18:57:41'),
	(606,360,'PB',NULL,'Special Region of West Papua',NULL,1,'2022-08-02 18:57:41','2022-08-02 18:57:41'),
	(607,360,'JB',NULL,'West Java',NULL,1,'2022-08-02 18:57:41','2022-08-02 18:57:41'),
	(608,360,'KB',NULL,'West Kalimantan',NULL,1,'2022-08-02 18:57:41','2022-08-02 18:57:41'),
	(609,360,'NB',NULL,'West Nusa Tenggara',NULL,1,'2022-08-02 18:57:41','2022-08-02 18:57:41'),
	(610,360,'SR',NULL,'West Sulawesi',NULL,1,'2022-08-02 18:57:41','2022-08-02 18:57:41'),
	(611,360,'SB',NULL,'West Sumatra',NULL,1,'2022-08-02 18:57:41','2022-08-02 18:57:41'),
	(612,360,'YO',NULL,'Yogyakarta',NULL,1,'2022-08-02 18:57:41','2022-08-02 18:57:41'),
	(613,376,'JM',NULL,'Al Quds / Yerushalayim',NULL,1,'2022-08-02 18:57:41','2022-08-02 18:57:41'),
	(614,376,'D',NULL,'El Janb / HaDarom',NULL,1,'2022-08-02 18:57:41','2022-08-02 18:57:41'),
	(615,376,'Z',NULL,'Esh Shaml / Ha afon',NULL,1,'2022-08-02 18:57:41','2022-08-02 18:57:41'),
	(616,376,'M',NULL,'HaDarom / HaMerkaz',NULL,1,'2022-08-02 18:57:41','2022-08-02 18:57:41'),
	(617,376,'YOUR',NULL,'Tell Abb / Tel Aviv',NULL,1,'2022-08-02 18:57:41','2022-08-02 18:57:41'),
	(618,376,'HA',NULL,'eif / Hefa',NULL,1,'2022-08-02 18:57:41','2022-08-02 18:57:41'),
	(619,356,'AN',NULL,'Andaman and Nicobar Islands',NULL,1,'2022-08-02 18:57:41','2022-08-02 18:57:41'),
	(620,356,'AP',NULL,'Andhra Pradesh',NULL,1,'2022-08-02 18:57:41','2022-08-02 18:57:41'),
	(621,356,'AR',NULL,'Arunachal Pradesh',NULL,1,'2022-08-02 18:57:41','2022-08-02 18:57:41'),
	(622,356,'AS',NULL,'Assam',NULL,1,'2022-08-02 18:57:41','2022-08-02 18:57:41'),
	(623,356,'BR',NULL,'Bihar',NULL,1,'2022-08-02 18:57:41','2022-08-02 18:57:41'),
	(624,356,'CH',NULL,'Chandigarh',NULL,1,'2022-08-02 18:57:41','2022-08-02 18:57:41'),
	(625,356,'CT',NULL,'Chhattisgarh',NULL,1,'2022-08-02 18:57:41','2022-08-02 18:57:41'),
	(626,356,'DN',NULL,'Dadra and Nagar Haveli',NULL,1,'2022-08-02 18:57:41','2022-08-02 18:57:41'),
	(627,356,'DD',NULL,'Daman and Diu',NULL,1,'2022-08-02 18:57:41','2022-08-02 18:57:41'),
	(628,356,'GA',NULL,'Goa',NULL,1,'2022-08-02 18:57:41','2022-08-02 18:57:41'),
	(629,356,'GJ',NULL,'Gujarat',NULL,1,'2022-08-02 18:57:41','2022-08-02 18:57:41'),
	(630,356,'HR',NULL,'Haryana',NULL,1,'2022-08-02 18:57:41','2022-08-02 18:57:41'),
	(631,356,'HP',NULL,'Himachal Pradesh',NULL,1,'2022-08-02 18:57:41','2022-08-02 18:57:41'),
	(632,356,'JK',NULL,'Jammu and Kashmir',NULL,1,'2022-08-02 18:57:41','2022-08-02 18:57:41'),
	(633,356,'JH',NULL,'Jharkhand',NULL,1,'2022-08-02 18:57:41','2022-08-02 18:57:41'),
	(634,356,'KA',NULL,'Karnataka',NULL,1,'2022-08-02 18:57:41','2022-08-02 18:57:41'),
	(635,356,'KL',NULL,'Kerala',NULL,1,'2022-08-02 18:57:41','2022-08-02 18:57:41'),
	(636,356,'LD',NULL,'Lakshadweep',NULL,1,'2022-08-02 18:57:41','2022-08-02 18:57:41'),
	(637,356,'MP',NULL,'Madhya Pradesh',NULL,1,'2022-08-02 18:57:41','2022-08-02 18:57:41'),
	(638,356,'MH',NULL,'Maharashtra',NULL,1,'2022-08-02 18:57:41','2022-08-02 18:57:41'),
	(639,356,'MN',NULL,'Manipur',NULL,1,'2022-08-02 18:57:41','2022-08-02 18:57:41'),
	(640,356,'ML',NULL,'Meghalaya',NULL,1,'2022-08-02 18:57:41','2022-08-02 18:57:41'),
	(641,356,'MZ',NULL,'Mizoram',NULL,1,'2022-08-02 18:57:41','2022-08-02 18:57:41'),
	(642,356,'NL',NULL,'Nagaland',NULL,1,'2022-08-02 18:57:41','2022-08-02 18:57:41'),
	(643,356,'DL',NULL,'National Capital Territory of Delhi',NULL,1,'2022-08-02 18:57:41','2022-08-02 18:57:41'),
	(644,356,'OR',NULL,'Odisha',NULL,1,'2022-08-02 18:57:41','2022-08-02 18:57:41'),
	(645,356,'PY',NULL,'Puducherry',NULL,1,'2022-08-02 18:57:41','2022-08-02 18:57:41'),
	(646,356,'PB',NULL,'Punjab',NULL,1,'2022-08-02 18:57:41','2022-08-02 18:57:41'),
	(647,356,'RJ',NULL,'Rajasthan',NULL,1,'2022-08-02 18:57:41','2022-08-02 18:57:41'),
	(648,356,'SK',NULL,'Sikkim',NULL,1,'2022-08-02 18:57:41','2022-08-02 18:57:41'),
	(649,356,'TN',NULL,'Tamil Nadu',NULL,1,'2022-08-02 18:57:41','2022-08-02 18:57:41'),
	(650,356,'TG',NULL,'Telangana',NULL,1,'2022-08-02 18:57:41','2022-08-02 18:57:41'),
	(651,356,'TR',NULL,'Tripura',NULL,1,'2022-08-02 18:57:41','2022-08-02 18:57:41'),
	(652,356,'UP',NULL,'Uttar Pradesh',NULL,1,'2022-08-02 18:57:41','2022-08-02 18:57:41'),
	(653,356,'UT',NULL,'Uttarakhand',NULL,1,'2022-08-02 18:57:41','2022-08-02 18:57:41'),
	(654,356,'WB',NULL,'West Bengal',NULL,1,'2022-08-02 18:57:41','2022-08-02 18:57:41'),
	(655,380,'65',NULL,'Abruzzo',NULL,1,'2022-08-02 18:57:41','2022-08-02 18:57:41'),
	(656,380,'23',NULL,'Aosta Valley',NULL,1,'2022-08-02 18:57:41','2022-08-02 18:57:41'),
	(657,380,'75',NULL,'Apulia',NULL,1,'2022-08-02 18:57:41','2022-08-02 18:57:41'),
	(658,380,'77',NULL,'Basilicata',NULL,1,'2022-08-02 18:57:41','2022-08-02 18:57:41'),
	(659,380,'78',NULL,'Calabria',NULL,1,'2022-08-02 18:57:41','2022-08-02 18:57:41'),
	(660,380,'72',NULL,'Campania',NULL,1,'2022-08-02 18:57:41','2022-08-02 18:57:41'),
	(661,380,'45',NULL,'Emilia-Romagna',NULL,1,'2022-08-02 18:57:41','2022-08-02 18:57:41'),
	(662,380,'36',NULL,'Friuli Venezia Giulia',NULL,1,'2022-08-02 18:57:41','2022-08-02 18:57:41'),
	(663,380,'62',NULL,'Lazio',NULL,1,'2022-08-02 18:57:41','2022-08-02 18:57:41'),
	(664,380,'42',NULL,'Liguria',NULL,1,'2022-08-02 18:57:41','2022-08-02 18:57:41'),
	(665,380,'25',NULL,'Lombardy',NULL,1,'2022-08-02 18:57:41','2022-08-02 18:57:41'),
	(666,380,'57',NULL,'Marche',NULL,1,'2022-08-02 18:57:41','2022-08-02 18:57:41'),
	(667,380,'67',NULL,'Molise',NULL,1,'2022-08-02 18:57:41','2022-08-02 18:57:41'),
	(668,380,'21',NULL,'Piedmont',NULL,1,'2022-08-02 18:57:41','2022-08-02 18:57:41'),
	(669,380,'88',NULL,'Sardinia',NULL,1,'2022-08-02 18:57:41','2022-08-02 18:57:41'),
	(670,380,'82',NULL,'Sicily',NULL,1,'2022-08-02 18:57:41','2022-08-02 18:57:41'),
	(671,380,'32',NULL,'Trentino-South Tyrol',NULL,1,'2022-08-02 18:57:41','2022-08-02 18:57:41'),
	(672,380,'52',NULL,'Tuscany',NULL,1,'2022-08-02 18:57:41','2022-08-02 18:57:41'),
	(673,380,'55',NULL,'Umbria',NULL,1,'2022-08-02 18:57:41','2022-08-02 18:57:41'),
	(674,380,'34',NULL,'Veneto',NULL,1,'2022-08-02 18:57:41','2022-08-02 18:57:41'),
	(675,388,'13',NULL,'Clarendon',NULL,1,'2022-08-02 18:57:41','2022-08-02 18:57:41'),
	(676,388,'09',NULL,'Hanover',NULL,1,'2022-08-02 18:57:41','2022-08-02 18:57:41'),
	(677,388,'01',NULL,'Kingston',NULL,1,'2022-08-02 18:57:41','2022-08-02 18:57:41'),
	(678,388,'12',NULL,'Manchester',NULL,1,'2022-08-02 18:57:41','2022-08-02 18:57:41'),
	(679,388,'04',NULL,'Portland',NULL,1,'2022-08-02 18:57:41','2022-08-02 18:57:41'),
	(680,388,'02',NULL,'Saint Andrew',NULL,1,'2022-08-02 18:57:41','2022-08-02 18:57:41'),
	(681,388,'06',NULL,'Saint Ann',NULL,1,'2022-08-02 18:57:41','2022-08-02 18:57:41'),
	(682,388,'14',NULL,'Saint Catherine',NULL,1,'2022-08-02 18:57:41','2022-08-02 18:57:41'),
	(683,388,'11',NULL,'Saint Elizabeth',NULL,1,'2022-08-02 18:57:41','2022-08-02 18:57:41'),
	(684,388,'08',NULL,'Saint James',NULL,1,'2022-08-02 18:57:41','2022-08-02 18:57:41'),
	(685,388,'05',NULL,'Saint Mary',NULL,1,'2022-08-02 18:57:41','2022-08-02 18:57:41'),
	(686,388,'03',NULL,'Saint Thomas',NULL,1,'2022-08-02 18:57:41','2022-08-02 18:57:41'),
	(687,388,'07',NULL,'Trelawny',NULL,1,'2022-08-02 18:57:41','2022-08-02 18:57:41'),
	(688,388,'10',NULL,'Westmoreland',NULL,1,'2022-08-02 18:57:41','2022-08-02 18:57:41'),
	(689,392,'23',NULL,'Aiti',NULL,1,'2022-08-02 18:57:41','2022-08-02 18:57:41'),
	(690,392,'05',NULL,'Akita',NULL,1,'2022-08-02 18:57:41','2022-08-02 18:57:41'),
	(691,392,'02',NULL,'Aomori',NULL,1,'2022-08-02 18:57:41','2022-08-02 18:57:41'),
	(692,392,'38',NULL,'Ehime',NULL,1,'2022-08-02 18:57:41','2022-08-02 18:57:41'),
	(693,392,'21',NULL,'Gihu',NULL,1,'2022-08-02 18:57:41','2022-08-02 18:57:41'),
	(694,392,'10',NULL,'Gunma',NULL,1,'2022-08-02 18:57:41','2022-08-02 18:57:41'),
	(695,392,'34',NULL,'Hirosima',NULL,1,'2022-08-02 18:57:41','2022-08-02 18:57:41'),
	(696,392,'01',NULL,'Hokkaid',NULL,1,'2022-08-02 18:57:41','2022-08-02 18:57:41'),
	(697,392,'18',NULL,'Hukui',NULL,1,'2022-08-02 18:57:41','2022-08-02 18:57:41'),
	(698,392,'40',NULL,'Hukuoka',NULL,1,'2022-08-02 18:57:41','2022-08-02 18:57:41'),
	(699,392,'07',NULL,'Hukusima',NULL,1,'2022-08-02 18:57:41','2022-08-02 18:57:41'),
	(700,392,'28',NULL,'Hygo',NULL,1,'2022-08-02 18:57:41','2022-08-02 18:57:41'),
	(701,392,'08',NULL,'Ibaraki',NULL,1,'2022-08-02 18:57:41','2022-08-02 18:57:41'),
	(702,392,'17',NULL,'Isikawa',NULL,1,'2022-08-02 18:57:41','2022-08-02 18:57:41'),
	(703,392,'03',NULL,'Iwate',NULL,1,'2022-08-02 18:57:41','2022-08-02 18:57:41'),
	(704,392,'37',NULL,'Kagawa',NULL,1,'2022-08-02 18:57:41','2022-08-02 18:57:41'),
	(705,392,'46',NULL,'Kagosima',NULL,1,'2022-08-02 18:57:41','2022-08-02 18:57:41'),
	(706,392,'14',NULL,'Kanagawa ',NULL,1,'2022-08-02 18:57:41','2022-08-02 18:57:41'),
	(707,392,'43',NULL,'Kumamoto ',NULL,1,'2022-08-02 18:57:41','2022-08-02 18:57:41'),
	(708,392,'26',NULL,'Kyto',NULL,1,'2022-08-02 18:57:41','2022-08-02 18:57:41'),
	(709,392,'39',NULL,'Kti',NULL,1,'2022-08-02 18:57:41','2022-08-02 18:57:41'),
	(710,392,'24',NULL,'Mie',NULL,1,'2022-08-02 18:57:41','2022-08-02 18:57:41'),
	(711,392,'04',NULL,'Miyagi',NULL,1,'2022-08-02 18:57:41','2022-08-02 18:57:41'),
	(712,392,'45',NULL,'Miyazaki',NULL,1,'2022-08-02 18:57:41','2022-08-02 18:57:41'),
	(713,392,'20',NULL,'Nagano',NULL,1,'2022-08-02 18:57:41','2022-08-02 18:57:41'),
	(714,392,'42',NULL,'Nagasaki',NULL,1,'2022-08-02 18:57:41','2022-08-02 18:57:41'),
	(715,392,'29',NULL,'Nara',NULL,1,'2022-08-02 18:57:41','2022-08-02 18:57:41'),
	(716,392,'15',NULL,'Niigata',NULL,1,'2022-08-02 18:57:41','2022-08-02 18:57:41'),
	(717,392,'33',NULL,'Okayama',NULL,1,'2022-08-02 18:57:41','2022-08-02 18:57:41'),
	(718,392,'47',NULL,'Okinawa',NULL,1,'2022-08-02 18:57:41','2022-08-02 18:57:41'),
	(719,392,'41',NULL,'Saga',NULL,1,'2022-08-02 18:57:41','2022-08-02 18:57:41'),
	(720,392,'11',NULL,'Saitama',NULL,1,'2022-08-02 18:57:41','2022-08-02 18:57:41'),
	(721,392,'25',NULL,'Siga',NULL,1,'2022-08-02 18:57:41','2022-08-02 18:57:41'),
	(722,392,'32',NULL,'Simane',NULL,1,'2022-08-02 18:57:41','2022-08-02 18:57:41'),
	(723,392,'22',NULL,'Sizuoka',NULL,1,'2022-08-02 18:57:41','2022-08-02 18:57:41'),
	(724,392,'12',NULL,'Tiba',NULL,1,'2022-08-02 18:57:41','2022-08-02 18:57:41'),
	(725,392,'36',NULL,'Tokusima',NULL,1,'2022-08-02 18:57:41','2022-08-02 18:57:41'),
	(726,392,'09',NULL,'Totigi',NULL,1,'2022-08-02 18:57:41','2022-08-02 18:57:41'),
	(727,392,'31',NULL,'Tottori',NULL,1,'2022-08-02 18:57:41','2022-08-02 18:57:41'),
	(728,392,'16',NULL,'Toyama',NULL,1,'2022-08-02 18:57:41','2022-08-02 18:57:41'),
	(729,392,'13',NULL,'Tky',NULL,1,'2022-08-02 18:57:41','2022-08-02 18:57:41'),
	(730,392,'30',NULL,'Wakayama',NULL,1,'2022-08-02 18:57:41','2022-08-02 18:57:41'),
	(731,392,'06',NULL,'Yamagata',NULL,1,'2022-08-02 18:57:41','2022-08-02 18:57:41'),
	(732,392,'35',NULL,'Yamaguti',NULL,1,'2022-08-02 18:57:41','2022-08-02 18:57:41'),
	(733,392,'19',NULL,'Yamanasi',NULL,1,'2022-08-02 18:57:41','2022-08-02 18:57:41'),
	(734,392,'44',NULL,'ita',NULL,1,'2022-08-02 18:57:41','2022-08-02 18:57:41'),
	(735,392,'27',NULL,'saka',NULL,1,'2022-08-02 18:57:41','2022-08-02 18:57:41'),
	(736,404,'200',NULL,'Central',NULL,1,'2022-08-02 18:57:41','2022-08-02 18:57:41'),
	(737,404,'300',NULL,'Coast',NULL,1,'2022-08-02 18:57:41','2022-08-02 18:57:41'),
	(738,404,'400',NULL,'Eastern',NULL,1,'2022-08-02 18:57:41','2022-08-02 18:57:41'),
	(739,404,'110',NULL,'Nairobi',NULL,1,'2022-08-02 18:57:41','2022-08-02 18:57:41'),
	(740,404,'500',NULL,'North-Eastern',NULL,1,'2022-08-02 18:57:41','2022-08-02 18:57:41'),
	(741,404,'600',NULL,'Nyanza',NULL,1,'2022-08-02 18:57:41','2022-08-02 18:57:41'),
	(742,404,'700',NULL,'Rift Valley',NULL,1,'2022-08-02 18:57:41','2022-08-02 18:57:41'),
	(743,404,'800',NULL,'Western',NULL,1,'2022-08-02 18:57:41','2022-08-02 18:57:41'),
	(744,116,'2',NULL,'Baat Dambang',NULL,1,'2022-08-02 18:57:41','2022-08-02 18:57:41'),
	(745,116,'1',NULL,'Banteay Mean Chey',NULL,1,'2022-08-02 18:57:41','2022-08-02 18:57:41'),
	(746,116,'3',NULL,'Kampong Chaam',NULL,1,'2022-08-02 18:57:41','2022-08-02 18:57:41'),
	(747,116,'4',NULL,'Kampong Chhnang',NULL,1,'2022-08-02 18:57:41','2022-08-02 18:57:41'),
	(748,116,'5',NULL,'Kampong Spueu',NULL,1,'2022-08-02 18:57:41','2022-08-02 18:57:41'),
	(749,116,'6',NULL,'Kampong Thum',NULL,1,'2022-08-02 18:57:41','2022-08-02 18:57:41'),
	(750,116,'7',NULL,'Kampot',NULL,1,'2022-08-02 18:57:41','2022-08-02 18:57:41'),
	(751,116,'8',NULL,'Kandaal',NULL,1,'2022-08-02 18:57:41','2022-08-02 18:57:41'),
	(752,116,'9',NULL,'Kaoh Kong',NULL,1,'2022-08-02 18:57:41','2022-08-02 18:57:41'),
	(753,116,'10',NULL,'Kracheh',NULL,1,'2022-08-02 18:57:41','2022-08-02 18:57:41'),
	(754,116,'23',NULL,'Krong Kaeb',NULL,1,'2022-08-02 18:57:41','2022-08-02 18:57:41'),
	(755,116,'24',NULL,'Krong Pailin',NULL,1,'2022-08-02 18:57:41','2022-08-02 18:57:41'),
	(756,116,'18',NULL,'Krong Preah Sihanouk',NULL,1,'2022-08-02 18:57:41','2022-08-02 18:57:41'),
	(757,116,'11',NULL,'Mondol Kiri',NULL,1,'2022-08-02 18:57:41','2022-08-02 18:57:41'),
	(758,116,'22',NULL,'Otdar Mean Chey',NULL,1,'2022-08-02 18:57:41','2022-08-02 18:57:41'),
	(759,116,'12',NULL,'Phnom Penh',NULL,1,'2022-08-02 18:57:41','2022-08-02 18:57:41'),
	(760,116,'15',NULL,'Pousaat',NULL,1,'2022-08-02 18:57:41','2022-08-02 18:57:41'),
	(761,116,'13',NULL,'Preah Vihear',NULL,1,'2022-08-02 18:57:41','2022-08-02 18:57:41'),
	(762,116,'14',NULL,'Prey Veaeng',NULL,1,'2022-08-02 18:57:41','2022-08-02 18:57:41'),
	(763,116,'16',NULL,'Rotanak Kiri',NULL,1,'2022-08-02 18:57:41','2022-08-02 18:57:41'),
	(764,116,'17',NULL,'Siem Reab',NULL,1,'2022-08-02 18:57:41','2022-08-02 18:57:41'),
	(765,116,'19',NULL,'Stueng Traeng',NULL,1,'2022-08-02 18:57:41','2022-08-02 18:57:41'),
	(766,116,'20',NULL,'Svaay Rieng',NULL,1,'2022-08-02 18:57:41','2022-08-02 18:57:41'),
	(767,116,'21',NULL,'Taakaev',NULL,1,'2022-08-02 18:57:41','2022-08-02 18:57:41'),
	(768,116,'25',NULL,'Tbong Khmum',NULL,1,'2022-08-02 18:57:41','2022-08-02 18:57:41'),
	(769,414,'AH',NULL,'Al Amad',NULL,1,'2022-08-02 18:57:41','2022-08-02 18:57:41'),
	(770,414,'FA',NULL,'Al Farwnyah',NULL,1,'2022-08-02 18:57:41','2022-08-02 18:57:41'),
	(771,414,'JA',NULL,'Al Jahr',NULL,1,'2022-08-02 18:57:41','2022-08-02 18:57:41'),
	(772,414,'KU',NULL,'Al Kuwayt (Al imah)',NULL,1,'2022-08-02 18:57:41','2022-08-02 18:57:41'),
	(773,414,'MU',NULL,'Mubrak al Kabr',NULL,1,'2022-08-02 18:57:41','2022-08-02 18:57:41'),
	(774,414,'HA',NULL,'awall',NULL,1,'2022-08-02 18:57:41','2022-08-02 18:57:41'),
	(775,422,'AK',NULL,'Aakkrli',NULL,1,'2022-08-02 18:57:41','2022-08-02 18:57:41'),
	(776,422,'BH',NULL,'Baalbek-Hermel',NULL,1,'2022-08-02 18:57:41','2022-08-02 18:57:41'),
	(777,422,'BA',NULL,'Beyrouth',NULL,1,'2022-08-02 18:57:41','2022-08-02 18:57:41'),
	(778,422,'BI',NULL,'Bqaa',NULL,1,'2022-08-02 18:57:41','2022-08-02 18:57:41'),
	(779,422,'AS',NULL,'Liban-Nordli',NULL,1,'2022-08-02 18:57:41','2022-08-02 18:57:41'),
	(780,422,'JA',NULL,'Liban-Sudbi',NULL,1,'2022-08-02 18:57:41','2022-08-02 18:57:41'),
	(781,422,'JL',NULL,'Mont-Liban',NULL,1,'2022-08-02 18:57:41','2022-08-02 18:57:41'),
	(782,422,'NA',NULL,'Nabaty',NULL,1,'2022-08-02 18:57:41','2022-08-02 18:57:41'),
	(783,144,'52',NULL,'Ampra',NULL,1,'2022-08-02 18:57:41','2022-08-02 18:57:41'),
	(784,144,'71',NULL,'Anurdhapura',NULL,1,'2022-08-02 18:57:41','2022-08-02 18:57:41'),
	(785,144,'81',NULL,'Badulla',NULL,1,'2022-08-02 18:57:41','2022-08-02 18:57:41'),
	(786,144,'1',NULL,'Basnhira pata',NULL,1,'2022-08-02 18:57:41','2022-08-02 18:57:41'),
	(787,144,'3',NULL,'Dakuu pata',NULL,1,'2022-08-02 18:57:41','2022-08-02 18:57:41'),
	(788,144,'12',NULL,'Gampaha',NULL,1,'2022-08-02 18:57:41','2022-08-02 18:57:41'),
	(789,144,'31',NULL,'Glla',NULL,1,'2022-08-02 18:57:41','2022-08-02 18:57:41'),
	(790,144,'33',NULL,'Hambanta',NULL,1,'2022-08-02 18:57:41','2022-08-02 18:57:41'),
	(791,144,'13',NULL,'Kautara',NULL,1,'2022-08-02 18:57:41','2022-08-02 18:57:41'),
	(792,144,'42',NULL,'Kilinchchi',NULL,1,'2022-08-02 18:57:41','2022-08-02 18:57:41'),
	(793,144,'61',NULL,'Kurugala',NULL,1,'2022-08-02 18:57:41','2022-08-02 18:57:41'),
	(794,144,'92',NULL,'Kgalla',NULL,1,'2022-08-02 18:57:41','2022-08-02 18:57:41'),
	(795,144,'11',NULL,'Kamba',NULL,1,'2022-08-02 18:57:41','2022-08-02 18:57:41'),
	(796,144,'2',NULL,'Madhyama pata',NULL,1,'2022-08-02 18:57:41','2022-08-02 18:57:41'),
	(797,144,'21',NULL,'Mahanuvara',NULL,1,'2022-08-02 18:57:41','2022-08-02 18:57:41'),
	(798,144,'43',NULL,'Mannrama',NULL,1,'2022-08-02 18:57:41','2022-08-02 18:57:41'),
	(799,144,'51',NULL,'Maakalapuva',NULL,1,'2022-08-02 18:57:41','2022-08-02 18:57:41'),
	(800,144,'45',NULL,'Mulativ',NULL,1,'2022-08-02 18:57:41','2022-08-02 18:57:41'),
	(801,144,'22',NULL,'Mtale',NULL,1,'2022-08-02 18:57:41','2022-08-02 18:57:41'),
	(802,144,'32',NULL,'Mtara',NULL,1,'2022-08-02 18:57:41','2022-08-02 18:57:41'),
	(803,144,'82',NULL,'Margala',NULL,1,'2022-08-02 18:57:41','2022-08-02 18:57:41'),
	(804,144,'23',NULL,'Nuvara liya',NULL,1,'2022-08-02 18:57:41','2022-08-02 18:57:41'),
	(805,144,'5',NULL,'Ngnahira pata',NULL,1,'2022-08-02 18:57:41','2022-08-02 18:57:41'),
	(806,144,'62',NULL,'Puttalama',NULL,1,'2022-08-02 18:57:41','2022-08-02 18:57:41'),
	(807,144,'72',NULL,'Pnnaruva',NULL,1,'2022-08-02 18:57:41','2022-08-02 18:57:41'),
	(808,144,'91',NULL,'Ratnapura',NULL,1,'2022-08-02 18:57:41','2022-08-02 18:57:41'),
	(809,144,'9',NULL,'Sabaragamuva pata',NULL,1,'2022-08-02 18:57:41','2022-08-02 18:57:41'),
	(810,144,'53',NULL,'Trikumalaya',NULL,1,'2022-08-02 18:57:41','2022-08-02 18:57:41'),
	(811,144,'4',NULL,'Uturu pata',NULL,1,'2022-08-02 18:57:41','2022-08-02 18:57:41'),
	(812,144,'7',NULL,'Uturumda pata',NULL,1,'2022-08-02 18:57:41','2022-08-02 18:57:41'),
	(813,144,'44',NULL,'Vavuniyva',NULL,1,'2022-08-02 18:57:41','2022-08-02 18:57:41'),
	(814,144,'6',NULL,'Vayamba pata',NULL,1,'2022-08-02 18:57:41','2022-08-02 18:57:41'),
	(815,144,'41',NULL,'Ypanaya',NULL,1,'2022-08-02 18:57:41','2022-08-02 18:57:41'),
	(816,144,'8',NULL,'va pata',NULL,1,'2022-08-02 18:57:41','2022-08-02 18:57:41'),
	(817,484,'AG',NULL,'Aguascalientes',NULL,1,'2022-08-02 18:57:41','2022-08-02 18:57:41'),
	(818,484,'BC',NULL,'Baja California',NULL,1,'2022-08-02 18:57:41','2022-08-02 18:57:41'),
	(819,484,'BS',NULL,'Baja California Sur',NULL,1,'2022-08-02 18:57:41','2022-08-02 18:57:41'),
	(820,484,'CM',NULL,'Campeche',NULL,1,'2022-08-02 18:57:41','2022-08-02 18:57:41'),
	(821,484,'CS',NULL,'Chiapas',NULL,1,'2022-08-02 18:57:41','2022-08-02 18:57:41'),
	(822,484,'CH',NULL,'Chihuahua',NULL,1,'2022-08-02 18:57:41','2022-08-02 18:57:41'),
	(823,484,'MX',NULL,'Coahuila',NULL,1,'2022-08-02 18:57:41','2022-08-02 18:57:41'),
	(824,484,'CL',NULL,'Colima',NULL,1,'2022-08-02 18:57:41','2022-08-02 18:57:41'),
	(825,484,'DG',NULL,'Durango',NULL,1,'2022-08-02 18:57:41','2022-08-02 18:57:41'),
	(826,484,'DF',NULL,'Federal District',NULL,1,'2022-08-02 18:57:41','2022-08-02 18:57:41'),
	(827,484,'GT',NULL,'Guanajuato',NULL,1,'2022-08-02 18:57:41','2022-08-02 18:57:41'),
	(828,484,'GR',NULL,'Guerrero',NULL,1,'2022-08-02 18:57:41','2022-08-02 18:57:41'),
	(829,484,'HG',NULL,'Hidalgo',NULL,1,'2022-08-02 18:57:41','2022-08-02 18:57:41'),
	(830,484,'JA',NULL,'Jalisco',NULL,1,'2022-08-02 18:57:41','2022-08-02 18:57:41'),
	(831,484,'ME',NULL,'Mexico',NULL,1,'2022-08-02 18:57:41','2022-08-02 18:57:41'),
	(832,484,'MI',NULL,'Michoacn',NULL,1,'2022-08-02 18:57:41','2022-08-02 18:57:41'),
	(833,484,'MO',NULL,'Morelos',NULL,1,'2022-08-02 18:57:41','2022-08-02 18:57:41'),
	(834,484,'NA',NULL,'Nayarit',NULL,1,'2022-08-02 18:57:41','2022-08-02 18:57:41'),
	(835,484,'NL',NULL,'Nuevo Len',NULL,1,'2022-08-02 18:57:41','2022-08-02 18:57:41'),
	(836,484,'OA',NULL,'Oaxaca',NULL,1,'2022-08-02 18:57:41','2022-08-02 18:57:41'),
	(837,484,'PU',NULL,'Puebla',NULL,1,'2022-08-02 18:57:41','2022-08-02 18:57:41'),
	(838,484,'QE',NULL,'Quertaro',NULL,1,'2022-08-02 18:57:41','2022-08-02 18:57:41'),
	(839,484,'QR',NULL,'Quintana Roo',NULL,1,'2022-08-02 18:57:41','2022-08-02 18:57:41'),
	(840,484,'SL',NULL,'San Luis Potos',NULL,1,'2022-08-02 18:57:41','2022-08-02 18:57:41'),
	(841,484,'SI',NULL,'Sinaloa',NULL,1,'2022-08-02 18:57:41','2022-08-02 18:57:41'),
	(842,484,'SO',NULL,'Sonora',NULL,1,'2022-08-02 18:57:41','2022-08-02 18:57:41'),
	(843,484,'TB',NULL,'Tabasco',NULL,1,'2022-08-02 18:57:41','2022-08-02 18:57:41'),
	(844,484,'TM',NULL,'Tamaulipas',NULL,1,'2022-08-02 18:57:41','2022-08-02 18:57:41'),
	(845,484,'TL',NULL,'Tlaxcala',NULL,1,'2022-08-02 18:57:41','2022-08-02 18:57:41'),
	(846,484,'VE',NULL,'Veracruz',NULL,1,'2022-08-02 18:57:41','2022-08-02 18:57:41'),
	(847,484,'YU',NULL,'Yucatn',NULL,1,'2022-08-02 18:57:41','2022-08-02 18:57:41'),
	(848,484,'ZA',NULL,'Zacatecas',NULL,1,'2022-08-02 18:57:41','2022-08-02 18:57:41'),
	(849,458,'01',NULL,'Johor',NULL,1,'2022-08-02 18:57:41','2022-08-02 18:57:41'),
	(850,458,'02',NULL,'Kedah',NULL,1,'2022-08-02 18:57:41','2022-08-02 18:57:41'),
	(851,458,'03',NULL,'Kelantan',NULL,1,'2022-08-02 18:57:41','2022-08-02 18:57:41'),
	(852,458,'04',NULL,'Melaka',NULL,1,'2022-08-02 18:57:41','2022-08-02 18:57:41'),
	(853,458,'05',NULL,'Negeri Sembilan',NULL,1,'2022-08-02 18:57:41','2022-08-02 18:57:41'),
	(854,458,'06',NULL,'Pahang',NULL,1,'2022-08-02 18:57:41','2022-08-02 18:57:41'),
	(855,458,'08',NULL,'Perak',NULL,1,'2022-08-02 18:57:41','2022-08-02 18:57:41'),
	(856,458,'09',NULL,'Perlis',NULL,1,'2022-08-02 18:57:41','2022-08-02 18:57:41'),
	(857,458,'07',NULL,'Pulau Pinang',NULL,1,'2022-08-02 18:57:41','2022-08-02 18:57:41'),
	(858,458,'12',NULL,'Sabah',NULL,1,'2022-08-02 18:57:41','2022-08-02 18:57:41'),
	(859,458,'13',NULL,'Sarawak',NULL,1,'2022-08-02 18:57:41','2022-08-02 18:57:41'),
	(860,458,'10',NULL,'Selangor',NULL,1,'2022-08-02 18:57:41','2022-08-02 18:57:41'),
	(861,458,'11',NULL,'Terengganu',NULL,1,'2022-08-02 18:57:41','2022-08-02 18:57:41'),
	(862,458,'14',NULL,'Wilayah Persekutuan Kuala Lumpur',NULL,1,'2022-08-02 18:57:41','2022-08-02 18:57:41'),
	(863,458,'15',NULL,'Wilayah Persekutuan Labuan',NULL,1,'2022-08-02 18:57:41','2022-08-02 18:57:41'),
	(864,458,'16',NULL,'Wilayah Persekutuan Putrajaya',NULL,1,'2022-08-02 18:57:41','2022-08-02 18:57:41'),
	(865,562,'1',NULL,'Agadez',NULL,1,'2022-08-02 18:57:41','2022-08-02 18:57:41'),
	(866,562,'2',NULL,'Diffa',NULL,1,'2022-08-02 18:57:41','2022-08-02 18:57:41'),
	(867,562,'3',NULL,'Dosso',NULL,1,'2022-08-02 18:57:41','2022-08-02 18:57:41'),
	(868,562,'4',NULL,'Maradi',NULL,1,'2022-08-02 18:57:41','2022-08-02 18:57:41'),
	(869,562,'8',NULL,'Niamey',NULL,1,'2022-08-02 18:57:41','2022-08-02 18:57:41'),
	(870,562,'5',NULL,'Tahoua',NULL,1,'2022-08-02 18:57:41','2022-08-02 18:57:41'),
	(871,562,'6',NULL,'Tillabri',NULL,1,'2022-08-02 18:57:41','2022-08-02 18:57:41'),
	(872,562,'7',NULL,'Zinder',NULL,1,'2022-08-02 18:57:41','2022-08-02 18:57:41'),
	(873,566,'AB',NULL,'Abia',NULL,1,'2022-08-02 18:57:41','2022-08-02 18:57:41'),
	(874,566,'FC',NULL,'Abuja Capital Territory',NULL,1,'2022-08-02 18:57:41','2022-08-02 18:57:41'),
	(875,566,'AD',NULL,'Adamawa',NULL,1,'2022-08-02 18:57:41','2022-08-02 18:57:41'),
	(876,566,'AK',NULL,'Akwa Ibom',NULL,1,'2022-08-02 18:57:41','2022-08-02 18:57:41'),
	(877,566,'AN',NULL,'Anambra',NULL,1,'2022-08-02 18:57:41','2022-08-02 18:57:41'),
	(878,566,'BA',NULL,'Bauchi',NULL,1,'2022-08-02 18:57:41','2022-08-02 18:57:41'),
	(879,566,'BY',NULL,'Bayelsa',NULL,1,'2022-08-02 18:57:41','2022-08-02 18:57:41'),
	(880,566,'BE',NULL,'Benue',NULL,1,'2022-08-02 18:57:41','2022-08-02 18:57:41'),
	(881,566,'BO',NULL,'Borno',NULL,1,'2022-08-02 18:57:41','2022-08-02 18:57:41'),
	(882,566,'CR',NULL,'Cross River',NULL,1,'2022-08-02 18:57:41','2022-08-02 18:57:41'),
	(883,566,'DE',NULL,'Delta',NULL,1,'2022-08-02 18:57:41','2022-08-02 18:57:41'),
	(884,566,'EB',NULL,'Ebonyi',NULL,1,'2022-08-02 18:57:41','2022-08-02 18:57:41'),
	(885,566,'ED',NULL,'Edo',NULL,1,'2022-08-02 18:57:41','2022-08-02 18:57:41'),
	(886,566,'EK',NULL,'Ekiti',NULL,1,'2022-08-02 18:57:41','2022-08-02 18:57:41'),
	(887,566,'EN',NULL,'Enugu',NULL,1,'2022-08-02 18:57:41','2022-08-02 18:57:41'),
	(888,566,'GO',NULL,'Gombe',NULL,1,'2022-08-02 18:57:41','2022-08-02 18:57:41'),
	(889,566,'IM',NULL,'Imo',NULL,1,'2022-08-02 18:57:41','2022-08-02 18:57:41'),
	(890,566,'JI',NULL,'Jigawa',NULL,1,'2022-08-02 18:57:41','2022-08-02 18:57:41'),
	(891,566,'KD',NULL,'Kaduna',NULL,1,'2022-08-02 18:57:41','2022-08-02 18:57:41'),
	(892,566,'KN',NULL,'Kano',NULL,1,'2022-08-02 18:57:41','2022-08-02 18:57:41'),
	(893,566,'KT',NULL,'Katsina',NULL,1,'2022-08-02 18:57:41','2022-08-02 18:57:41'),
	(894,566,'KE',NULL,'Kebbi',NULL,1,'2022-08-02 18:57:41','2022-08-02 18:57:41'),
	(895,566,'KO',NULL,'Kogi',NULL,1,'2022-08-02 18:57:41','2022-08-02 18:57:41'),
	(896,566,'KW',NULL,'Kwara',NULL,1,'2022-08-02 18:57:41','2022-08-02 18:57:41'),
	(897,566,'LA',NULL,'Lagos',NULL,1,'2022-08-02 18:57:41','2022-08-02 18:57:41'),
	(898,566,'NA',NULL,'Nassarawa',NULL,1,'2022-08-02 18:57:41','2022-08-02 18:57:41'),
	(899,566,'NI',NULL,'Niger',NULL,1,'2022-08-02 18:57:41','2022-08-02 18:57:41'),
	(900,566,'OG',NULL,'Ogun',NULL,1,'2022-08-02 18:57:41','2022-08-02 18:57:41'),
	(901,566,'ON',NULL,'Ondo',NULL,1,'2022-08-02 18:57:41','2022-08-02 18:57:41'),
	(902,566,'OS',NULL,'Osun',NULL,1,'2022-08-02 18:57:41','2022-08-02 18:57:41'),
	(903,566,'OY',NULL,'Oyo',NULL,1,'2022-08-02 18:57:41','2022-08-02 18:57:41'),
	(904,566,'PL',NULL,'Plateau',NULL,1,'2022-08-02 18:57:41','2022-08-02 18:57:41'),
	(905,566,'RI',NULL,'Rivers',NULL,1,'2022-08-02 18:57:41','2022-08-02 18:57:41'),
	(906,566,'SO',NULL,'Sokoto',NULL,1,'2022-08-02 18:57:41','2022-08-02 18:57:41'),
	(907,566,'TA',NULL,'Taraba',NULL,1,'2022-08-02 18:57:41','2022-08-02 18:57:41'),
	(908,566,'YO',NULL,'Yobe',NULL,1,'2022-08-02 18:57:41','2022-08-02 18:57:41'),
	(909,566,'ZA',NULL,'Zamfara',NULL,1,'2022-08-02 18:57:41','2022-08-02 18:57:41'),
	(910,528,'AW',NULL,'Aruba',NULL,1,'2022-08-02 18:57:41','2022-08-02 18:57:41'),
	(911,528,'BQ',NULL,'Bonaire',NULL,1,'2022-08-02 18:57:41','2022-08-02 18:57:41'),
	(912,528,'CW',NULL,'Curaao',NULL,1,'2022-08-02 18:57:41','2022-08-02 18:57:41'),
	(913,528,'DR',NULL,'Drenthe',NULL,1,'2022-08-02 18:57:41','2022-08-02 18:57:41'),
	(914,528,'FL',NULL,'Flevoland',NULL,1,'2022-08-02 18:57:41','2022-08-02 18:57:41'),
	(915,528,'FR',NULL,'Friesland',NULL,1,'2022-08-02 18:57:41','2022-08-02 18:57:41'),
	(916,528,'GD',NULL,'Gelderland',NULL,1,'2022-08-02 18:57:41','2022-08-02 18:57:41'),
	(917,528,'GR',NULL,'Groningen',NULL,1,'2022-08-02 18:57:41','2022-08-02 18:57:41'),
	(918,528,'LB',NULL,'Limburg',NULL,1,'2022-08-02 18:57:41','2022-08-02 18:57:41'),
	(919,528,'NB',NULL,'Noord-Brabant',NULL,1,'2022-08-02 18:57:41','2022-08-02 18:57:41'),
	(920,528,'NH',NULL,'Noord-Holland',NULL,1,'2022-08-02 18:57:41','2022-08-02 18:57:41'),
	(921,528,'OV',NULL,'Overijssel',NULL,1,'2022-08-02 18:57:41','2022-08-02 18:57:41'),
	(922,528,'SX',NULL,'Sint Maarten',NULL,1,'2022-08-02 18:57:41','2022-08-02 18:57:41'),
	(923,528,'UT',NULL,'Utrecht',NULL,1,'2022-08-02 18:57:41','2022-08-02 18:57:41'),
	(924,528,'ZL',NULL,'Zeeland',NULL,1,'2022-08-02 18:57:41','2022-08-02 18:57:41'),
	(925,528,'ZH',NULL,'Zuid-Holland',NULL,1,'2022-08-02 18:57:41','2022-08-02 18:57:41'),
	(926,524,'BA',NULL,'Bagmati',NULL,1,'2022-08-02 18:57:41','2022-08-02 18:57:41'),
	(927,524,'BH',NULL,'Bheri',NULL,1,'2022-08-02 18:57:41','2022-08-02 18:57:41'),
	(928,524,'DH',NULL,'Dhawalagiri',NULL,1,'2022-08-02 18:57:41','2022-08-02 18:57:41'),
	(929,524,'GA',NULL,'Gandaki',NULL,1,'2022-08-02 18:57:41','2022-08-02 18:57:41'),
	(930,524,'JA',NULL,'Janakpur',NULL,1,'2022-08-02 18:57:41','2022-08-02 18:57:41'),
	(931,524,'KA',NULL,'Karnali',NULL,1,'2022-08-02 18:57:41','2022-08-02 18:57:41'),
	(932,524,'KO',NULL,'Kosi [Koshi]',NULL,1,'2022-08-02 18:57:41','2022-08-02 18:57:41'),
	(933,524,'LU',NULL,'Lumbini',NULL,1,'2022-08-02 18:57:41','2022-08-02 18:57:41'),
	(934,524,'2',NULL,'Madhya Pashchimanchal',NULL,1,'2022-08-02 18:57:41','2022-08-02 18:57:41'),
	(935,524,'1',NULL,'Madhyamanchal',NULL,1,'2022-08-02 18:57:41','2022-08-02 18:57:41'),
	(936,524,'MA',NULL,'Mahakali',NULL,1,'2022-08-02 18:57:41','2022-08-02 18:57:41'),
	(937,524,'ME',NULL,'Mechi',NULL,1,'2022-08-02 18:57:41','2022-08-02 18:57:41'),
	(938,524,'NA',NULL,'Narayani',NULL,1,'2022-08-02 18:57:41','2022-08-02 18:57:41'),
	(939,524,'3',NULL,'Pashchimanchal',NULL,1,'2022-08-02 18:57:41','2022-08-02 18:57:41'),
	(940,524,'4',NULL,'Purwanchal',NULL,1,'2022-08-02 18:57:41','2022-08-02 18:57:41'),
	(941,524,'RA',NULL,'Rapti',NULL,1,'2022-08-02 18:57:41','2022-08-02 18:57:41'),
	(942,524,'SA',NULL,'Sagarmatha',NULL,1,'2022-08-02 18:57:41','2022-08-02 18:57:41'),
	(943,524,'SE',NULL,'Seti',NULL,1,'2022-08-02 18:57:41','2022-08-02 18:57:41'),
	(944,524,'5',NULL,'Sudur Pashchimanchal',NULL,1,'2022-08-02 18:57:41','2022-08-02 18:57:41'),
	(945,554,'AUK',NULL,'Auckland',NULL,1,'2022-08-02 18:57:41','2022-08-02 18:57:41'),
	(946,554,'BOP',NULL,'Bay of Plenty',NULL,1,'2022-08-02 18:57:41','2022-08-02 18:57:41'),
	(947,554,'CAN',NULL,'Canterbury',NULL,1,'2022-08-02 18:57:41','2022-08-02 18:57:41'),
	(948,554,'CIT',NULL,'Chatham Islands Territory',NULL,1,'2022-08-02 18:57:41','2022-08-02 18:57:41'),
	(949,554,'GIS',NULL,'Gisborne District',NULL,1,'2022-08-02 18:57:41','2022-08-02 18:57:41'),
	(950,554,'HKB',NULL,'Hawkes\'s Bay',NULL,1,'2022-08-02 18:57:41','2022-08-02 18:57:41'),
	(951,554,'MWT',NULL,'Manawatu-Wanganui',NULL,1,'2022-08-02 18:57:41','2022-08-02 18:57:41'),
	(952,554,'MBH',NULL,'Marlborough District',NULL,1,'2022-08-02 18:57:41','2022-08-02 18:57:41'),
	(953,554,'NSN',NULL,'Nelson City',NULL,1,'2022-08-02 18:57:41','2022-08-02 18:57:41'),
	(954,554,'NTL',NULL,'Northland',NULL,1,'2022-08-02 18:57:41','2022-08-02 18:57:41'),
	(955,554,'OTA',NULL,'Otago',NULL,1,'2022-08-02 18:57:41','2022-08-02 18:57:41'),
	(956,554,'STL',NULL,'Southland',NULL,1,'2022-08-02 18:57:41','2022-08-02 18:57:41'),
	(957,554,'TKI',NULL,'Taranaki',NULL,1,'2022-08-02 18:57:41','2022-08-02 18:57:41'),
	(958,554,'TAS',NULL,'Tasman District',NULL,1,'2022-08-02 18:57:41','2022-08-02 18:57:41'),
	(959,554,'WKO',NULL,'Waikato',NULL,1,'2022-08-02 18:57:41','2022-08-02 18:57:41'),
	(960,554,'WGN',NULL,'Wellington',NULL,1,'2022-08-02 18:57:41','2022-08-02 18:57:41'),
	(961,554,'WTC',NULL,'West Coast',NULL,1,'2022-08-02 18:57:41','2022-08-02 18:57:41'),
	(962,512,'DA',NULL,'Ad Dkhilyah',NULL,1,'2022-08-02 18:57:41','2022-08-02 18:57:41'),
	(963,512,'BU',NULL,'Al Buraym',NULL,1,'2022-08-02 18:57:41','2022-08-02 18:57:41'),
	(964,512,'BA',NULL,'Al Binah',NULL,1,'2022-08-02 18:57:41','2022-08-02 18:57:41'),
	(965,512,'WU',NULL,'Al Wus',NULL,1,'2022-08-02 18:57:41','2022-08-02 18:57:41'),
	(966,512,'SH',NULL,'Ash Sharqyah',NULL,1,'2022-08-02 18:57:41','2022-08-02 18:57:41'),
	(967,512,'ZA',NULL,'A hirah',NULL,1,'2022-08-02 18:57:41','2022-08-02 18:57:41'),
	(968,512,'MA',NULL,'Masqa',NULL,1,'2022-08-02 18:57:41','2022-08-02 18:57:41'),
	(969,512,'MU',NULL,'Musandam',NULL,1,'2022-08-02 18:57:41','2022-08-02 18:57:41'),
	(970,512,'ZU',NULL,'Zufr',NULL,1,'2022-08-02 18:57:41','2022-08-02 18:57:41'),
	(971,604,'AMA',NULL,'Amazonas',NULL,1,'2022-08-02 18:57:41','2022-08-02 18:57:41'),
	(972,604,'ANC',NULL,'Ancash',NULL,1,'2022-08-02 18:57:41','2022-08-02 18:57:41'),
	(973,604,'APU',NULL,'Apurmac',NULL,1,'2022-08-02 18:57:41','2022-08-02 18:57:41'),
	(974,604,'ARE',NULL,'Arequipa',NULL,1,'2022-08-02 18:57:41','2022-08-02 18:57:41'),
	(975,604,'AYA',NULL,'Ayacucho',NULL,1,'2022-08-02 18:57:41','2022-08-02 18:57:41'),
	(976,604,'CAJ',NULL,'Cajamarca',NULL,1,'2022-08-02 18:57:41','2022-08-02 18:57:41'),
	(977,604,'CUS',NULL,'Cusco',NULL,1,'2022-08-02 18:57:41','2022-08-02 18:57:41'),
	(978,604,'CAL',NULL,'El Callao',NULL,1,'2022-08-02 18:57:41','2022-08-02 18:57:41'),
	(979,604,'HUV',NULL,'Huancavelica',NULL,1,'2022-08-02 18:57:41','2022-08-02 18:57:41'),
	(980,604,'HUC',NULL,'Hunuco',NULL,1,'2022-08-02 18:57:41','2022-08-02 18:57:41'),
	(981,604,'ICA',NULL,'Ica',NULL,1,'2022-08-02 18:57:41','2022-08-02 18:57:41'),
	(982,604,'JUN',NULL,'Junn',NULL,1,'2022-08-02 18:57:41','2022-08-02 18:57:41'),
	(983,604,'LAL',NULL,'La Libertad',NULL,1,'2022-08-02 18:57:41','2022-08-02 18:57:41'),
	(984,604,'LAM',NULL,'Lambayeque',NULL,1,'2022-08-02 18:57:41','2022-08-02 18:57:41'),
	(985,604,'LIM',NULL,'Lima',NULL,1,'2022-08-02 18:57:41','2022-08-02 18:57:41'),
	(986,604,'LOR',NULL,'Loreto',NULL,1,'2022-08-02 18:57:41','2022-08-02 18:57:41'),
	(987,604,'MDD',NULL,'Madre de Dios',NULL,1,'2022-08-02 18:57:41','2022-08-02 18:57:41'),
	(988,604,'MOQ',NULL,'Moquegua',NULL,1,'2022-08-02 18:57:41','2022-08-02 18:57:41'),
	(989,604,'LMA',NULL,'Municipalidad Metropolitana de Lima',NULL,1,'2022-08-02 18:57:41','2022-08-02 18:57:41'),
	(990,604,'PAS',NULL,'Pasco',NULL,1,'2022-08-02 18:57:41','2022-08-02 18:57:41'),
	(991,604,'PIU',NULL,'Piura',NULL,1,'2022-08-02 18:57:41','2022-08-02 18:57:41'),
	(992,604,'PUN',NULL,'Puno',NULL,1,'2022-08-02 18:57:41','2022-08-02 18:57:41'),
	(993,604,'SAM',NULL,'San Martn',NULL,1,'2022-08-02 18:57:41','2022-08-02 18:57:41'),
	(994,604,'TAC',NULL,'Tacna',NULL,1,'2022-08-02 18:57:41','2022-08-02 18:57:41'),
	(995,604,'TUM',NULL,'Tumbes',NULL,1,'2022-08-02 18:57:41','2022-08-02 18:57:41'),
	(996,604,'UCA',NULL,'Ucayali',NULL,1,'2022-08-02 18:57:41','2022-08-02 18:57:41'),
	(997,608,'14',NULL,'Autonomous Region in Muslim Mindanao',NULL,1,'2022-08-02 18:57:41','2022-08-02 18:57:41'),
	(998,608,'05',NULL,'Bicol',NULL,1,'2022-08-02 18:57:41','2022-08-02 18:57:41'),
	(999,608,'02',NULL,'Cagayan Valley',NULL,1,'2022-08-02 18:57:41','2022-08-02 18:57:41'),
	(1000,608,'40',NULL,'Calabarzon',NULL,1,'2022-08-02 18:57:41','2022-08-02 18:57:41'),
	(1001,608,'13',NULL,'Caraga',NULL,1,'2022-08-02 18:57:41','2022-08-02 18:57:41'),
	(1002,608,'03',NULL,'Central Luzon',NULL,1,'2022-08-02 18:57:41','2022-08-02 18:57:41'),
	(1003,608,'07',NULL,'Central Visayas',NULL,1,'2022-08-02 18:57:41','2022-08-02 18:57:41'),
	(1004,608,'15',NULL,'Cordillera Administrative Region',NULL,1,'2022-08-02 18:57:41','2022-08-02 18:57:41'),
	(1005,608,'11',NULL,'Davao',NULL,1,'2022-08-02 18:57:41','2022-08-02 18:57:41'),
	(1006,608,'08',NULL,'Eastern Visayas',NULL,1,'2022-08-02 18:57:41','2022-08-02 18:57:41'),
	(1007,608,'01',NULL,'Ilocos',NULL,1,'2022-08-02 18:57:41','2022-08-02 18:57:41'),
	(1008,608,'41',NULL,'Mimaropa',NULL,1,'2022-08-02 18:57:41','2022-08-02 18:57:41'),
	(1009,608,'00',NULL,'National Capital',NULL,1,'2022-08-02 18:57:41','2022-08-02 18:57:41'),
	(1010,608,'10',NULL,'Northern Mindanao',NULL,1,'2022-08-02 18:57:41','2022-08-02 18:57:41'),
	(1011,608,'12',NULL,'Soccsksargen',NULL,1,'2022-08-02 18:57:41','2022-08-02 18:57:41'),
	(1012,608,'06',NULL,'Western Visayas',NULL,1,'2022-08-02 18:57:41','2022-08-02 18:57:41'),
	(1013,608,'09',NULL,'Zamboanga Peninsula',NULL,1,'2022-08-02 18:57:41','2022-08-02 18:57:41'),
	(1014,586,'JK',NULL,'Azad Kashmir',NULL,1,'2022-08-02 18:57:41','2022-08-02 18:57:41'),
	(1015,586,'BA',NULL,'Baluchistan',NULL,1,'2022-08-02 18:57:41','2022-08-02 18:57:41'),
	(1016,586,'TA',NULL,'Federally Administered Tribal Area',NULL,1,'2022-08-02 18:57:41','2022-08-02 18:57:41'),
	(1017,586,'GB',NULL,'Gilgit-Baltistan',NULL,1,'2022-08-02 18:57:41','2022-08-02 18:57:41'),
	(1018,586,'IS',NULL,'Islamabad',NULL,1,'2022-08-02 18:57:41','2022-08-02 18:57:41'),
	(1019,586,'KP',NULL,'Khyber Pakhtunkhwa',NULL,1,'2022-08-02 18:57:41','2022-08-02 18:57:41'),
	(1020,586,'PB',NULL,'Punjab',NULL,1,'2022-08-02 18:57:41','2022-08-02 18:57:41'),
	(1021,586,'SD',NULL,'Sind',NULL,1,'2022-08-02 18:57:41','2022-08-02 18:57:41'),
	(1022,634,'DA',NULL,'Ad Dawah',NULL,1,'2022-08-02 18:57:41','2022-08-02 18:57:41'),
	(1023,634,'KH',NULL,'Al Khawr wa adh Dhakhrah',NULL,1,'2022-08-02 18:57:41','2022-08-02 18:57:41'),
	(1024,634,'WA',NULL,'Al Wakrah',NULL,1,'2022-08-02 18:57:41','2022-08-02 18:57:41'),
	(1025,634,'RA',NULL,'Ar Rayyn',NULL,1,'2022-08-02 18:57:41','2022-08-02 18:57:41'),
	(1026,634,'MS',NULL,'Ash Shaml',NULL,1,'2022-08-02 18:57:41','2022-08-02 18:57:41'),
	(1027,634,'ZA',NULL,'Az Zayin',NULL,1,'2022-08-02 18:57:41','2022-08-02 18:57:41'),
	(1028,634,'US',NULL,'Umm all',NULL,1,'2022-08-02 18:57:41','2022-08-02 18:57:41'),
	(1029,643,'ALT',NULL,'Altayskiy kray',NULL,1,'2022-08-02 18:57:41','2022-08-02 18:57:41'),
	(1030,643,'AMU',NULL,'Amurskaya oblast\'',NULL,1,'2022-08-02 18:57:41','2022-08-02 18:57:41'),
	(1031,643,'ARK',NULL,'Arkhangel\'skaya oblast',NULL,1,'2022-08-02 18:57:41','2022-08-02 18:57:41'),
	(1032,643,'AST',NULL,'Astrakhanskaya oblast\'',NULL,1,'2022-08-02 18:57:41','2022-08-02 18:57:41'),
	(1033,643,'BEL',NULL,'Belgorodskaya oblast\'',NULL,1,'2022-08-02 18:57:41','2022-08-02 18:57:41'),
	(1034,643,'BRY',NULL,'Bryanskaya oblast\'',NULL,1,'2022-08-02 18:57:41','2022-08-02 18:57:41'),
	(1035,643,'CHE',NULL,'Chelyabinskaya oblast\'',NULL,1,'2022-08-02 18:57:41','2022-08-02 18:57:41'),
	(1036,643,'CHU',NULL,'Chukotskiy avtonomnyy okrug',NULL,1,'2022-08-02 18:57:41','2022-08-02 18:57:41'),
	(1037,643,'IRK',NULL,'Irkutskaya oblast\'',NULL,1,'2022-08-02 18:57:41','2022-08-02 18:57:41'),
	(1038,643,'IVA',NULL,'Ivanovskaya oblast\'',NULL,1,'2022-08-02 18:57:41','2022-08-02 18:57:41'),
	(1039,643,'KGD',NULL,'Kaliningradskaya oblast',NULL,1,'2022-08-02 18:57:41','2022-08-02 18:57:41'),
	(1040,643,'KLU',NULL,'Kaluzhskaya oblast\'',NULL,1,'2022-08-02 18:57:41','2022-08-02 18:57:41'),
	(1041,643,'KAM',NULL,'Kamchatskiy kray',NULL,1,'2022-08-02 18:57:41','2022-08-02 18:57:41'),
	(1042,643,'KEM',NULL,'Kemerovskaya oblast\'',NULL,1,'2022-08-02 18:57:41','2022-08-02 18:57:41'),
	(1043,643,'KHA',NULL,'Khabarovskiy kray',NULL,1,'2022-08-02 18:57:41','2022-08-02 18:57:41'),
	(1044,643,'KHM',NULL,'Khanty-Mansiyskiy avtonomnyy okrug-Yugra',NULL,1,'2022-08-02 18:57:41','2022-08-02 18:57:41'),
	(1045,643,'KIR',NULL,'Kirovskaya oblast\'',NULL,1,'2022-08-02 18:57:41','2022-08-02 18:57:41'),
	(1046,643,'KOS',NULL,'Kostromskaya oblast\'',NULL,1,'2022-08-02 18:57:41','2022-08-02 18:57:41'),
	(1047,643,'KDA',NULL,'Krasnodarskiy kray',NULL,1,'2022-08-02 18:57:41','2022-08-02 18:57:41'),
	(1048,643,'KYA',NULL,'Krasnoyarskiy kray',NULL,1,'2022-08-02 18:57:41','2022-08-02 18:57:41'),
	(1049,643,'KGN',NULL,'Kurganskaya oblast\'',NULL,1,'2022-08-02 18:57:41','2022-08-02 18:57:41'),
	(1050,643,'KRS',NULL,'Kurskaya oblast\'',NULL,1,'2022-08-02 18:57:41','2022-08-02 18:57:41'),
	(1051,643,'LEN',NULL,'Leningradskaya oblast\'',NULL,1,'2022-08-02 18:57:41','2022-08-02 18:57:41'),
	(1052,643,'LIP',NULL,'Lipetskaya oblast\'',NULL,1,'2022-08-02 18:57:41','2022-08-02 18:57:41'),
	(1053,643,'MAG',NULL,'Magadanskaya oblast\'',NULL,1,'2022-08-02 18:57:41','2022-08-02 18:57:41'),
	(1054,643,'MOS',NULL,'Moskovskaya oblast\'',NULL,1,'2022-08-02 18:57:41','2022-08-02 18:57:41'),
	(1055,643,'MOW',NULL,'Moskva',NULL,1,'2022-08-02 18:57:41','2022-08-02 18:57:41'),
	(1056,643,'MUR',NULL,'Murmanskaya oblast\'',NULL,1,'2022-08-02 18:57:41','2022-08-02 18:57:41'),
	(1057,643,'NEN',NULL,'Nenetskiy avtonomnyy okrug',NULL,1,'2022-08-02 18:57:41','2022-08-02 18:57:41'),
	(1058,643,'NIZ',NULL,'Nizbegorodskaya oblast',NULL,1,'2022-08-02 18:57:41','2022-08-02 18:57:41'),
	(1059,643,'NGR',NULL,'Novgorodskaya oblast\'',NULL,1,'2022-08-02 18:57:41','2022-08-02 18:57:41'),
	(1060,643,'NVS',NULL,'Novosibirskaya oblast\'',NULL,1,'2022-08-02 18:57:41','2022-08-02 18:57:41'),
	(1061,643,'OMS',NULL,'Omskaya oblast\'',NULL,1,'2022-08-02 18:57:41','2022-08-02 18:57:41'),
	(1062,643,'ORE',NULL,'Orenburgskaya oblast\'',NULL,1,'2022-08-02 18:57:41','2022-08-02 18:57:41'),
	(1063,643,'ORL',NULL,'Orlovskaya oblast\'',NULL,1,'2022-08-02 18:57:41','2022-08-02 18:57:41'),
	(1064,643,'PNZ',NULL,'Penzenskaya oblast\'',NULL,1,'2022-08-02 18:57:41','2022-08-02 18:57:41'),
	(1065,643,'PER',NULL,'Permskiy kray',NULL,1,'2022-08-02 18:57:41','2022-08-02 18:57:41'),
	(1066,643,'PRI',NULL,'Primorskiy kray',NULL,1,'2022-08-02 18:57:41','2022-08-02 18:57:41'),
	(1067,643,'PSK',NULL,'Pskovskaya oblast\'',NULL,1,'2022-08-02 18:57:41','2022-08-02 18:57:41'),
	(1068,643,'ROS',NULL,'Rostovskaya oblast\'',NULL,1,'2022-08-02 18:57:41','2022-08-02 18:57:41'),
	(1069,643,'RYA',NULL,'Ryazanskaya oblast\'',NULL,1,'2022-08-02 18:57:41','2022-08-02 18:57:41'),
	(1070,643,'SAK',NULL,'Sakhalinskaya oblast\'',NULL,1,'2022-08-02 18:57:41','2022-08-02 18:57:41'),
	(1071,643,'SAM',NULL,'Samarskaya oblast\'',NULL,1,'2022-08-02 18:57:41','2022-08-02 18:57:41'),
	(1072,643,'SPE',NULL,'Sankt-Peterburg',NULL,1,'2022-08-02 18:57:41','2022-08-02 18:57:41'),
	(1073,643,'SAR',NULL,'Saratovskaya oblast\'',NULL,1,'2022-08-02 18:57:41','2022-08-02 18:57:41'),
	(1074,643,'SMO',NULL,'Smolenskaya oblast\'',NULL,1,'2022-08-02 18:57:41','2022-08-02 18:57:41'),
	(1075,643,'STA',NULL,'Stavropol\'skiy kray',NULL,1,'2022-08-02 18:57:41','2022-08-02 18:57:41'),
	(1076,643,'SVE',NULL,'Sverdlovskaya oblast\'',NULL,1,'2022-08-02 18:57:41','2022-08-02 18:57:41'),
	(1077,643,'TAM',NULL,'Tambovskaya oblast\'',NULL,1,'2022-08-02 18:57:41','2022-08-02 18:57:41'),
	(1078,643,'TOM',NULL,'Tomskaya oblast\'',NULL,1,'2022-08-02 18:57:41','2022-08-02 18:57:41'),
	(1079,643,'TUL',NULL,'Tul\'skaya oblast\'',NULL,1,'2022-08-02 18:57:41','2022-08-02 18:57:41'),
	(1080,643,'TVE',NULL,'Tverskaya oblast\'',NULL,1,'2022-08-02 18:57:41','2022-08-02 18:57:41'),
	(1081,643,'TYU',NULL,'Tyumenskaya oblast\'',NULL,1,'2022-08-02 18:57:41','2022-08-02 18:57:41'),
	(1082,643,'ULY',NULL,'Ul\'yanovskaya oblast\'',NULL,1,'2022-08-02 18:57:41','2022-08-02 18:57:41'),
	(1083,643,'VLA',NULL,'Vladimirskaya oblast\'',NULL,1,'2022-08-02 18:57:41','2022-08-02 18:57:41'),
	(1084,643,'VGG',NULL,'Volgogradskaya oblast\'',NULL,1,'2022-08-02 18:57:41','2022-08-02 18:57:41'),
	(1085,643,'VLG',NULL,'Vologodskaya oblast\'',NULL,1,'2022-08-02 18:57:41','2022-08-02 18:57:41'),
	(1086,643,'VOR',NULL,'Voronezhskaya oblast\'',NULL,1,'2022-08-02 18:57:41','2022-08-02 18:57:41'),
	(1087,643,'YAN',NULL,'Yamalo-Nenetskiy avtonomnyy okrug',NULL,1,'2022-08-02 18:57:41','2022-08-02 18:57:41'),
	(1088,643,'YAR',NULL,'Yaroslavskaya oblast\'',NULL,1,'2022-08-02 18:57:41','2022-08-02 18:57:41'),
	(1089,643,'YEV',NULL,'Yevreyskaya avtonomnaya oblast\'ug',NULL,1,'2022-08-02 18:57:41','2022-08-02 18:57:41'),
	(1090,643,'ZAB',NULL,'Zabaykal\'skiy kray',NULL,1,'2022-08-02 18:57:41','2022-08-02 18:57:41'),
	(1091,682,'12',NULL,'AI Jawf',NULL,1,'2022-08-02 18:57:41','2022-08-02 18:57:41'),
	(1092,682,'11',NULL,'Al Bah',NULL,1,'2022-08-02 18:57:41','2022-08-02 18:57:41'),
	(1093,682,'3',NULL,'Al Madnah',NULL,1,'2022-08-02 18:57:41','2022-08-02 18:57:41'),
	(1094,682,'5',NULL,'Al Qam',NULL,1,'2022-08-02 18:57:41','2022-08-02 18:57:41'),
	(1095,682,'8',NULL,'Al udd ash Shamlyah',NULL,1,'2022-08-02 18:57:41','2022-08-02 18:57:41'),
	(1096,682,'1',NULL,'Ar Riy',NULL,1,'2022-08-02 18:57:41','2022-08-02 18:57:41'),
	(1097,682,'4',NULL,'Ash Sharqyah',NULL,1,'2022-08-02 18:57:41','2022-08-02 18:57:41'),
	(1098,682,'14',NULL,'Asr',NULL,1,'2022-08-02 18:57:41','2022-08-02 18:57:41'),
	(1099,682,'9',NULL,'Jzn',NULL,1,'2022-08-02 18:57:41','2022-08-02 18:57:41'),
	(1100,682,'2',NULL,'Makkah',NULL,1,'2022-08-02 18:57:41','2022-08-02 18:57:41'),
	(1101,682,'10',NULL,'Najrn',NULL,1,'2022-08-02 18:57:41','2022-08-02 18:57:41'),
	(1102,682,'7',NULL,'Tabk',NULL,1,'2022-08-02 18:57:41','2022-08-02 18:57:41'),
	(1103,682,'6',NULL,'\'il',NULL,1,'2022-08-02 18:57:41','2022-08-02 18:57:41'),
	(1104,690,'02',NULL,'Anse Boileau',NULL,1,'2022-08-02 18:57:41','2022-08-02 18:57:41'),
	(1105,690,'05',NULL,'Anse Royale',NULL,1,'2022-08-02 18:57:41','2022-08-02 18:57:41'),
	(1106,690,'01',NULL,'Anse aux Pins',NULL,1,'2022-08-02 18:57:41','2022-08-02 18:57:41'),
	(1107,690,'03',NULL,'Anse toile',NULL,1,'2022-08-02 18:57:41','2022-08-02 18:57:41'),
	(1108,690,'04',NULL,'Au Cap',NULL,1,'2022-08-02 18:57:41','2022-08-02 18:57:41'),
	(1109,690,'06',NULL,'Baie Lazare',NULL,1,'2022-08-02 18:57:41','2022-08-02 18:57:41'),
	(1110,690,'07',NULL,'Baie Sainte-Anne',NULL,1,'2022-08-02 18:57:41','2022-08-02 18:57:41'),
	(1111,690,'08',NULL,'Beau Vallon',NULL,1,'2022-08-02 18:57:41','2022-08-02 18:57:41'),
	(1112,690,'09',NULL,'Bel Air',NULL,1,'2022-08-02 18:57:41','2022-08-02 18:57:41'),
	(1113,690,'10',NULL,'Bel Ombre',NULL,1,'2022-08-02 18:57:41','2022-08-02 18:57:41'),
	(1114,690,'11',NULL,'Cascade',NULL,1,'2022-08-02 18:57:41','2022-08-02 18:57:41'),
	(1115,690,'12',NULL,'Glacis',NULL,1,'2022-08-02 18:57:41','2022-08-02 18:57:41'),
	(1116,690,'13',NULL,'Grand\' Anse Mah',NULL,1,'2022-08-02 18:57:41','2022-08-02 18:57:41'),
	(1117,690,'14',NULL,'Grand\' Anse Praslin',NULL,1,'2022-08-02 18:57:41','2022-08-02 18:57:41'),
	(1118,690,'15',NULL,'La Digue',NULL,1,'2022-08-02 18:57:41','2022-08-02 18:57:41'),
	(1119,690,'16',NULL,'La Rivire Anglaise',NULL,1,'2022-08-02 18:57:41','2022-08-02 18:57:41'),
	(1120,690,'24',NULL,'Les Mamelles',NULL,1,'2022-08-02 18:57:41','2022-08-02 18:57:41'),
	(1121,690,'17',NULL,'Mont Buxton',NULL,1,'2022-08-02 18:57:41','2022-08-02 18:57:41'),
	(1122,690,'18',NULL,'Mont Fleuri',NULL,1,'2022-08-02 18:57:41','2022-08-02 18:57:41'),
	(1123,690,'19',NULL,'Plaisance',NULL,1,'2022-08-02 18:57:41','2022-08-02 18:57:41'),
	(1124,690,'20',NULL,'Pointe La Rue',NULL,1,'2022-08-02 18:57:41','2022-08-02 18:57:41'),
	(1125,690,'21',NULL,'Port Glaud',NULL,1,'2022-08-02 18:57:41','2022-08-02 18:57:41'),
	(1126,690,'25',NULL,'Roche Caman',NULL,1,'2022-08-02 18:57:41','2022-08-02 18:57:41'),
	(1127,690,'22',NULL,'Saint Louis',NULL,1,'2022-08-02 18:57:41','2022-08-02 18:57:41'),
	(1128,690,'23',NULL,'Takamaka',NULL,1,'2022-08-02 18:57:41','2022-08-02 18:57:41'),
	(1129,702,'01',NULL,'Central Singapore',NULL,1,'2022-08-02 18:57:41','2022-08-02 18:57:41'),
	(1130,702,'02',NULL,'North East',NULL,1,'2022-08-02 18:57:41','2022-08-02 18:57:41'),
	(1131,702,'03',NULL,'North West',NULL,1,'2022-08-02 18:57:41','2022-08-02 18:57:41'),
	(1132,702,'04',NULL,'South East',NULL,1,'2022-08-02 18:57:41','2022-08-02 18:57:41'),
	(1133,702,'05',NULL,'South West',NULL,1,'2022-08-02 18:57:41','2022-08-02 18:57:41'),
	(1134,764,'37',NULL,'Amnat Charoen',NULL,1,'2022-08-02 18:57:41','2022-08-02 18:57:41'),
	(1135,764,'15',NULL,'Ang Thong',NULL,1,'2022-08-02 18:57:41','2022-08-02 18:57:41'),
	(1136,764,'38',NULL,'Bueng Kan',NULL,1,'2022-08-02 18:57:41','2022-08-02 18:57:41'),
	(1137,764,'31',NULL,'Buri Ram',NULL,1,'2022-08-02 18:57:41','2022-08-02 18:57:41'),
	(1138,764,'24',NULL,'Chachoengsao',NULL,1,'2022-08-02 18:57:41','2022-08-02 18:57:41'),
	(1139,764,'18',NULL,'Chai Nat',NULL,1,'2022-08-02 18:57:41','2022-08-02 18:57:41'),
	(1140,764,'36',NULL,'Chaiyaphum',NULL,1,'2022-08-02 18:57:41','2022-08-02 18:57:41'),
	(1141,764,'22',NULL,'Chanthaburi',NULL,1,'2022-08-02 18:57:41','2022-08-02 18:57:41'),
	(1142,764,'50',NULL,'Chiang Mai',NULL,1,'2022-08-02 18:57:41','2022-08-02 18:57:41'),
	(1143,764,'57',NULL,'Chiang Rai',NULL,1,'2022-08-02 18:57:41','2022-08-02 18:57:41'),
	(1144,764,'20',NULL,'Chon Buri',NULL,1,'2022-08-02 18:57:41','2022-08-02 18:57:41'),
	(1145,764,'86',NULL,'Chumphon',NULL,1,'2022-08-02 18:57:41','2022-08-02 18:57:41'),
	(1146,764,'46',NULL,'Kalasin',NULL,1,'2022-08-02 18:57:41','2022-08-02 18:57:41'),
	(1147,764,'62',NULL,'Kamphaeng Phet',NULL,1,'2022-08-02 18:57:41','2022-08-02 18:57:41'),
	(1148,764,'71',NULL,'Kanchanaburi',NULL,1,'2022-08-02 18:57:41','2022-08-02 18:57:41'),
	(1149,764,'40',NULL,'Khon Kaen',NULL,1,'2022-08-02 18:57:41','2022-08-02 18:57:41'),
	(1150,764,'81',NULL,'Krabi',NULL,1,'2022-08-02 18:57:41','2022-08-02 18:57:41'),
	(1151,764,'52',NULL,'Lampang',NULL,1,'2022-08-02 18:57:41','2022-08-02 18:57:41'),
	(1152,764,'51',NULL,'Lamphun',NULL,1,'2022-08-02 18:57:41','2022-08-02 18:57:41'),
	(1153,764,'42',NULL,'Loei',NULL,1,'2022-08-02 18:57:41','2022-08-02 18:57:41'),
	(1154,764,'16',NULL,'Lop Buri',NULL,1,'2022-08-02 18:57:41','2022-08-02 18:57:41'),
	(1155,764,'58',NULL,'Mae Hong Son',NULL,1,'2022-08-02 18:57:41','2022-08-02 18:57:41'),
	(1156,764,'44',NULL,'Maha Sarakham',NULL,1,'2022-08-02 18:57:41','2022-08-02 18:57:41'),
	(1157,764,'49',NULL,'Mukdahan',NULL,1,'2022-08-02 18:57:41','2022-08-02 18:57:41'),
	(1158,764,'26',NULL,'Nakhon Nayok',NULL,1,'2022-08-02 18:57:41','2022-08-02 18:57:41'),
	(1159,764,'73',NULL,'Nakhon Pathom',NULL,1,'2022-08-02 18:57:41','2022-08-02 18:57:41'),
	(1160,764,'48',NULL,'Nakhon Phanom',NULL,1,'2022-08-02 18:57:41','2022-08-02 18:57:41'),
	(1161,764,'30',NULL,'Nakhon Ratchasima',NULL,1,'2022-08-02 18:57:41','2022-08-02 18:57:41'),
	(1162,764,'60',NULL,'Nakhon Sawan',NULL,1,'2022-08-02 18:57:41','2022-08-02 18:57:41'),
	(1163,764,'80',NULL,'Nakhon Si Thammarat',NULL,1,'2022-08-02 18:57:41','2022-08-02 18:57:41'),
	(1164,764,'55',NULL,'Nan',NULL,1,'2022-08-02 18:57:41','2022-08-02 18:57:41'),
	(1165,764,'96',NULL,'Narathiwat',NULL,1,'2022-08-02 18:57:41','2022-08-02 18:57:41'),
	(1166,764,'39',NULL,'Nong Bua Lam Phu',NULL,1,'2022-08-02 18:57:41','2022-08-02 18:57:41'),
	(1167,764,'43',NULL,'Nong Khai',NULL,1,'2022-08-02 18:57:41','2022-08-02 18:57:41'),
	(1168,764,'12',NULL,'Nonthaburi',NULL,1,'2022-08-02 18:57:41','2022-08-02 18:57:41'),
	(1169,764,'13',NULL,'Pathum Thani',NULL,1,'2022-08-02 18:57:41','2022-08-02 18:57:41'),
	(1170,764,'94',NULL,'Pattani',NULL,1,'2022-08-02 18:57:41','2022-08-02 18:57:41'),
	(1171,764,'82',NULL,'Phangnga',NULL,1,'2022-08-02 18:57:41','2022-08-02 18:57:41'),
	(1172,764,'93',NULL,'Phatthalung',NULL,1,'2022-08-02 18:57:41','2022-08-02 18:57:41'),
	(1173,764,'56',NULL,'Phayao',NULL,1,'2022-08-02 18:57:41','2022-08-02 18:57:41'),
	(1174,764,'67',NULL,'Phetchabun',NULL,1,'2022-08-02 18:57:41','2022-08-02 18:57:41'),
	(1175,764,'76',NULL,'Phetchaburi',NULL,1,'2022-08-02 18:57:41','2022-08-02 18:57:41'),
	(1176,764,'66',NULL,'Phichit',NULL,1,'2022-08-02 18:57:41','2022-08-02 18:57:41'),
	(1177,764,'65',NULL,'Phitsanulok',NULL,1,'2022-08-02 18:57:41','2022-08-02 18:57:41'),
	(1178,764,'14',NULL,'Phra Nakhon Si Ayutthaya',NULL,1,'2022-08-02 18:57:41','2022-08-02 18:57:41'),
	(1179,764,'54',NULL,'Phrae',NULL,1,'2022-08-02 18:57:41','2022-08-02 18:57:41'),
	(1180,764,'83',NULL,'Phuket',NULL,1,'2022-08-02 18:57:41','2022-08-02 18:57:41'),
	(1181,764,'25',NULL,'Prachin Buri',NULL,1,'2022-08-02 18:57:41','2022-08-02 18:57:41'),
	(1182,764,'77',NULL,'Prachuap Khiri Khan',NULL,1,'2022-08-02 18:57:41','2022-08-02 18:57:41'),
	(1183,764,'85',NULL,'Ranong',NULL,1,'2022-08-02 18:57:41','2022-08-02 18:57:41'),
	(1184,764,'70',NULL,'Ratchaburi',NULL,1,'2022-08-02 18:57:41','2022-08-02 18:57:41'),
	(1185,764,'21',NULL,'Rayong',NULL,1,'2022-08-02 18:57:41','2022-08-02 18:57:41'),
	(1186,764,'45',NULL,'Roi Et',NULL,1,'2022-08-02 18:57:41','2022-08-02 18:57:41'),
	(1187,764,'27',NULL,'Sa Kaeo',NULL,1,'2022-08-02 18:57:41','2022-08-02 18:57:41'),
	(1188,764,'47',NULL,'Sakon Nakhon',NULL,1,'2022-08-02 18:57:41','2022-08-02 18:57:41'),
	(1189,764,'11',NULL,'Samut Prakan',NULL,1,'2022-08-02 18:57:41','2022-08-02 18:57:41'),
	(1190,764,'74',NULL,'Samut Sakhon',NULL,1,'2022-08-02 18:57:41','2022-08-02 18:57:41'),
	(1191,764,'75',NULL,'Samut Songkhram',NULL,1,'2022-08-02 18:57:41','2022-08-02 18:57:41'),
	(1192,764,'19',NULL,'Saraburi',NULL,1,'2022-08-02 18:57:41','2022-08-02 18:57:41'),
	(1193,764,'91',NULL,'Satun',NULL,1,'2022-08-02 18:57:41','2022-08-02 18:57:41'),
	(1194,764,'33',NULL,'Si Sa Ket',NULL,1,'2022-08-02 18:57:41','2022-08-02 18:57:41'),
	(1195,764,'17',NULL,'Sing Buri',NULL,1,'2022-08-02 18:57:41','2022-08-02 18:57:41'),
	(1196,764,'90',NULL,'Songkhla',NULL,1,'2022-08-02 18:57:41','2022-08-02 18:57:41'),
	(1197,764,'64',NULL,'Sukhothai',NULL,1,'2022-08-02 18:57:41','2022-08-02 18:57:41'),
	(1198,764,'72',NULL,'Suphan Buri',NULL,1,'2022-08-02 18:57:41','2022-08-02 18:57:41'),
	(1199,764,'84',NULL,'Surat Thani',NULL,1,'2022-08-02 18:57:41','2022-08-02 18:57:41'),
	(1200,764,'32',NULL,'Surin',NULL,1,'2022-08-02 18:57:41','2022-08-02 18:57:41'),
	(1201,764,'63',NULL,'Tak',NULL,1,'2022-08-02 18:57:41','2022-08-02 18:57:41'),
	(1202,764,'92',NULL,'Trang',NULL,1,'2022-08-02 18:57:41','2022-08-02 18:57:41'),
	(1203,764,'23',NULL,'Trat',NULL,1,'2022-08-02 18:57:41','2022-08-02 18:57:41'),
	(1204,764,'34',NULL,'Ubon Ratchathani',NULL,1,'2022-08-02 18:57:41','2022-08-02 18:57:41'),
	(1205,764,'41',NULL,'Udon Thani',NULL,1,'2022-08-02 18:57:41','2022-08-02 18:57:41'),
	(1206,764,'61',NULL,'Uthai Thani',NULL,1,'2022-08-02 18:57:41','2022-08-02 18:57:41'),
	(1207,764,'53',NULL,'Uttaradit',NULL,1,'2022-08-02 18:57:41','2022-08-02 18:57:41'),
	(1208,764,'95',NULL,'Yala',NULL,1,'2022-08-02 18:57:41','2022-08-02 18:57:41'),
	(1209,764,'35',NULL,'Yasothon',NULL,1,'2022-08-02 18:57:41','2022-08-02 18:57:41'),
	(1210,792,'1',NULL,'Adana',NULL,1,'2022-08-02 18:57:41','2022-08-02 18:57:41'),
	(1211,792,'2',NULL,'Adiyaman',NULL,1,'2022-08-02 18:57:41','2022-08-02 18:57:41'),
	(1212,792,'3',NULL,'Afyon',NULL,1,'2022-08-02 18:57:41','2022-08-02 18:57:41'),
	(1213,792,'68',NULL,'Aksaray',NULL,1,'2022-08-02 18:57:41','2022-08-02 18:57:41'),
	(1214,792,'5',NULL,'Amasya',NULL,1,'2022-08-02 18:57:41','2022-08-02 18:57:41'),
	(1215,792,'6',NULL,'Ankara',NULL,1,'2022-08-02 18:57:41','2022-08-02 18:57:41'),
	(1216,792,'7',NULL,'Antalya',NULL,1,'2022-08-02 18:57:41','2022-08-02 18:57:41'),
	(1217,792,'75',NULL,'Ardahan',NULL,1,'2022-08-02 18:57:41','2022-08-02 18:57:41'),
	(1218,792,'8',NULL,'Artvin',NULL,1,'2022-08-02 18:57:41','2022-08-02 18:57:41'),
	(1219,792,'9',NULL,'Aydin',NULL,1,'2022-08-02 18:57:41','2022-08-02 18:57:41'),
	(1220,792,'4',NULL,'Ar',NULL,1,'2022-08-02 18:57:41','2022-08-02 18:57:41'),
	(1221,792,'10',NULL,'Balikesir',NULL,1,'2022-08-02 18:57:41','2022-08-02 18:57:41'),
	(1222,792,'74',NULL,'Bartin',NULL,1,'2022-08-02 18:57:41','2022-08-02 18:57:41'),
	(1223,792,'72',NULL,'Batman',NULL,1,'2022-08-02 18:57:41','2022-08-02 18:57:41'),
	(1224,792,'69',NULL,'Bayburt',NULL,1,'2022-08-02 18:57:41','2022-08-02 18:57:41'),
	(1225,792,'11',NULL,'Bilecik',NULL,1,'2022-08-02 18:57:41','2022-08-02 18:57:41'),
	(1226,792,'12',NULL,'Bingl',NULL,1,'2022-08-02 18:57:41','2022-08-02 18:57:41'),
	(1227,792,'13',NULL,'Bitlis',NULL,1,'2022-08-02 18:57:41','2022-08-02 18:57:41'),
	(1228,792,'14',NULL,'Bolu',NULL,1,'2022-08-02 18:57:41','2022-08-02 18:57:41'),
	(1229,792,'15',NULL,'Burdur',NULL,1,'2022-08-02 18:57:41','2022-08-02 18:57:41'),
	(1230,792,'16',NULL,'Bursa',NULL,1,'2022-08-02 18:57:41','2022-08-02 18:57:41'),
	(1231,792,'20',NULL,'Denizli',NULL,1,'2022-08-02 18:57:41','2022-08-02 18:57:41'),
	(1232,792,'21',NULL,'Diyarbakir',NULL,1,'2022-08-02 18:57:41','2022-08-02 18:57:41'),
	(1233,792,'81',NULL,'Dzce',NULL,1,'2022-08-02 18:57:41','2022-08-02 18:57:41'),
	(1234,792,'22',NULL,'Edirne',NULL,1,'2022-08-02 18:57:41','2022-08-02 18:57:41'),
	(1235,792,'23',NULL,'Elaz',NULL,1,'2022-08-02 18:57:41','2022-08-02 18:57:41'),
	(1236,792,'24',NULL,'Erzincan',NULL,1,'2022-08-02 18:57:41','2022-08-02 18:57:41'),
	(1237,792,'25',NULL,'Erzurum',NULL,1,'2022-08-02 18:57:41','2022-08-02 18:57:41'),
	(1238,792,'26',NULL,'Eskiehir',NULL,1,'2022-08-02 18:57:41','2022-08-02 18:57:41'),
	(1239,792,'27',NULL,'Gaziantep',NULL,1,'2022-08-02 18:57:41','2022-08-02 18:57:41'),
	(1240,792,'28',NULL,'Giresun',NULL,1,'2022-08-02 18:57:41','2022-08-02 18:57:41'),
	(1241,792,'29',NULL,'Gmhane',NULL,1,'2022-08-02 18:57:41','2022-08-02 18:57:41'),
	(1242,792,'30',NULL,'Hakkri',NULL,1,'2022-08-02 18:57:41','2022-08-02 18:57:41'),
	(1243,792,'31',NULL,'Hatay',NULL,1,'2022-08-02 18:57:41','2022-08-02 18:57:41'),
	(1244,792,'33',NULL,'Icel',NULL,1,'2022-08-02 18:57:41','2022-08-02 18:57:41'),
	(1245,792,'32',NULL,'Isparta',NULL,1,'2022-08-02 18:57:41','2022-08-02 18:57:41'),
	(1246,792,'34',NULL,'Istanbul',NULL,1,'2022-08-02 18:57:41','2022-08-02 18:57:41'),
	(1247,792,'35',NULL,'Izmir',NULL,1,'2022-08-02 18:57:41','2022-08-02 18:57:41'),
	(1248,792,'76',NULL,'Idr',NULL,1,'2022-08-02 18:57:41','2022-08-02 18:57:41'),
	(1249,792,'46',NULL,'Kahramanmara',NULL,1,'2022-08-02 18:57:41','2022-08-02 18:57:41'),
	(1250,792,'78',NULL,'Karabk',NULL,1,'2022-08-02 18:57:41','2022-08-02 18:57:41'),
	(1251,792,'70',NULL,'Karaman',NULL,1,'2022-08-02 18:57:41','2022-08-02 18:57:41'),
	(1252,792,'36',NULL,'Kars',NULL,1,'2022-08-02 18:57:41','2022-08-02 18:57:41'),
	(1253,792,'37',NULL,'Kastamonu',NULL,1,'2022-08-02 18:57:41','2022-08-02 18:57:41'),
	(1254,792,'38',NULL,'Kayseri',NULL,1,'2022-08-02 18:57:41','2022-08-02 18:57:41'),
	(1255,792,'79',NULL,'Kilis',NULL,1,'2022-08-02 18:57:41','2022-08-02 18:57:41'),
	(1256,792,'71',NULL,'Kirkkale',NULL,1,'2022-08-02 18:57:41','2022-08-02 18:57:41'),
	(1257,792,'39',NULL,'Kirklareli',NULL,1,'2022-08-02 18:57:41','2022-08-02 18:57:41'),
	(1258,792,'41',NULL,'Kocaeli',NULL,1,'2022-08-02 18:57:41','2022-08-02 18:57:41'),
	(1259,792,'42',NULL,'Konya',NULL,1,'2022-08-02 18:57:41','2022-08-02 18:57:41'),
	(1260,792,'43',NULL,'Ktahya',NULL,1,'2022-08-02 18:57:41','2022-08-02 18:57:41'),
	(1261,792,'40',NULL,'Krehir',NULL,1,'2022-08-02 18:57:41','2022-08-02 18:57:41'),
	(1262,792,'44',NULL,'Malatya',NULL,1,'2022-08-02 18:57:41','2022-08-02 18:57:41'),
	(1263,792,'45',NULL,'Manisa',NULL,1,'2022-08-02 18:57:41','2022-08-02 18:57:41'),
	(1264,792,'47',NULL,'Mardin',NULL,1,'2022-08-02 18:57:41','2022-08-02 18:57:41'),
	(1265,792,'48',NULL,'Mula',NULL,1,'2022-08-02 18:57:41','2022-08-02 18:57:41'),
	(1266,792,'49',NULL,'Mu',NULL,1,'2022-08-02 18:57:41','2022-08-02 18:57:41'),
	(1267,792,'50',NULL,'Nevehir',NULL,1,'2022-08-02 18:57:41','2022-08-02 18:57:41'),
	(1268,792,'51',NULL,'Nide',NULL,1,'2022-08-02 18:57:41','2022-08-02 18:57:41'),
	(1269,792,'52',NULL,'Ordu',NULL,1,'2022-08-02 18:57:41','2022-08-02 18:57:41'),
	(1270,792,'80',NULL,'Osmaniye',NULL,1,'2022-08-02 18:57:41','2022-08-02 18:57:41'),
	(1271,792,'53',NULL,'Rize',NULL,1,'2022-08-02 18:57:41','2022-08-02 18:57:41'),
	(1272,792,'54',NULL,'Sakarya',NULL,1,'2022-08-02 18:57:41','2022-08-02 18:57:41'),
	(1273,792,'55',NULL,'Samsun',NULL,1,'2022-08-02 18:57:41','2022-08-02 18:57:41'),
	(1274,792,'56',NULL,'Siirt',NULL,1,'2022-08-02 18:57:41','2022-08-02 18:57:41'),
	(1275,792,'57',NULL,'Sinop',NULL,1,'2022-08-02 18:57:41','2022-08-02 18:57:41'),
	(1276,792,'58',NULL,'Sivas',NULL,1,'2022-08-02 18:57:41','2022-08-02 18:57:41'),
	(1277,792,'59',NULL,'Tekirda',NULL,1,'2022-08-02 18:57:41','2022-08-02 18:57:41'),
	(1278,792,'60',NULL,'Tokat',NULL,1,'2022-08-02 18:57:41','2022-08-02 18:57:41'),
	(1279,792,'61',NULL,'Trabzon',NULL,1,'2022-08-02 18:57:41','2022-08-02 18:57:41'),
	(1280,792,'62',NULL,'Tunceli',NULL,1,'2022-08-02 18:57:41','2022-08-02 18:57:41'),
	(1281,792,'64',NULL,'Uak',NULL,1,'2022-08-02 18:57:41','2022-08-02 18:57:41'),
	(1282,792,'65',NULL,'Van',NULL,1,'2022-08-02 18:57:41','2022-08-02 18:57:41'),
	(1283,792,'77',NULL,'Yalova',NULL,1,'2022-08-02 18:57:41','2022-08-02 18:57:41'),
	(1284,792,'66',NULL,'Yozgat',NULL,1,'2022-08-02 18:57:41','2022-08-02 18:57:41'),
	(1285,792,'67',NULL,'Zonguldak',NULL,1,'2022-08-02 18:57:41','2022-08-02 18:57:41'),
	(1286,792,'17',NULL,'anakkale',NULL,1,'2022-08-02 18:57:41','2022-08-02 18:57:41'),
	(1287,792,'18',NULL,'ankr',NULL,1,'2022-08-02 18:57:41','2022-08-02 18:57:41'),
	(1288,792,'19',NULL,'orum',NULL,1,'2022-08-02 18:57:41','2022-08-02 18:57:41'),
	(1289,792,'63',NULL,'anlurfa',NULL,1,'2022-08-02 18:57:41','2022-08-02 18:57:41'),
	(1290,792,'73',NULL,'rnak',NULL,1,'2022-08-02 18:57:41','2022-08-02 18:57:41'),
	(1291,834,'01',NULL,'Arusha',NULL,1,'2022-08-02 18:57:41','2022-08-02 18:57:41'),
	(1292,834,'02',NULL,'Dar es Salaam',NULL,1,'2022-08-02 18:57:41','2022-08-02 18:57:41'),
	(1293,834,'03',NULL,'Dodoma',NULL,1,'2022-08-02 18:57:41','2022-08-02 18:57:41'),
	(1294,834,'27',NULL,'Geita',NULL,1,'2022-08-02 18:57:41','2022-08-02 18:57:41'),
	(1295,834,'04',NULL,'Iringa',NULL,1,'2022-08-02 18:57:41','2022-08-02 18:57:41'),
	(1296,834,'05',NULL,'Kagera',NULL,1,'2022-08-02 18:57:41','2022-08-02 18:57:41'),
	(1297,834,'06',NULL,'Kaskazini Pemba',NULL,1,'2022-08-02 18:57:41','2022-08-02 18:57:41'),
	(1298,834,'07',NULL,'Kaskazini Unguja',NULL,1,'2022-08-02 18:57:41','2022-08-02 18:57:41'),
	(1299,834,'28',NULL,'Katavi',NULL,1,'2022-08-02 18:57:41','2022-08-02 18:57:41'),
	(1300,834,'08',NULL,'Kigoma',NULL,1,'2022-08-02 18:57:41','2022-08-02 18:57:41'),
	(1301,834,'09',NULL,'Kilimanjaro',NULL,1,'2022-08-02 18:57:41','2022-08-02 18:57:41'),
	(1302,834,'10',NULL,'Kusini Pemba',NULL,1,'2022-08-02 18:57:41','2022-08-02 18:57:41'),
	(1303,834,'11',NULL,'Kusini Unguja',NULL,1,'2022-08-02 18:57:41','2022-08-02 18:57:41'),
	(1304,834,'12',NULL,'Lindi',NULL,1,'2022-08-02 18:57:41','2022-08-02 18:57:41'),
	(1305,834,'26',NULL,'Manyara',NULL,1,'2022-08-02 18:57:41','2022-08-02 18:57:41'),
	(1306,834,'13',NULL,'Mara',NULL,1,'2022-08-02 18:57:41','2022-08-02 18:57:41'),
	(1307,834,'14',NULL,'Mbeya',NULL,1,'2022-08-02 18:57:41','2022-08-02 18:57:41'),
	(1308,834,'15',NULL,'Mjini Magharibi',NULL,1,'2022-08-02 18:57:41','2022-08-02 18:57:41'),
	(1309,834,'16',NULL,'Morogoro',NULL,1,'2022-08-02 18:57:41','2022-08-02 18:57:41'),
	(1310,834,'17',NULL,'Mtwara',NULL,1,'2022-08-02 18:57:41','2022-08-02 18:57:41'),
	(1311,834,'18',NULL,'Mwanza',NULL,1,'2022-08-02 18:57:41','2022-08-02 18:57:41'),
	(1312,834,'29',NULL,'Njombe',NULL,1,'2022-08-02 18:57:41','2022-08-02 18:57:41'),
	(1313,834,'19',NULL,'Pwani Coast',NULL,1,'2022-08-02 18:57:41','2022-08-02 18:57:41'),
	(1314,834,'20',NULL,'Rukwa',NULL,1,'2022-08-02 18:57:41','2022-08-02 18:57:41'),
	(1315,834,'21',NULL,'Ruvuma',NULL,1,'2022-08-02 18:57:41','2022-08-02 18:57:41'),
	(1316,834,'22',NULL,'Shinyanga',NULL,1,'2022-08-02 18:57:41','2022-08-02 18:57:41'),
	(1317,834,'30',NULL,'Simiyu',NULL,1,'2022-08-02 18:57:41','2022-08-02 18:57:41'),
	(1318,834,'23',NULL,'Singida',NULL,1,'2022-08-02 18:57:41','2022-08-02 18:57:41'),
	(1319,834,'31',NULL,'Songwe',NULL,1,'2022-08-02 18:57:41','2022-08-02 18:57:41'),
	(1320,834,'24',NULL,'Tabora',NULL,1,'2022-08-02 18:57:41','2022-08-02 18:57:41'),
	(1321,834,'25',NULL,'Tanga',NULL,1,'2022-08-02 18:57:41','2022-08-02 18:57:41'),
	(1322,840,'AL',NULL,'Alabama',NULL,1,'2022-08-02 18:57:41','2022-08-02 18:57:41'),
	(1323,840,'AK',NULL,'Alaska',NULL,1,'2022-08-02 18:57:41','2022-08-02 18:57:41'),
	(1324,840,'AS',NULL,'American Samoa',NULL,1,'2022-08-02 18:57:41','2022-08-02 18:57:41'),
	(1325,840,'AZ',NULL,'Arizona',NULL,1,'2022-08-02 18:57:41','2022-08-02 18:57:41'),
	(1326,840,'AR',NULL,'Arkansas',NULL,1,'2022-08-02 18:57:41','2022-08-02 18:57:41'),
	(1327,840,'CA',NULL,'California',NULL,1,'2022-08-02 18:57:41','2022-08-02 18:57:41'),
	(1328,840,'CO',NULL,'Colorado',NULL,1,'2022-08-02 18:57:41','2022-08-02 18:57:41'),
	(1329,840,'CT',NULL,'Connecticut',NULL,1,'2022-08-02 18:57:41','2022-08-02 18:57:41'),
	(1330,840,'DE',NULL,'Delaware',NULL,1,'2022-08-02 18:57:41','2022-08-02 18:57:41'),
	(1331,840,'DC',NULL,'District Of Columbia',NULL,1,'2022-08-02 18:57:41','2022-08-02 18:57:41'),
	(1332,840,'FM',NULL,'Federated States Of Micronesia',NULL,1,'2022-08-02 18:57:41','2022-08-02 18:57:41'),
	(1333,840,'FL',NULL,'Florida',NULL,1,'2022-08-02 18:57:41','2022-08-02 18:57:41'),
	(1334,840,'GA',NULL,'Georgia',NULL,1,'2022-08-02 18:57:41','2022-08-02 18:57:41'),
	(1335,840,'GU',NULL,'Guam',NULL,1,'2022-08-02 18:57:41','2022-08-02 18:57:41'),
	(1336,840,'HI',NULL,'Hawaii',NULL,1,'2022-08-02 18:57:41','2022-08-02 18:57:41'),
	(1337,840,'ID',NULL,'Idaho',NULL,1,'2022-08-02 18:57:41','2022-08-02 18:57:41'),
	(1338,840,'IL',NULL,'Illinois',NULL,1,'2022-08-02 18:57:41','2022-08-02 18:57:41'),
	(1339,840,'IN',NULL,'Indiana',NULL,1,'2022-08-02 18:57:41','2022-08-02 18:57:41'),
	(1340,840,'IA',NULL,'Iowa',NULL,1,'2022-08-02 18:57:41','2022-08-02 18:57:41'),
	(1341,840,'KS',NULL,'Kansas',NULL,1,'2022-08-02 18:57:41','2022-08-02 18:57:41'),
	(1342,840,'KY',NULL,'Kentucky',NULL,1,'2022-08-02 18:57:41','2022-08-02 18:57:41'),
	(1343,840,'LA',NULL,'Louisiana',NULL,1,'2022-08-02 18:57:41','2022-08-02 18:57:41'),
	(1344,840,'ME',NULL,'Maine',NULL,1,'2022-08-02 18:57:41','2022-08-02 18:57:41'),
	(1345,840,'MH',NULL,'Marshall Islands',NULL,1,'2022-08-02 18:57:41','2022-08-02 18:57:41'),
	(1346,840,'MD',NULL,'Maryland',NULL,1,'2022-08-02 18:57:41','2022-08-02 18:57:41'),
	(1347,840,'MA',NULL,'Massachusetts',NULL,1,'2022-08-02 18:57:41','2022-08-02 18:57:41'),
	(1348,840,'MI',NULL,'Michigan',NULL,1,'2022-08-02 18:57:41','2022-08-02 18:57:41'),
	(1349,840,'MN',NULL,'Minnesota',NULL,1,'2022-08-02 18:57:41','2022-08-02 18:57:41'),
	(1350,840,'MS',NULL,'Mississippi',NULL,1,'2022-08-02 18:57:41','2022-08-02 18:57:41'),
	(1351,840,'MO',NULL,'Missouri',NULL,1,'2022-08-02 18:57:41','2022-08-02 18:57:41'),
	(1352,840,'MT',NULL,'Montana',NULL,1,'2022-08-02 18:57:41','2022-08-02 18:57:41'),
	(1353,840,'NE',NULL,'Nebraska',NULL,1,'2022-08-02 18:57:41','2022-08-02 18:57:41'),
	(1354,840,'NV',NULL,'Nevada',NULL,1,'2022-08-02 18:57:41','2022-08-02 18:57:41'),
	(1355,840,'NH',NULL,'New Hampshire',NULL,1,'2022-08-02 18:57:41','2022-08-02 18:57:41'),
	(1356,840,'NJ',NULL,'New Jersey',NULL,1,'2022-08-02 18:57:41','2022-08-02 18:57:41'),
	(1357,840,'NM',NULL,'New Mexico',NULL,1,'2022-08-02 18:57:41','2022-08-02 18:57:41'),
	(1358,840,'NY',NULL,'New York',NULL,1,'2022-08-02 18:57:41','2022-08-02 18:57:41'),
	(1359,840,'NC',NULL,'North Carolina',NULL,1,'2022-08-02 18:57:41','2022-08-02 18:57:41'),
	(1360,840,'ND',NULL,'North Dakota',NULL,1,'2022-08-02 18:57:41','2022-08-02 18:57:41'),
	(1361,840,'MP',NULL,'Northern Mariana Islands',NULL,1,'2022-08-02 18:57:41','2022-08-02 18:57:41'),
	(1362,840,'OH',NULL,'Ohio',NULL,1,'2022-08-02 18:57:41','2022-08-02 18:57:41'),
	(1363,840,'OK',NULL,'Oklahoma',NULL,1,'2022-08-02 18:57:41','2022-08-02 18:57:41'),
	(1364,840,'OR',NULL,'Oregon',NULL,1,'2022-08-02 18:57:41','2022-08-02 18:57:41'),
	(1365,840,'PW',NULL,'Palau',NULL,1,'2022-08-02 18:57:41','2022-08-02 18:57:41'),
	(1366,840,'PA',NULL,'Pennsylvania',NULL,1,'2022-08-02 18:57:41','2022-08-02 18:57:41'),
	(1367,840,'PR',NULL,'Puerto Rico',NULL,1,'2022-08-02 18:57:41','2022-08-02 18:57:41'),
	(1368,840,'RI',NULL,'Rhode Island',NULL,1,'2022-08-02 18:57:41','2022-08-02 18:57:41'),
	(1369,840,'SC',NULL,'South Carolina',NULL,1,'2022-08-02 18:57:41','2022-08-02 18:57:41'),
	(1370,840,'SD',NULL,'South Dakota',NULL,1,'2022-08-02 18:57:41','2022-08-02 18:57:41'),
	(1371,840,'TN',NULL,'Tennessee',NULL,1,'2022-08-02 18:57:41','2022-08-02 18:57:41'),
	(1372,840,'TX',NULL,'Texas',NULL,1,'2022-08-02 18:57:41','2022-08-02 18:57:41'),
	(1373,840,'UT',NULL,'Utah',NULL,1,'2022-08-02 18:57:41','2022-08-02 18:57:41'),
	(1374,840,'VT',NULL,'Vermont',NULL,1,'2022-08-02 18:57:41','2022-08-02 18:57:41'),
	(1375,840,'VI',NULL,'Virgin Islands',NULL,1,'2022-08-02 18:57:41','2022-08-02 18:57:41'),
	(1376,840,'VA',NULL,'Virginia',NULL,1,'2022-08-02 18:57:41','2022-08-02 18:57:41'),
	(1377,840,'WA',NULL,'Washington',NULL,1,'2022-08-02 18:57:41','2022-08-02 18:57:41'),
	(1378,840,'WV',NULL,'West Virginia',NULL,1,'2022-08-02 18:57:41','2022-08-02 18:57:41'),
	(1379,840,'WI',NULL,'Wisconsin',NULL,1,'2022-08-02 18:57:41','2022-08-02 18:57:41'),
	(1380,840,'WY',NULL,'Wyoming',NULL,1,'2022-08-02 18:57:41','2022-08-02 18:57:41'),
	(1381,704,'44',NULL,'An Giang',NULL,1,'2022-08-02 18:57:41','2022-08-02 18:57:41'),
	(1382,704,'43',NULL,'Ba Ria - Vung Tau',NULL,1,'2022-08-02 18:57:41','2022-08-02 18:57:41'),
	(1383,704,'53',NULL,'Bac Can',NULL,1,'2022-08-02 18:57:41','2022-08-02 18:57:41'),
	(1384,704,'54',NULL,'Bac Giang',NULL,1,'2022-08-02 18:57:41','2022-08-02 18:57:41'),
	(1385,704,'55',NULL,'Bac Lieu',NULL,1,'2022-08-02 18:57:41','2022-08-02 18:57:41'),
	(1386,704,'56',NULL,'Bac Ninh',NULL,1,'2022-08-02 18:57:41','2022-08-02 18:57:41'),
	(1387,704,'50',NULL,'Ben Tre',NULL,1,'2022-08-02 18:57:41','2022-08-02 18:57:41'),
	(1388,704,'31',NULL,'Binh Dinh',NULL,1,'2022-08-02 18:57:41','2022-08-02 18:57:41'),
	(1389,704,'57',NULL,'Binh Duong',NULL,1,'2022-08-02 18:57:41','2022-08-02 18:57:41'),
	(1390,704,'58',NULL,'Binh Phuoc',NULL,1,'2022-08-02 18:57:41','2022-08-02 18:57:41'),
	(1391,704,'40',NULL,'Binh Thuan',NULL,1,'2022-08-02 18:57:41','2022-08-02 18:57:41'),
	(1392,704,'59',NULL,'Ca Mau',NULL,1,'2022-08-02 18:57:41','2022-08-02 18:57:41'),
	(1393,704,'CT',NULL,'Can Tho',NULL,1,'2022-08-02 18:57:41','2022-08-02 18:57:41'),
	(1394,704,'4',NULL,'Cao Bang',NULL,1,'2022-08-02 18:57:41','2022-08-02 18:57:41'),
	(1395,704,'DN',NULL,'Da Nang',NULL,1,'2022-08-02 18:57:41','2022-08-02 18:57:41'),
	(1396,704,'60',NULL,'Da Nang, thanh pho',NULL,1,'2022-08-02 18:57:41','2022-08-02 18:57:41'),
	(1397,704,'33',NULL,'Dac Lac',NULL,1,'2022-08-02 18:57:41','2022-08-02 18:57:41'),
	(1398,704,'72',NULL,'Dak Nong',NULL,1,'2022-08-02 18:57:41','2022-08-02 18:57:41'),
	(1399,704,'71',NULL,'Dien Bien',NULL,1,'2022-08-02 18:57:41','2022-08-02 18:57:41'),
	(1400,704,'39',NULL,'Dong Nai',NULL,1,'2022-08-02 18:57:41','2022-08-02 18:57:41'),
	(1401,704,'45',NULL,'Dong Thap',NULL,1,'2022-08-02 18:57:41','2022-08-02 18:57:41'),
	(1402,704,'30',NULL,'Gia Lai',NULL,1,'2022-08-02 18:57:41','2022-08-02 18:57:41'),
	(1403,704,'3',NULL,'Ha Giang',NULL,1,'2022-08-02 18:57:41','2022-08-02 18:57:41'),
	(1404,704,'63',NULL,'Ha Nam',NULL,1,'2022-08-02 18:57:41','2022-08-02 18:57:41'),
	(1405,704,'HN',NULL,'Ha Noi',NULL,1,'2022-08-02 18:57:41','2022-08-02 18:57:41'),
	(1406,704,'15',NULL,'Ha Tay',NULL,1,'2022-08-02 18:57:41','2022-08-02 18:57:41'),
	(1407,704,'23',NULL,'Ha Tinh',NULL,1,'2022-08-02 18:57:41','2022-08-02 18:57:41'),
	(1408,704,'61',NULL,'Hai Duong',NULL,1,'2022-08-02 18:57:41','2022-08-02 18:57:41'),
	(1409,704,'HP',NULL,'Hai Phong',NULL,1,'2022-08-02 18:57:41','2022-08-02 18:57:41'),
	(1410,704,'62',NULL,'Hai Phong, thanh pho',NULL,1,'2022-08-02 18:57:41','2022-08-02 18:57:41'),
	(1411,704,'73',NULL,'Hau Giang',NULL,1,'2022-08-02 18:57:41','2022-08-02 18:57:41'),
	(1412,704,'SG',NULL,'Ho Chi Minh',NULL,1,'2022-08-02 18:57:41','2022-08-02 18:57:41'),
	(1413,704,'14',NULL,'Hoa Binh',NULL,1,'2022-08-02 18:57:41','2022-08-02 18:57:41'),
	(1414,704,'66',NULL,'Hung Yen',NULL,1,'2022-08-02 18:57:41','2022-08-02 18:57:41'),
	(1415,704,'34',NULL,'Khanh Hoa',NULL,1,'2022-08-02 18:57:41','2022-08-02 18:57:41'),
	(1416,704,'47',NULL,'Kien Giang',NULL,1,'2022-08-02 18:57:41','2022-08-02 18:57:41'),
	(1417,704,'28',NULL,'Kon Tum',NULL,1,'2022-08-02 18:57:41','2022-08-02 18:57:41'),
	(1418,704,'1',NULL,'Lai Chau',NULL,1,'2022-08-02 18:57:41','2022-08-02 18:57:41'),
	(1419,704,'35',NULL,'Lam Dong',NULL,1,'2022-08-02 18:57:41','2022-08-02 18:57:41'),
	(1420,704,'9',NULL,'Lang Son',NULL,1,'2022-08-02 18:57:41','2022-08-02 18:57:41'),
	(1421,704,'2',NULL,'Lao Cai',NULL,1,'2022-08-02 18:57:41','2022-08-02 18:57:41'),
	(1422,704,'41',NULL,'Long An',NULL,1,'2022-08-02 18:57:41','2022-08-02 18:57:41'),
	(1423,704,'67',NULL,'Nam Dinh',NULL,1,'2022-08-02 18:57:41','2022-08-02 18:57:41'),
	(1424,704,'22',NULL,'Nghe An',NULL,1,'2022-08-02 18:57:41','2022-08-02 18:57:41'),
	(1425,704,'18',NULL,'Ninh Binh',NULL,1,'2022-08-02 18:57:41','2022-08-02 18:57:41'),
	(1426,704,'36',NULL,'Ninh Thuan',NULL,1,'2022-08-02 18:57:41','2022-08-02 18:57:41'),
	(1427,704,'68',NULL,'Phu Tho',NULL,1,'2022-08-02 18:57:41','2022-08-02 18:57:41'),
	(1428,704,'32',NULL,'Phu Yen',NULL,1,'2022-08-02 18:57:41','2022-08-02 18:57:41'),
	(1429,704,'24',NULL,'Quang Binh',NULL,1,'2022-08-02 18:57:41','2022-08-02 18:57:41'),
	(1430,704,'27',NULL,'Quang Nam',NULL,1,'2022-08-02 18:57:41','2022-08-02 18:57:41'),
	(1431,704,'29',NULL,'Quang Ngai',NULL,1,'2022-08-02 18:57:41','2022-08-02 18:57:41'),
	(1432,704,'13',NULL,'Quang Ninh',NULL,1,'2022-08-02 18:57:41','2022-08-02 18:57:41'),
	(1433,704,'25',NULL,'Quang Tri',NULL,1,'2022-08-02 18:57:41','2022-08-02 18:57:41'),
	(1434,704,'52',NULL,'Soc Trang',NULL,1,'2022-08-02 18:57:41','2022-08-02 18:57:41'),
	(1435,704,'5',NULL,'Son La',NULL,1,'2022-08-02 18:57:41','2022-08-02 18:57:41'),
	(1436,704,'37',NULL,'Tay Ninh',NULL,1,'2022-08-02 18:57:41','2022-08-02 18:57:41'),
	(1437,704,'20',NULL,'Thai Binh',NULL,1,'2022-08-02 18:57:41','2022-08-02 18:57:41'),
	(1438,704,'69',NULL,'Thai Nguyen',NULL,1,'2022-08-02 18:57:41','2022-08-02 18:57:41'),
	(1439,704,'21',NULL,'Thanh Hoa',NULL,1,'2022-08-02 18:57:41','2022-08-02 18:57:41'),
	(1440,704,'26',NULL,'Thua Thien-Hue',NULL,1,'2022-08-02 18:57:41','2022-08-02 18:57:41'),
	(1441,704,'46',NULL,'Tien Giang',NULL,1,'2022-08-02 18:57:41','2022-08-02 18:57:41'),
	(1442,704,'51',NULL,'Tra Vinh',NULL,1,'2022-08-02 18:57:41','2022-08-02 18:57:41'),
	(1443,704,'7',NULL,'Tuyen Quang',NULL,1,'2022-08-02 18:57:41','2022-08-02 18:57:41'),
	(1444,704,'49',NULL,'Vinh Long',NULL,1,'2022-08-02 18:57:41','2022-08-02 18:57:41'),
	(1445,704,'70',NULL,'Vinh Yen',NULL,1,'2022-08-02 18:57:41','2022-08-02 18:57:41'),
	(1446,704,'6',NULL,'Yen Bai',NULL,1,'2022-08-02 18:57:41','2022-08-02 18:57:41'),
	(1447,887,'AD',NULL,'\'Adan',NULL,1,'2022-08-02 18:57:41','2022-08-02 18:57:41'),
	(1448,887,'AM',NULL,'\'Amrn',NULL,1,'2022-08-02 18:57:41','2022-08-02 18:57:41'),
	(1449,887,'AB',NULL,'Abyan',NULL,1,'2022-08-02 18:57:41','2022-08-02 18:57:41'),
	(1450,887,'BA',NULL,'Al Bay\'',NULL,1,'2022-08-02 18:57:41','2022-08-02 18:57:41'),
	(1451,887,'JA',NULL,'Al Jawf',NULL,1,'2022-08-02 18:57:41','2022-08-02 18:57:41'),
	(1452,887,'MR',NULL,'Al Mahrah',NULL,1,'2022-08-02 18:57:41','2022-08-02 18:57:41'),
	(1453,887,'MW',NULL,'Al Mawt',NULL,1,'2022-08-02 18:57:41','2022-08-02 18:57:41'),
	(1454,887,'HU',NULL,'Al udaydah',NULL,1,'2022-08-02 18:57:41','2022-08-02 18:57:41'),
	(1455,887,'DA',NULL,'A li\'',NULL,1,'2022-08-02 18:57:41','2022-08-02 18:57:41'),
	(1456,887,'DH',NULL,'Dhamr',NULL,1,'2022-08-02 18:57:41','2022-08-02 18:57:41'),
	(1457,887,'IB',NULL,'Ibb',NULL,1,'2022-08-02 18:57:41','2022-08-02 18:57:41'),
	(1458,887,'LA',NULL,'Laij',NULL,1,'2022-08-02 18:57:41','2022-08-02 18:57:41'),
	(1459,887,'MA',NULL,'Ma\'rib',NULL,1,'2022-08-02 18:57:41','2022-08-02 18:57:41'),
	(1460,887,'RA',NULL,'Raymah',NULL,1,'2022-08-02 18:57:41','2022-08-02 18:57:41'),
	(1461,887,'SH',NULL,'Shabwah',NULL,1,'2022-08-02 18:57:41','2022-08-02 18:57:41'),
	(1462,887,'TA',NULL,'Tizz',NULL,1,'2022-08-02 18:57:41','2022-08-02 18:57:41'),
	(1463,887,'SN',NULL,'an\'',NULL,1,'2022-08-02 18:57:41','2022-08-02 18:57:41'),
	(1464,887,'SA',NULL,'an\'',NULL,1,'2022-08-02 18:57:41','2022-08-02 18:57:41'),
	(1465,887,'SD',NULL,'dah',NULL,1,'2022-08-02 18:57:41','2022-08-02 18:57:41'),
	(1466,887,'HJ',NULL,'ajjah',NULL,1,'2022-08-02 18:57:41','2022-08-02 18:57:41'),
	(1467,887,'HD',NULL,'aramawt',NULL,1,'2022-08-02 18:57:41','2022-08-02 18:57:41');

/*!40000 ALTER TABLE `states` ENABLE KEYS */;


# Dump of table subscription_items
# ------------------------------------------------------------

DROP TABLE IF EXISTS `subscription_items`;

CREATE TABLE `subscription_items` (
  `id` bigint(20) unsigned NOT NULL AUTO_INCREMENT,
  `subscription_id` bigint(20) unsigned NOT NULL,
  `stripe_id` varchar(255) COLLATE utf8mb3_unicode_ci NOT NULL,
  `stripe_product` varchar(255) COLLATE utf8mb3_unicode_ci DEFAULT NULL,
  `stripe_price` varchar(255) COLLATE utf8mb3_unicode_ci NOT NULL,
  `quantity` int(11) DEFAULT NULL,
  `created_at` timestamp NULL DEFAULT NULL,
  `updated_at` timestamp NULL DEFAULT NULL,
  PRIMARY KEY (`id`),
  UNIQUE KEY `subscription_items_subscription_id_stripe_price_unique` (`subscription_id`,`stripe_price`),
  KEY `subscription_items_stripe_id_index` (`stripe_id`)
) ENGINE=InnoDB DEFAULT CHARSET=utf8mb3 COLLATE=utf8mb3_unicode_ci;



# Dump of table subscription_plans
# ------------------------------------------------------------

DROP TABLE IF EXISTS `subscription_plans`;

CREATE TABLE `subscription_plans` (
  `name` varchar(255) COLLATE utf8mb3_unicode_ci NOT NULL,
  `plan_id` varchar(255) COLLATE utf8mb3_unicode_ci NOT NULL,
  `best_for` varchar(255) COLLATE utf8mb3_unicode_ci DEFAULT NULL,
  `cost` decimal(8,2) NOT NULL DEFAULT 0.00,
  `transaction_fee` decimal(8,2) NOT NULL DEFAULT 0.00,
  `marketplace_commission` decimal(8,2) NOT NULL DEFAULT 0.00,
  `order_per_month` int(11) DEFAULT NULL,
  `revenue_per_month` int(11) DEFAULT NULL,
  `team_size` int(11) NOT NULL DEFAULT 1,
  `inventory_limit` int(11) NOT NULL DEFAULT 0,
  `featured` tinyint(1) NOT NULL DEFAULT 0,
  `order` int(11) DEFAULT NULL,
  `deleted_at` timestamp NULL DEFAULT NULL,
  `created_at` timestamp NULL DEFAULT NULL,
  `updated_at` timestamp NULL DEFAULT NULL,
  PRIMARY KEY (`plan_id`),
  UNIQUE KEY `subscription_plans_name_unique` (`name`)
) ENGINE=InnoDB DEFAULT CHARSET=utf8mb3 COLLATE=utf8mb3_unicode_ci;

/*!40000 ALTER TABLE `subscription_plans` DISABLE KEYS */;

INSERT INTO `subscription_plans` (`name`, `plan_id`, `best_for`, `cost`, `transaction_fee`, `marketplace_commission`, `order_per_month`, `revenue_per_month`, `team_size`, `inventory_limit`, `featured`, `order`, `deleted_at`, `created_at`, `updated_at`)
VALUES
	('Business','price_1GyyRyJewI4n8wVFSRWlMSHy',NULL,29.00,1.90,2.50,NULL,NULL,5,200,1,2,NULL,'2022-08-02 18:57:43','2022-08-02 18:57:43'),
	('Individual','price_1H1HUQJewI4n8wVFTnjx77Ws',NULL,9.00,2.50,3.00,NULL,NULL,1,20,0,1,NULL,'2022-08-02 18:57:43','2022-08-02 18:57:43'),
	('Professional','price_1H1HW7JewI4n8wVFl8Ukknoz',NULL,49.00,1.00,1.50,NULL,NULL,10,500,0,3,NULL,'2022-08-02 18:57:43','2022-08-02 18:57:43');

/*!40000 ALTER TABLE `subscription_plans` ENABLE KEYS */;


# Dump of table subscriptions
# ------------------------------------------------------------

DROP TABLE IF EXISTS `subscriptions`;

CREATE TABLE `subscriptions` (
  `id` int(10) unsigned NOT NULL AUTO_INCREMENT,
  `shop_id` int(10) unsigned NOT NULL,
  `name` varchar(255) COLLATE utf8mb3_unicode_ci NOT NULL,
  `stripe_id` varchar(255) COLLATE utf8mb3_unicode_ci DEFAULT NULL,
  `stripe_status` varchar(255) COLLATE utf8mb3_unicode_ci DEFAULT NULL,
  `stripe_price` varchar(255) COLLATE utf8mb3_unicode_ci DEFAULT NULL,
  `quantity` int(11) DEFAULT 1,
  `trial_ends_at` timestamp NULL DEFAULT NULL,
  `ends_at` timestamp NULL DEFAULT NULL,
  `notification_sent_at` timestamp NULL DEFAULT NULL,
  `created_at` timestamp NULL DEFAULT NULL,
  `updated_at` timestamp NULL DEFAULT NULL,
  PRIMARY KEY (`id`),
  KEY `subscriptions_shop_id_stripe_status_index` (`shop_id`,`stripe_status`)
) ENGINE=InnoDB DEFAULT CHARSET=utf8mb3 COLLATE=utf8mb3_unicode_ci;

/*!40000 ALTER TABLE `subscriptions` DISABLE KEYS */;

INSERT INTO `subscriptions` (`id`, `shop_id`, `name`, `stripe_id`, `stripe_status`, `stripe_price`, `quantity`, `trial_ends_at`, `ends_at`, `notification_sent_at`, `created_at`, `updated_at`)
VALUES
	(1,1,'Business',NULL,NULL,'price_1GyyRyJewI4n8wVFSRWlMSHy',1,'2022-08-15 18:57:43',NULL,NULL,'2022-08-15 18:57:43','2022-08-15 18:57:43'),
	(2,2,'Business',NULL,NULL,'price_1GyyRyJewI4n8wVFSRWlMSHy',1,'2022-08-15 18:57:43',NULL,NULL,'2022-08-15 18:57:43','2022-08-15 18:57:43'),
	(3,3,'Business',NULL,NULL,'price_1GyyRyJewI4n8wVFSRWlMSHy',1,'2022-08-15 18:57:43',NULL,NULL,'2022-08-15 18:57:43','2022-08-15 18:57:43'),
	(4,4,'Business',NULL,NULL,'price_1GyyRyJewI4n8wVFSRWlMSHy',1,'2022-08-15 18:57:43',NULL,NULL,'2022-08-15 18:57:43','2022-08-15 18:57:43'),
	(5,5,'Business',NULL,NULL,'price_1GyyRyJewI4n8wVFSRWlMSHy',1,'2022-08-15 18:57:43',NULL,NULL,'2022-08-15 18:57:43','2022-08-15 18:57:43');

/*!40000 ALTER TABLE `subscriptions` ENABLE KEYS */;


# Dump of table suppliers
# ------------------------------------------------------------

DROP TABLE IF EXISTS `suppliers`;

CREATE TABLE `suppliers` (
  `id` int(10) unsigned NOT NULL AUTO_INCREMENT,
  `shop_id` int(10) unsigned DEFAULT NULL,
  `name` varchar(255) COLLATE utf8mb3_unicode_ci NOT NULL,
  `email` varchar(255) COLLATE utf8mb3_unicode_ci DEFAULT NULL,
  `contact_person` varchar(255) COLLATE utf8mb3_unicode_ci DEFAULT NULL,
  `url` text COLLATE utf8mb3_unicode_ci DEFAULT NULL,
  `description` longtext COLLATE utf8mb3_unicode_ci DEFAULT NULL,
  `active` tinyint(1) NOT NULL DEFAULT 1,
  `deleted_at` timestamp NULL DEFAULT NULL,
  `created_at` timestamp NULL DEFAULT NULL,
  `updated_at` timestamp NULL DEFAULT NULL,
  PRIMARY KEY (`id`)
) ENGINE=InnoDB DEFAULT CHARSET=utf8mb3 COLLATE=utf8mb3_unicode_ci;

/*!40000 ALTER TABLE `suppliers` DISABLE KEYS */;

INSERT INTO `suppliers` (`id`, `shop_id`, `name`, `email`, `contact_person`, `url`, `description`, `active`, `deleted_at`, `created_at`, `updated_at`)
VALUES
	(1,4,'Leuschke Ltd','beverly09@russel.com','Kay Upton','http://www.mante.com/quo-amet-veniam-autem-voluptas.html','Praesentium placeat saepe fugit sequi. Voluptatibus odio quod est nostrum totam. Quae dolorem neque dolore aut repellat architecto optio. Laudantium omnis praesentium facere similique. Deserunt velit aut id aut. Dolor at culpa quaerat ab voluptatibus. Distinctio distinctio maiores eligendi nulla ipsam et quaerat. Dolorum voluptas labore cumque ea sint quos blanditiis. Dolorem quia itaque consequatur nihil ea.',1,NULL,'2022-08-02 18:57:45','2022-08-02 18:57:45'),
	(2,4,'Towne-Jacobi','savanah24@yahoo.com','Ezra Crist','https://www.gottlieb.biz/neque-quo-praesentium-nesciunt-odit','Quo ea a repellat qui sunt maxime qui. Odio tempora qui aut earum. Tempore eum quam sit totam. Dignissimos qui perspiciatis repellat ab. Doloribus voluptate incidunt sed harum libero. Perferendis et iste laudantium quia libero iure temporibus. Voluptates consequuntur quam odit voluptas ut. Eum atque officiis est dolor exercitationem. Architecto sit quia accusantium ea magni sapiente. Sed debitis incidunt corporis et voluptatem ipsam in. Ipsum magnam vitae quia explicabo molestiae voluptate ut.',1,NULL,'2022-08-02 18:57:45','2022-08-02 18:57:45'),
	(3,2,'Lesch-Schaden','kory05@gmail.com','Mr. Horace Torphy','https://www.rempel.com/non-debitis-sint-ducimus-qui-cum-consequatur-ab','Corporis excepturi ducimus nisi accusamus. Nam nam non placeat molestiae cum ratione. Illo numquam omnis facere consectetur. Magnam natus voluptas quaerat quia quod molestiae. Debitis quia recusandae exercitationem. Quo quia et est esse ullam aperiam earum nobis. Fuga quia ratione molestiae ipsum. Pariatur temporibus veritatis sunt. Ad quasi est velit laudantium. Temporibus id ex sunt laboriosam dolorem vero at.',1,NULL,'2022-08-02 18:57:45','2022-08-02 18:57:45'),
	(4,5,'Goldner Ltd','ulabadie@gmail.com','Margaret Hermann DDS','http://www.larson.com/quas-quidem-deserunt-ipsum-et-sint-est','Sit officia nihil eum quis repellat perferendis velit. Non accusamus culpa perferendis architecto. Dicta quis fuga ut cupiditate nihil in. Vel rerum iste voluptatem et eligendi est magni. Nihil accusantium saepe sint a quia nesciunt vel. Incidunt cupiditate voluptas aut totam odio vel eaque. Est quia voluptas numquam dicta. Perferendis labore ea cumque facere placeat natus et. Voluptas neque quia quam quidem.',1,NULL,'2022-08-02 18:57:45','2022-08-02 18:57:45'),
	(5,3,'Koss-Orn','rhudson@pagac.biz','Sim Cummings','http://quigley.org/sit-tenetur-voluptatibus-error-voluptas','Omnis dignissimos inventore expedita magni blanditiis est. Adipisci officia non ipsum sit ullam. Et veritatis necessitatibus quod voluptas. Et sit tempore cumque suscipit cum et quia. Quidem atque ut suscipit nobis excepturi. Accusamus expedita amet nihil aliquid quis commodi ad. Animi eum ut ad nostrum laboriosam. A recusandae laborum accusantium alias.',1,NULL,'2022-08-02 18:57:45','2022-08-02 18:57:45');

/*!40000 ALTER TABLE `suppliers` ENABLE KEYS */;


# Dump of table systems
# ------------------------------------------------------------

DROP TABLE IF EXISTS `systems`;

CREATE TABLE `systems` (
  `id` int(10) unsigned NOT NULL AUTO_INCREMENT,
  `maintenance_mode` tinyint(1) DEFAULT NULL,
  `install_verion` varchar(255) COLLATE utf8mb3_unicode_ci DEFAULT NULL,
  `name` varchar(255) COLLATE utf8mb3_unicode_ci NOT NULL DEFAULT 'Marketplace',
  `slogan` text COLLATE utf8mb3_unicode_ci DEFAULT NULL,
  `legal_name` text COLLATE utf8mb3_unicode_ci DEFAULT NULL,
  `email` varchar(255) COLLATE utf8mb3_unicode_ci DEFAULT NULL,
  `worldwide_business_area` tinyint(1) DEFAULT 1,
  `timezone_id` int(11) NOT NULL DEFAULT 35,
  `currency_id` int(11) NOT NULL DEFAULT 148,
  `default_language` varchar(3) COLLATE utf8mb3_unicode_ci NOT NULL DEFAULT 'en',
  `vendor_can_view_customer_info` tinyint(1) DEFAULT 0,
  `can_use_own_catalog_only` tinyint(1) DEFAULT 0,
  `google_analytic_report` tinyint(1) DEFAULT 0,
  `required_card_upfront` tinyint(1) DEFAULT 1,
  `vendor_needs_approval` tinyint(1) DEFAULT 1,
  `vendor_order_cancellation_fee` decimal(20,2) DEFAULT 0.00,
  `show_merchant_info_as_vendor` tinyint(1) NOT NULL DEFAULT 0,
  `trial_days` int(11) DEFAULT NULL,
  `ask_customer_for_email_subscription` tinyint(1) DEFAULT 1,
  `can_cancel_order_within` int(11) DEFAULT 0,
  `support_phone` varchar(255) COLLATE utf8mb3_unicode_ci DEFAULT NULL,
  `support_phone_toll_free` varchar(255) COLLATE utf8mb3_unicode_ci DEFAULT NULL,
  `support_email` varchar(255) COLLATE utf8mb3_unicode_ci NOT NULL,
  `default_sender_email_address` varchar(255) COLLATE utf8mb3_unicode_ci DEFAULT NULL,
  `default_email_sender_name` varchar(255) COLLATE utf8mb3_unicode_ci DEFAULT NULL,
  `facebook_link` varchar(255) COLLATE utf8mb3_unicode_ci DEFAULT NULL,
  `google_plus_link` varchar(255) COLLATE utf8mb3_unicode_ci DEFAULT NULL,
  `twitter_link` varchar(255) COLLATE utf8mb3_unicode_ci DEFAULT NULL,
  `pinterest_link` varchar(255) COLLATE utf8mb3_unicode_ci DEFAULT NULL,
  `instagram_link` varchar(255) COLLATE utf8mb3_unicode_ci DEFAULT NULL,
  `youtube_link` varchar(255) COLLATE utf8mb3_unicode_ci DEFAULT NULL,
  `social_auth` tinyint(1) NOT NULL DEFAULT 1,
  `length_unit` varchar(255) COLLATE utf8mb3_unicode_ci NOT NULL DEFAULT 'meter',
  `weight_unit` varchar(255) COLLATE utf8mb3_unicode_ci NOT NULL DEFAULT 'g',
  `valume_unit` varchar(255) COLLATE utf8mb3_unicode_ci NOT NULL DEFAULT 'liter',
  `decimals` enum('0','2','3','4','5','6') COLLATE utf8mb3_unicode_ci NOT NULL DEFAULT '2',
  `show_currency_symbol` tinyint(1) NOT NULL DEFAULT 1,
  `show_space_after_symbol` tinyint(1) NOT NULL DEFAULT 1,
  `coupon_code_size` int(11) NOT NULL DEFAULT 8,
  `gift_card_serial_number_size` int(11) NOT NULL DEFAULT 13,
  `gift_card_pin_size` int(11) NOT NULL DEFAULT 10,
  `active_theme` varchar(255) COLLATE utf8mb3_unicode_ci NOT NULL DEFAULT 'default',
  `selling_theme` varchar(255) COLLATE utf8mb3_unicode_ci NOT NULL DEFAULT 'default',
  `pagination` int(10) unsigned NOT NULL DEFAULT 10,
  `show_seo_info_to_frontend` tinyint(1) DEFAULT 1,
  `max_img_size_limit_kb` int(11) NOT NULL DEFAULT 5000,
  `max_number_of_inventory_imgs` int(10) unsigned NOT NULL DEFAULT 10,
  `show_item_conditions` tinyint(1) DEFAULT 1,
  `address_default_country` int(11) DEFAULT NULL,
  `address_default_state` int(11) DEFAULT NULL,
  `show_address_title` tinyint(1) DEFAULT NULL,
  `address_show_country` tinyint(1) DEFAULT NULL,
  `address_show_map` tinyint(1) DEFAULT NULL,
  `allow_guest_checkout` tinyint(1) DEFAULT 1,
  `auto_approve_order` tinyint(1) DEFAULT 0,
  `notify_when_vendor_registered` tinyint(1) DEFAULT 1,
  `notify_when_dispute_appealed` tinyint(1) DEFAULT 1,
  `notify_new_message` tinyint(1) DEFAULT NULL,
  `notify_new_ticket` tinyint(1) DEFAULT 1,
  `enable_chat` tinyint(1) DEFAULT 1,
  `digital_goods_only` tinyint(1) DEFAULT 0,
  `is_multi_vendor` tinyint(1) DEFAULT 1,
  `max_role_level` int(10) unsigned NOT NULL DEFAULT 99,
  `created_at` timestamp NULL DEFAULT NULL,
  `updated_at` timestamp NULL DEFAULT NULL,
  PRIMARY KEY (`id`)
) ENGINE=InnoDB DEFAULT CHARSET=utf8mb3 COLLATE=utf8mb3_unicode_ci;

/*!40000 ALTER TABLE `systems` DISABLE KEYS */;

INSERT INTO `systems` (`id`, `maintenance_mode`, `install_verion`, `name`, `slogan`, `legal_name`, `email`, `worldwide_business_area`, `timezone_id`, `currency_id`, `default_language`, `vendor_can_view_customer_info`, `can_use_own_catalog_only`, `google_analytic_report`, `required_card_upfront`, `vendor_needs_approval`, `vendor_order_cancellation_fee`, `show_merchant_info_as_vendor`, `trial_days`, `ask_customer_for_email_subscription`, `can_cancel_order_within`, `support_phone`, `support_phone_toll_free`, `support_email`, `default_sender_email_address`, `default_email_sender_name`, `facebook_link`, `google_plus_link`, `twitter_link`, `pinterest_link`, `instagram_link`, `youtube_link`, `social_auth`, `length_unit`, `weight_unit`, `valume_unit`, `decimals`, `show_currency_symbol`, `show_space_after_symbol`, `coupon_code_size`, `gift_card_serial_number_size`, `gift_card_pin_size`, `active_theme`, `selling_theme`, `pagination`, `show_seo_info_to_frontend`, `max_img_size_limit_kb`, `max_number_of_inventory_imgs`, `show_item_conditions`, `address_default_country`, `address_default_state`, `show_address_title`, `address_show_country`, `address_show_map`, `allow_guest_checkout`, `auto_approve_order`, `notify_when_vendor_registered`, `notify_when_dispute_appealed`, `notify_new_message`, `notify_new_ticket`, `enable_chat`, `digital_goods_only`, `is_multi_vendor`, `max_role_level`, `created_at`, `updated_at`)
VALUES
	(1,NULL,'2.6.3','Phza24',NULL,'Phza24 Inc.','notify@demo.com',1,35,148,'en',0,0,0,NULL,1,0.00,0,13,1,0,'(+1) 84382648364',NULL,'help.incevio@gmail.com',NULL,NULL,'https://www.facebook.com/','https://plus.google.com/','https://twitter.com/','https://www.pinterest.com/','https://www.instagram.com/','https://www.youtube.com/',1,'cm','gm','liter','2',1,0,8,13,10,'default','default',10,1,5000,10,1,840,453,NULL,1,1,1,0,1,1,NULL,1,1,0,1,99,'2022-08-02 18:57:42','2022-08-02 18:57:42');

/*!40000 ALTER TABLE `systems` ENABLE KEYS */;


# Dump of table taggables
# ------------------------------------------------------------

DROP TABLE IF EXISTS `taggables`;

CREATE TABLE `taggables` (
  `tag_id` int(10) unsigned NOT NULL,
  `taggable_id` int(10) unsigned NOT NULL,
  `taggable_type` varchar(255) COLLATE utf8mb3_unicode_ci NOT NULL,
  KEY `taggables_tag_id_foreign` (`tag_id`),
  CONSTRAINT `taggables_tag_id_foreign` FOREIGN KEY (`tag_id`) REFERENCES `tags` (`id`) ON DELETE CASCADE
) ENGINE=InnoDB DEFAULT CHARSET=utf8mb3 COLLATE=utf8mb3_unicode_ci;

/*!40000 ALTER TABLE `taggables` DISABLE KEYS */;

INSERT INTO `taggables` (`tag_id`, `taggable_id`, `taggable_type`)
VALUES
	(4,2,'App\\Models\\Blog'),
	(18,6,'App\\Models\\Blog'),
	(16,6,'App\\Models\\Blog'),
	(23,6,'App\\Models\\Blog'),
	(22,6,'App\\Models\\Blog'),
	(20,6,'App\\Models\\Blog'),
	(25,4,'App\\Models\\Blog'),
	(9,4,'App\\Models\\Blog'),
	(2,4,'App\\Models\\Blog'),
	(22,4,'App\\Models\\Blog'),
	(28,4,'App\\Models\\Blog'),
	(30,4,'App\\Models\\Blog'),
	(29,4,'App\\Models\\Blog'),
	(2,5,'App\\Models\\Blog'),
	(23,5,'App\\Models\\Blog'),
	(25,5,'App\\Models\\Blog'),
	(20,5,'App\\Models\\Blog'),
	(27,5,'App\\Models\\Blog'),
	(9,5,'App\\Models\\Blog'),
	(24,5,'App\\Models\\Blog'),
	(16,3,'App\\Models\\Blog'),
	(26,3,'App\\Models\\Blog'),
	(16,3,'App\\Models\\Blog'),
	(23,1,'App\\Models\\Blog'),
	(26,1,'App\\Models\\Blog'),
	(18,1,'App\\Models\\Blog');

/*!40000 ALTER TABLE `taggables` ENABLE KEYS */;


# Dump of table tags
# ------------------------------------------------------------

DROP TABLE IF EXISTS `tags`;

CREATE TABLE `tags` (
  `id` int(10) unsigned NOT NULL AUTO_INCREMENT,
  `name` varchar(255) COLLATE utf8mb3_unicode_ci NOT NULL,
  `created_at` timestamp NULL DEFAULT NULL,
  `updated_at` timestamp NULL DEFAULT NULL,
  PRIMARY KEY (`id`)
) ENGINE=InnoDB DEFAULT CHARSET=utf8mb3 COLLATE=utf8mb3_unicode_ci;

/*!40000 ALTER TABLE `tags` DISABLE KEYS */;

INSERT INTO `tags` (`id`, `name`, `created_at`, `updated_at`)
VALUES
	(1,'rerum','2022-08-02 18:57:50','2022-08-02 18:57:50'),
	(2,'id','2022-08-02 18:57:50','2022-08-02 18:57:50'),
	(3,'dolorum','2022-08-02 18:57:50','2022-08-02 18:57:50'),
	(4,'voluptatum','2022-08-02 18:57:50','2022-08-02 18:57:50'),
	(5,'excepturi','2022-08-02 18:57:50','2022-08-02 18:57:50'),
	(6,'laudantium','2022-08-02 18:57:50','2022-08-02 18:57:50'),
	(7,'non','2022-08-02 18:57:50','2022-08-02 18:57:50'),
	(8,'voluptatem','2022-08-02 18:57:50','2022-08-02 18:57:50'),
	(9,'tenetur','2022-08-02 18:57:50','2022-08-02 18:57:50'),
	(10,'voluptatum','2022-08-02 18:57:50','2022-08-02 18:57:50'),
	(11,'expedita','2022-08-02 18:57:50','2022-08-02 18:57:50'),
	(12,'odio','2022-08-02 18:57:50','2022-08-02 18:57:50'),
	(13,'sapiente','2022-08-02 18:57:50','2022-08-02 18:57:50'),
	(14,'tempore','2022-08-02 18:57:50','2022-08-02 18:57:50'),
	(15,'error','2022-08-02 18:57:50','2022-08-02 18:57:50'),
	(16,'dicta','2022-08-02 18:57:50','2022-08-02 18:57:50'),
	(17,'doloribus','2022-08-02 18:57:50','2022-08-02 18:57:50'),
	(18,'sit','2022-08-02 18:57:50','2022-08-02 18:57:50'),
	(19,'vel','2022-08-02 18:57:50','2022-08-02 18:57:50'),
	(20,'laborum','2022-08-02 18:57:50','2022-08-02 18:57:50'),
	(21,'est','2022-08-02 18:57:50','2022-08-02 18:57:50'),
	(22,'ad','2022-08-02 18:57:50','2022-08-02 18:57:50'),
	(23,'quo','2022-08-02 18:57:50','2022-08-02 18:57:50'),
	(24,'maxime','2022-08-02 18:57:50','2022-08-02 18:57:50'),
	(25,'aperiam','2022-08-02 18:57:50','2022-08-02 18:57:50'),
	(26,'optio','2022-08-02 18:57:50','2022-08-02 18:57:50'),
	(27,'fuga','2022-08-02 18:57:50','2022-08-02 18:57:50'),
	(28,'maxime','2022-08-02 18:57:50','2022-08-02 18:57:50'),
	(29,'consequatur','2022-08-02 18:57:50','2022-08-02 18:57:50'),
	(30,'quis','2022-08-02 18:57:50','2022-08-02 18:57:50');

/*!40000 ALTER TABLE `tags` ENABLE KEYS */;


# Dump of table taxes
# ------------------------------------------------------------

DROP TABLE IF EXISTS `taxes`;

CREATE TABLE `taxes` (
  `id` int(10) unsigned NOT NULL AUTO_INCREMENT,
  `shop_id` int(10) unsigned DEFAULT NULL,
  `name` varchar(255) COLLATE utf8mb3_unicode_ci NOT NULL,
  `taxrate` decimal(20,6) NOT NULL DEFAULT 0.000000,
  `country_id` int(10) unsigned DEFAULT NULL,
  `state_id` int(10) unsigned DEFAULT NULL,
  `public` tinyint(1) DEFAULT NULL,
  `active` tinyint(1) NOT NULL DEFAULT 1,
  `deleted_at` timestamp NULL DEFAULT NULL,
  `created_at` timestamp NULL DEFAULT NULL,
  `updated_at` timestamp NULL DEFAULT NULL,
  PRIMARY KEY (`id`)
) ENGINE=InnoDB DEFAULT CHARSET=utf8mb3 COLLATE=utf8mb3_unicode_ci;

/*!40000 ALTER TABLE `taxes` DISABLE KEYS */;

INSERT INTO `taxes` (`id`, `shop_id`, `name`, `taxrate`, `country_id`, `state_id`, `public`, `active`, `deleted_at`, `created_at`, `updated_at`)
VALUES
	(1,NULL,'- No tax -',0.000000,NULL,NULL,1,1,NULL,'2022-08-02 18:57:43','2022-08-02 18:57:43'),
	(2,3,'minus 3.79%',3.790146,833,NULL,NULL,1,NULL,'2022-08-02 18:57:47','2022-08-02 18:57:47'),
	(3,3,'et 4%',4.000000,124,138,NULL,1,NULL,'2022-08-02 18:57:47','2022-08-02 18:57:47'),
	(4,2,'assumenda 3.17%',3.167859,591,NULL,NULL,1,NULL,'2022-08-02 18:57:47','2022-08-02 18:57:47'),
	(5,3,'qui 3%',3.000000,484,824,NULL,1,NULL,'2022-08-02 18:57:47','2022-08-02 18:57:47'),
	(6,2,'necessitatibus 5.9%',5.902849,578,NULL,NULL,1,NULL,'2022-08-02 18:57:47','2022-08-02 18:57:47');

/*!40000 ALTER TABLE `taxes` ENABLE KEYS */;


# Dump of table ticket_categories
# ------------------------------------------------------------

DROP TABLE IF EXISTS `ticket_categories`;

CREATE TABLE `ticket_categories` (
  `id` int(10) unsigned NOT NULL AUTO_INCREMENT,
  `name` varchar(255) COLLATE utf8mb3_unicode_ci NOT NULL,
  PRIMARY KEY (`id`),
  UNIQUE KEY `ticket_categories_name_unique` (`name`)
) ENGINE=InnoDB DEFAULT CHARSET=utf8mb3 COLLATE=utf8mb3_unicode_ci;

/*!40000 ALTER TABLE `ticket_categories` DISABLE KEYS */;

INSERT INTO `ticket_categories` (`id`, `name`)
VALUES
	(1,'General query'),
	(2,'Merchant support'),
	(3,'Technical support'),
	(4,'Webmaster');

/*!40000 ALTER TABLE `ticket_categories` ENABLE KEYS */;


# Dump of table tickets
# ------------------------------------------------------------

DROP TABLE IF EXISTS `tickets`;

CREATE TABLE `tickets` (
  `id` bigint(20) unsigned NOT NULL AUTO_INCREMENT,
  `shop_id` int(10) unsigned DEFAULT NULL,
  `user_id` bigint(20) unsigned DEFAULT NULL,
  `category_id` int(10) unsigned DEFAULT NULL,
  `subject` varchar(255) COLLATE utf8mb3_unicode_ci DEFAULT NULL,
  `message` longtext COLLATE utf8mb3_unicode_ci DEFAULT NULL,
  `assigned_to` bigint(20) unsigned DEFAULT NULL,
  `status` int(10) unsigned NOT NULL DEFAULT 1,
  `priority` int(10) unsigned NOT NULL DEFAULT 1,
  `deleted_at` timestamp NULL DEFAULT NULL,
  `created_at` timestamp NULL DEFAULT NULL,
  `updated_at` timestamp NULL DEFAULT NULL,
  PRIMARY KEY (`id`),
  KEY `tickets_user_id_foreign` (`user_id`),
  KEY `tickets_category_id_foreign` (`category_id`),
  CONSTRAINT `tickets_category_id_foreign` FOREIGN KEY (`category_id`) REFERENCES `ticket_categories` (`id`) ON DELETE SET NULL,
  CONSTRAINT `tickets_user_id_foreign` FOREIGN KEY (`user_id`) REFERENCES `users` (`id`) ON DELETE SET NULL
) ENGINE=InnoDB DEFAULT CHARSET=utf8mb3 COLLATE=utf8mb3_unicode_ci;

/*!40000 ALTER TABLE `tickets` DISABLE KEYS */;

INSERT INTO `tickets` (`id`, `shop_id`, `user_id`, `category_id`, `subject`, `message`, `assigned_to`, `status`, `priority`, `deleted_at`, `created_at`, `updated_at`)
VALUES
	(1,1,3,1,'Rerum delectus sint dicta labore.','In sunt error commodi vel. Qui velit quo rem qui omnis qui. Vitae non cumque laborum velit voluptas ducimus.',NULL,6,3,NULL,'2022-07-18 18:57:50','2022-08-02 18:57:50'),
	(2,3,3,1,'Autem optio pariatur sapiente vero illum consectetur distinctio.','Ipsum eum est et sint voluptas. Eveniet fugiat et necessitatibus nisi est iusto. Ex dolor temporibus vel itaque est voluptatem. Rem illo quibusdam alias nam aliquam.',NULL,6,1,NULL,'2022-07-26 18:57:50','2022-08-02 18:57:50'),
	(3,5,3,1,'Dolor dolorem nam totam sed dolor cumque.','Qui tempora omnis voluptas veniam totam et cum. Enim velit est cum magni earum.',NULL,6,1,NULL,'2022-07-22 18:57:50','2022-07-21 18:57:50'),
	(4,4,3,3,'Magnam eius sequi soluta sit ducimus.','Velit accusantium cupiditate sed accusantium. Eos rem quod eum et iure sed. Esse aut ut sed dolor.',NULL,4,4,NULL,'2022-07-28 18:57:50','2022-08-02 18:57:50'),
	(5,5,3,3,'Dolorem harum in eum totam soluta nesciunt impedit.','Eos rerum corporis voluptates. Quo ratione totam inventore quia. Dolorum placeat consequatur velit qui doloremque ullam.',NULL,6,1,NULL,'2022-07-29 18:57:50','2022-08-02 18:57:50');

/*!40000 ALTER TABLE `tickets` ENABLE KEYS */;


# Dump of table timezones
# ------------------------------------------------------------

DROP TABLE IF EXISTS `timezones`;

CREATE TABLE `timezones` (
  `id` int(10) unsigned NOT NULL AUTO_INCREMENT,
  `value` varchar(255) COLLATE utf8mb3_unicode_ci DEFAULT NULL,
  `abbr` varchar(255) COLLATE utf8mb3_unicode_ci DEFAULT NULL,
  `offset` int(11) DEFAULT NULL,
  `text` varchar(255) COLLATE utf8mb3_unicode_ci DEFAULT NULL,
  `utc` varchar(255) COLLATE utf8mb3_unicode_ci DEFAULT NULL,
  `dst` tinyint(1) DEFAULT 0,
  `created_at` timestamp NULL DEFAULT NULL,
  `updated_at` timestamp NULL DEFAULT NULL,
  PRIMARY KEY (`id`)
) ENGINE=InnoDB DEFAULT CHARSET=utf8mb3 COLLATE=utf8mb3_unicode_ci;

/*!40000 ALTER TABLE `timezones` DISABLE KEYS */;

INSERT INTO `timezones` (`id`, `value`, `abbr`, `offset`, `text`, `utc`, `dst`, `created_at`, `updated_at`)
VALUES
	(1,'Dateline Standard Time','DST',-12,'(UTC-12:00) International Date Line West','Etc/GMT+12',0,'2022-08-02 18:57:41','2022-08-02 18:57:41'),
	(2,'UTC-11','U',-11,'(UTC-11:00) Coordinated Universal Time-11','Pacific/Midway',0,'2022-08-02 18:57:41','2022-08-02 18:57:41'),
	(3,'Hawaiian Standard Time','HST',-10,'(UTC-10:00) Hawaii','Pacific/Honolulu',0,'2022-08-02 18:57:41','2022-08-02 18:57:41'),
	(4,'Alaskan Standard Time','AKDT',-8,'(UTC-09:00) Alaska','America/Anchorage',1,'2022-08-02 18:57:41','2022-08-02 18:57:41'),
	(5,'Pacific Standard Time (Mexico)','PDT',-7,'(UTC-08:00) Baja California','America/Santa_Isabel',1,'2022-08-02 18:57:41','2022-08-02 18:57:41'),
	(6,'Pacific Standard Time','PDT',-7,'(UTC-08:00) Pacific Time (US & Canada)','America/Los_Angeles',1,'2022-08-02 18:57:41','2022-08-02 18:57:41'),
	(7,'US Mountain Standard Time','UMST',-7,'(UTC-07:00) Arizona','America/Phoenix',0,'2022-08-02 18:57:41','2022-08-02 18:57:41'),
	(8,'Mountain Standard Time (Mexico)','MDT',-6,'(UTC-07:00) Chihuahua, La Paz, Mazatlan','America/Chihuahua',1,'2022-08-02 18:57:41','2022-08-02 18:57:41'),
	(9,'Mountain Standard Time','MDT',-6,'(UTC-07:00) Mountain Time (US & Canada)','America/Denver',1,'2022-08-02 18:57:41','2022-08-02 18:57:41'),
	(10,'Central America Standard Time','CAST',-6,'(UTC-06:00) Central America','America/Guatemala',0,'2022-08-02 18:57:41','2022-08-02 18:57:41'),
	(11,'Central Standard Time','CDT',-5,'(UTC-06:00) Central Time (US & Canada)','America/Chicago',1,'2022-08-02 18:57:41','2022-08-02 18:57:41'),
	(12,'Central Standard Time (Mexico)','CDT',-5,'(UTC-06:00) Guadalajara, Mexico City, Monterrey','America/Mexico_City',1,'2022-08-02 18:57:41','2022-08-02 18:57:41'),
	(13,'Canada Central Standard Time','CCST',-6,'(UTC-06:00) Saskatchewan','America/Regina',0,'2022-08-02 18:57:41','2022-08-02 18:57:41'),
	(14,'SA Pacific Standard Time','SPST',-5,'(UTC-05:00) Bogota, Lima, Quito','America/Lima',0,'2022-08-02 18:57:41','2022-08-02 18:57:41'),
	(15,'Eastern Standard Time','EDT',-4,'(UTC-05:00) Eastern Time (US & Canada)','America/New_York',1,'2022-08-02 18:57:41','2022-08-02 18:57:41'),
	(16,'US Eastern Standard Time','UEDT',-4,'(UTC-05:00) Indiana (East)','America/Indianapolis',1,'2022-08-02 18:57:41','2022-08-02 18:57:41'),
	(17,'Venezuela Standard Time','VST',-5,'(UTC-04:30) Caracas','America/Caracas',0,'2022-08-02 18:57:41','2022-08-02 18:57:41'),
	(18,'Paraguay Standard Time','PST',-4,'(UTC-04:00) Asuncion','America/Asuncion',0,'2022-08-02 18:57:41','2022-08-02 18:57:41'),
	(19,'Atlantic Standard Time','ADT',-3,'(UTC-04:00) Atlantic Time (Canada)','Atlantic/Bermuda',1,'2022-08-02 18:57:41','2022-08-02 18:57:41'),
	(20,'Central Brazilian Standard Time','CBST',-4,'(UTC-04:00) Cuiaba','America/Cuiaba',0,'2022-08-02 18:57:41','2022-08-02 18:57:41'),
	(21,'SA Western Standard Time','SWST',-4,'(UTC-04:00) Georgetown, La Paz, Manaus, San Juan','America/Aruba',0,'2022-08-02 18:57:41','2022-08-02 18:57:41'),
	(22,'Pacific SA Standard Time','PSST',-4,'(UTC-04:00) Santiago','America/Santiago',0,'2022-08-02 18:57:41','2022-08-02 18:57:41'),
	(23,'Newfoundland Standard Time','NDT',-3,'(UTC-03:30) Newfoundland','America/St_Johns',1,'2022-08-02 18:57:41','2022-08-02 18:57:41'),
	(24,'E. South America Standard Time','ESAST',-3,'(UTC-03:00) Brasilia','America/Sao_Paulo',0,'2022-08-02 18:57:41','2022-08-02 18:57:41'),
	(25,'Argentina Standard Time','AST',-3,'(UTC-03:00) Buenos Aires','America/Buenos_Aires',0,'2022-08-02 18:57:41','2022-08-02 18:57:41'),
	(26,'SA Eastern Standard Time','SEST',-3,'(UTC-03:00) Cayenne, Fortaleza','America/Cayenne',0,'2022-08-02 18:57:41','2022-08-02 18:57:41'),
	(27,'Greenland Standard Time','GDT',-2,'(UTC-03:00) Greenland','America/Godthab',1,'2022-08-02 18:57:41','2022-08-02 18:57:41'),
	(28,'Montevideo Standard Time','MST',-3,'(UTC-03:00) Montevideo','America/Montevideo',0,'2022-08-02 18:57:41','2022-08-02 18:57:41'),
	(29,'Bahia Standard Time','BST',-3,'(UTC-03:00) Salvador','America/Bahia',0,'2022-08-02 18:57:41','2022-08-02 18:57:41'),
	(30,'UTC-02','U',-2,'(UTC-02:00) Coordinated Universal Time-02','America/Noronha',0,'2022-08-02 18:57:41','2022-08-02 18:57:41'),
	(31,'Azores Standard Time','ADT',0,'(UTC-01:00) Azores','Atlantic/Azores',1,'2022-08-02 18:57:41','2022-08-02 18:57:41'),
	(32,'Cape Verde Standard Time','CVST',-1,'(UTC-01:00) Cape Verde Is.','Atlantic/Cape_Verde',0,'2022-08-02 18:57:41','2022-08-02 18:57:41'),
	(33,'Morocco Standard Time','MDT',1,'(UTC) Casablanca','Africa/Casablanca',1,'2022-08-02 18:57:41','2022-08-02 18:57:41'),
	(34,'UTC','CUT',0,'(UTC) Coordinated Universal Time','America/Danmarkshavn',0,'2022-08-02 18:57:41','2022-08-02 18:57:41'),
	(35,'GMT Standard Time','GDT',1,'(UTC) Dublin, Edinburgh, Lisbon, London','Europe/London',1,'2022-08-02 18:57:41','2022-08-02 18:57:41'),
	(36,'Greenwich Standard Time','GST',0,'(UTC) Monrovia, Reykjavik','Africa/Monrovia',0,'2022-08-02 18:57:41','2022-08-02 18:57:41'),
	(37,'W. Europe Standard Time','WEDT',2,'(UTC+01:00) Amsterdam, Berlin, Bern, Rome, Stockholm, Vienna','Europe/Amsterdam',1,'2022-08-02 18:57:41','2022-08-02 18:57:41'),
	(38,'Central Europe Standard Time','CEDT',2,'(UTC+01:00) Belgrade, Bratislava, Budapest, Ljubljana, Prague','Europe/Budapest',1,'2022-08-02 18:57:41','2022-08-02 18:57:41'),
	(39,'Romance Standard Time','RDT',2,'(UTC+01:00) Brussels, Copenhagen, Madrid, Paris','Europe/Paris',1,'2022-08-02 18:57:41','2022-08-02 18:57:41'),
	(40,'Central European Standard Time','CEDT',2,'(UTC+01:00) Sarajevo, Skopje, Warsaw, Zagreb','Europe/Warsaw',1,'2022-08-02 18:57:41','2022-08-02 18:57:41'),
	(41,'W. Central Africa Standard Time','WCAST',1,'(UTC+01:00) West Central Africa','Africa/Lagos',0,'2022-08-02 18:57:41','2022-08-02 18:57:41'),
	(42,'Namibia Standard Time','NST',1,'(UTC+01:00) Windhoek','Africa/Windhoek',0,'2022-08-02 18:57:41','2022-08-02 18:57:41'),
	(43,'GTB Standard Time','GDT',3,'(UTC+02:00) Athens, Bucharest, Chisinau, Nicosia','Europe/Athens',1,'2022-08-02 18:57:41','2022-08-02 18:57:41'),
	(44,'Middle East Standard Time','MEDT',3,'(UTC+02:00) Beirut','Asia/Beirut',1,'2022-08-02 18:57:41','2022-08-02 18:57:41'),
	(45,'Egypt Standard Time','EST',2,'(UTC+02:00) Cairo','Africa/Cairo',0,'2022-08-02 18:57:41','2022-08-02 18:57:41'),
	(46,'Syria Standard Time','SDT',3,'(UTC+02:00) Damascus','Asia/Damascus',1,'2022-08-02 18:57:41','2022-08-02 18:57:41'),
	(47,'South Africa Standard Time','SAST',2,'(UTC+02:00) Harare, Pretoria, Johannesburg, Bujumbura','Africa/Harare',0,'2022-08-02 18:57:41','2022-08-02 18:57:41'),
	(48,'FLE Standard Time','FDT',3,'(UTC+02:00) Helsinki, Kyiv, Riga, Sofia, Tallinn, Vilnius','Europe/Helsinki',1,'2022-08-02 18:57:41','2022-08-02 18:57:41'),
	(49,'Turkey Standard Time','TDT',3,'(UTC+02:00) Istanbul','Europe/Istanbul',1,'2022-08-02 18:57:41','2022-08-02 18:57:41'),
	(50,'Israel Standard Time','JDT',3,'(UTC+02:00) Jerusalem','Asia/Jerusalem',1,'2022-08-02 18:57:41','2022-08-02 18:57:41'),
	(51,'Libya Standard Time','LST',2,'(UTC+02:00) Tripoli','Africa/Tripoli',0,'2022-08-02 18:57:41','2022-08-02 18:57:41'),
	(52,'Jordan Standard Time','JST',3,'(UTC+03:00) Amman','Asia/Amman',0,'2022-08-02 18:57:41','2022-08-02 18:57:41'),
	(53,'Arabic Standard Time','AST',3,'(UTC+03:00) Baghdad','Asia/Baghdad',0,'2022-08-02 18:57:41','2022-08-02 18:57:41'),
	(54,'Kaliningrad Standard Time','KST',3,'(UTC+03:00) Kaliningrad, Minsk','Europe/Kaliningrad',0,'2022-08-02 18:57:41','2022-08-02 18:57:41'),
	(55,'Arab Standard Time','AST',3,'(UTC+03:00) Aden, Bahrain, Kuwait, Riyadh, Qatar','Asia/Qatar',0,'2022-08-02 18:57:41','2022-08-02 18:57:41'),
	(56,'E. Africa Standard Time','EAST',3,'(UTC+03:00) Nairobi, Comoro, Juba','Africa/Nairobi',0,'2022-08-02 18:57:41','2022-08-02 18:57:41'),
	(57,'Iran Standard Time','IDT',5,'(UTC+03:30) Tehran','Asia/Tehran',1,'2022-08-02 18:57:41','2022-08-02 18:57:41'),
	(58,'Arabian Standard Time','AST',4,'(UTC+04:00) Abu Dhabi, Muscat','Asia/Dubai',0,'2022-08-02 18:57:41','2022-08-02 18:57:41'),
	(59,'Azerbaijan Standard Time','ADT',5,'(UTC+04:00) Baku','Asia/Baku',1,'2022-08-02 18:57:41','2022-08-02 18:57:41'),
	(60,'Russian Standard Time','RST',4,'(UTC+04:00) Samara, Moscow, St. Petersburg, Simferopol, Volgograd','Europe/Moscow',0,'2022-08-02 18:57:41','2022-08-02 18:57:41'),
	(61,'Mauritius Standard Time','MST',4,'(UTC+04:00) Port Louis, Mauritius, Reunion, Mahe','Indian/Mauritius',0,'2022-08-02 18:57:41','2022-08-02 18:57:41'),
	(62,'Georgian Standard Time','GST',4,'(UTC+04:00) Tbilisi','Asia/Tbilisi',0,'2022-08-02 18:57:41','2022-08-02 18:57:41'),
	(63,'Caucasus Standard Time','CST',4,'(UTC+04:00) Yerevan','Asia/Yerevan',0,'2022-08-02 18:57:41','2022-08-02 18:57:41'),
	(64,'Afghanistan Standard Time','AST',5,'(UTC+04:30) Kabul','Asia/Kabul',0,'2022-08-02 18:57:41','2022-08-02 18:57:41'),
	(65,'West Asia Standard Time','WAST',5,'(UTC+05:00) Ashgabat, Dushanbe, Tashkent, Maldives','Asia/Tashkent',0,'2022-08-02 18:57:41','2022-08-02 18:57:41'),
	(66,'Pakistan Standard Time','PST',5,'(UTC+05:00) Islamabad, Karachi','Asia/Karachi',0,'2022-08-02 18:57:41','2022-08-02 18:57:41'),
	(67,'India Standard Time','IST',6,'(UTC+05:30) Chennai, Kolkata, Mumbai, New Delhi','Asia/Calcutta',0,'2022-08-02 18:57:41','2022-08-02 18:57:41'),
	(68,'Sri Lanka Standard Time','SLST',6,'(UTC+05:30) Sri Jayawardenepura','Asia/Colombo',0,'2022-08-02 18:57:41','2022-08-02 18:57:41'),
	(69,'Nepal Standard Time','NST',6,'(UTC+05:45) Kathmandu','Asia/Katmandu',0,'2022-08-02 18:57:41','2022-08-02 18:57:41'),
	(70,'Central Asia Standard Time','CAST',6,'(UTC+06:00) Astana, Dhaka, Thimphu','Asia/Dhaka',0,'2022-08-02 18:57:41','2022-08-02 18:57:41'),
	(71,'Ekaterinburg Standard Time','EST',6,'(UTC+06:00) Ekaterinburg','Asia/Yekaterinburg',0,'2022-08-02 18:57:41','2022-08-02 18:57:41'),
	(72,'Myanmar Standard Time','MST',7,'(UTC+06:30) Yangon (Rangoon), Cocos','Asia/Rangoon',0,'2022-08-02 18:57:41','2022-08-02 18:57:41'),
	(73,'SE Asia Standard Time','SAST',7,'(UTC+07:00) Bangkok, Hanoi, Jakarta, Saigon','Asia/Bangkok',0,'2022-08-02 18:57:41','2022-08-02 18:57:41'),
	(74,'N. Central Asia Standard Time','NCAST',7,'(UTC+07:00) Novosibirsk','Asia/Novosibirsk',0,'2022-08-02 18:57:41','2022-08-02 18:57:41'),
	(75,'China Standard Time','CST',8,'(UTC+08:00) Beijing, Chongqing, Hong Kong, Macau, Shanghai, Urumqi','Asia/Shanghai',0,'2022-08-02 18:57:41','2022-08-02 18:57:41'),
	(76,'North Asia Standard Time','NAST',8,'(UTC+08:00) Krasnoyarsk','Asia/Krasnoyarsk',0,'2022-08-02 18:57:41','2022-08-02 18:57:41'),
	(77,'Singapore Standard Time','MPST',8,'(UTC+08:00) Kuala Lumpur, Singapore, Brunei, Makassar, Manila','Asia/Singapore',0,'2022-08-02 18:57:41','2022-08-02 18:57:41'),
	(78,'W. Australia Standard Time','WAST',8,'(UTC+08:00) Perth','Australia/Perth',0,'2022-08-02 18:57:41','2022-08-02 18:57:41'),
	(79,'Taipei Standard Time','TST',8,'(UTC+08:00) Taipei','Asia/Taipei',0,'2022-08-02 18:57:41','2022-08-02 18:57:41'),
	(80,'Ulaanbaatar Standard Time','UST',8,'(UTC+08:00) Ulaanbaatar','Asia/Ulaanbaatar',0,'2022-08-02 18:57:41','2022-08-02 18:57:41'),
	(81,'North Asia East Standard Time','NAEST',9,'(UTC+09:00) Irkutsk','Asia/Irkutsk',0,'2022-08-02 18:57:41','2022-08-02 18:57:41'),
	(82,'Tokyo Standard Time','TST',9,'(UTC+09:00) Dili, Osaka, Palau, Sapporo, Tokyo','Asia/Tokyo',0,'2022-08-02 18:57:41','2022-08-02 18:57:41'),
	(83,'Korea Standard Time','KST',9,'(UTC+09:00) Pyongyang, Seoul','Asia/Seoul',0,'2022-08-02 18:57:41','2022-08-02 18:57:41'),
	(84,'Cen. Australia Standard Time','CAST',10,'(UTC+09:30) Adelaide','Australia/Adelaide',0,'2022-08-02 18:57:41','2022-08-02 18:57:41'),
	(85,'AUS Central Standard Time','ACST',10,'(UTC+09:30) Darwin','Australia/Darwin',0,'2022-08-02 18:57:41','2022-08-02 18:57:41'),
	(86,'E. Australia Standard Time','EAST',10,'(UTC+10:00) Brisbane','Australia/Brisbane',0,'2022-08-02 18:57:41','2022-08-02 18:57:41'),
	(87,'AUS Eastern Standard Time','AEST',10,'(UTC+10:00) Canberra, Melbourne, Sydney','Australia/Sydney',0,'2022-08-02 18:57:41','2022-08-02 18:57:41'),
	(88,'West Pacific Standard Time','WPST',10,'(UTC+10:00) Guam, Port Moresby','Pacific/Guam',0,'2022-08-02 18:57:41','2022-08-02 18:57:41'),
	(89,'Tasmania Standard Time','TST',10,'(UTC+10:00) Hobart','Australia/Hobart',0,'2022-08-02 18:57:41','2022-08-02 18:57:41'),
	(90,'Yakutsk Standard Time','YST',10,'(UTC+10:00) Yakutsk','Asia/Yakutsk',0,'2022-08-02 18:57:41','2022-08-02 18:57:41'),
	(91,'Central Pacific Standard Time','CPST',11,'(UTC+11:00) Solomon Is., New Caledonia','Pacific/Guadalcanal',0,'2022-08-02 18:57:41','2022-08-02 18:57:41'),
	(92,'Vladivostok Standard Time','VST',11,'(UTC+11:00) Vladivostok','Asia/Vladivostok',0,'2022-08-02 18:57:41','2022-08-02 18:57:41'),
	(93,'New Zealand Standard Time','NZST',12,'(UTC+12:00) Auckland, Wellington','Antarctica/McMurdo',0,'2022-08-02 18:57:41','2022-08-02 18:57:41'),
	(94,'UTC+12','U',12,'(UTC+12:00) Coordinated Universal Time+12','Pacific/Tarawa',0,'2022-08-02 18:57:41','2022-08-02 18:57:41'),
	(95,'Fiji Standard Time','FST',12,'(UTC+12:00) Fiji','Pacific/Fiji',0,'2022-08-02 18:57:41','2022-08-02 18:57:41'),
	(96,'Magadan Standard Time','MST',12,'(UTC+12:00) Magadan','Asia/Magadan',0,'2022-08-02 18:57:41','2022-08-02 18:57:41'),
	(97,'Samoa/Tonga/Kamchatka Standard Time','SST',13,'(UTC+13:00) Samoa, Tongatapu, Fakaofo, Enderbury','Pacific/Apia',0,'2022-08-02 18:57:41','2022-08-02 18:57:41');

/*!40000 ALTER TABLE `timezones` ENABLE KEYS */;


# Dump of table transactions
# ------------------------------------------------------------

DROP TABLE IF EXISTS `transactions`;

CREATE TABLE `transactions` (
  `id` bigint(20) unsigned NOT NULL AUTO_INCREMENT,
  `payable_type` varchar(255) COLLATE utf8mb3_unicode_ci NOT NULL,
  `payable_id` bigint(20) unsigned NOT NULL,
  `wallet_id` bigint(20) unsigned DEFAULT NULL,
  `type` enum('deposit','withdraw') COLLATE utf8mb3_unicode_ci NOT NULL,
  `amount` decimal(64,6) NOT NULL,
  `balance` decimal(64,6) NOT NULL,
  `confirmed` tinyint(1) NOT NULL,
  `approved` tinyint(1) DEFAULT NULL,
  `meta` longtext CHARACTER SET utf8mb4 COLLATE utf8mb4_bin DEFAULT NULL CHECK (json_valid(`meta`)),
  `uuid` char(36) COLLATE utf8mb3_unicode_ci NOT NULL,
  `created_at` timestamp NULL DEFAULT NULL,
  `updated_at` timestamp NULL DEFAULT NULL,
  PRIMARY KEY (`id`),
  UNIQUE KEY `transactions_uuid_unique` (`uuid`),
  KEY `transactions_payable_type_payable_id_index` (`payable_type`,`payable_id`),
  KEY `transactions_wallet_id_foreign` (`wallet_id`),
  KEY `payable_type_ind` (`payable_type`,`payable_id`,`type`),
  KEY `payable_confirmed_ind` (`payable_type`,`payable_id`,`confirmed`),
  KEY `payable_type_confirmed_ind` (`payable_type`,`payable_id`,`type`,`confirmed`),
  KEY `transactions_type_index` (`type`),
  CONSTRAINT `transactions_wallet_id_foreign` FOREIGN KEY (`wallet_id`) REFERENCES `wallets` (`id`) ON DELETE CASCADE
) ENGINE=InnoDB DEFAULT CHARSET=utf8mb3 COLLATE=utf8mb3_unicode_ci;

/*!40000 ALTER TABLE `transactions` DISABLE KEYS */;

INSERT INTO `transactions` (`id`, `payable_type`, `payable_id`, `wallet_id`, `type`, `amount`, `balance`, `confirmed`, `approved`, `meta`, `uuid`, `created_at`, `updated_at`)
VALUES
	(1,'App\\Models\\Shop',1,2,'deposit',10000.000000,10000.000000,1,1,X'7B2274797065223A226465706F736974222C226465736372697074696F6E223A224465706F73697420696E746F20746865207A43617274206469676974616C2077616C6C6574207573696E6720737472697065227D','62e91b8f-2488-43ea-ada2-f8b5796fd4c1','2022-08-04 15:45:13','2022-08-04 15:45:13'),
	(2,'App\\Models\\Shop',2,3,'deposit',19000.000000,19000.000000,1,1,X'7B2274797065223A226465706F736974222C226465736372697074696F6E223A224465706F73697420696E746F20746865207A43617274206469676974616C2077616C6C6574207573696E6720737472697065227D','f9526232-1df0-4477-938d-38ac3a8526f2','2022-08-04 15:46:13','2022-08-04 15:46:13'),
	(3,'App\\Models\\Shop',3,4,'deposit',59900.000000,59900.000000,1,1,X'7B2274797065223A226465706F736974222C226465736372697074696F6E223A224465706F73697420696E746F20746865207A43617274206469676974616C2077616C6C6574207573696E6720737472697065227D','aa075bd8-f195-4c8e-ab4f-5df2fce766e0','2022-08-04 15:47:00','2022-08-04 15:47:00'),
	(4,'App\\Models\\Shop',4,5,'deposit',30000.000000,30000.000000,1,1,X'7B2274797065223A226465706F736974222C226465736372697074696F6E223A224465706F73697420696E746F20746865207A43617274206469676974616C2077616C6C6574207573696E6720737472697065227D','fe1f8e01-5af4-4fc4-a3af-4f3d073f97e5','2022-08-04 15:47:40','2022-08-04 15:47:40');

/*!40000 ALTER TABLE `transactions` ENABLE KEYS */;


# Dump of table transfers
# ------------------------------------------------------------

DROP TABLE IF EXISTS `transfers`;

CREATE TABLE `transfers` (
  `id` bigint(20) unsigned NOT NULL AUTO_INCREMENT,
  `from_type` varchar(255) COLLATE utf8mb3_unicode_ci NOT NULL,
  `from_id` bigint(20) unsigned NOT NULL,
  `to_type` varchar(255) COLLATE utf8mb3_unicode_ci NOT NULL,
  `to_id` bigint(20) unsigned NOT NULL,
  `status` enum('exchange','transfer','paid','refund','gift') COLLATE utf8mb3_unicode_ci NOT NULL DEFAULT 'transfer',
  `status_last` enum('exchange','transfer','paid','refund','gift') COLLATE utf8mb3_unicode_ci DEFAULT NULL,
  `deposit_id` bigint(20) unsigned NOT NULL,
  `withdraw_id` bigint(20) unsigned NOT NULL,
  `discount` decimal(64,6) NOT NULL DEFAULT 0.000000,
  `fee` decimal(64,6) NOT NULL DEFAULT 0.000000,
  `uuid` char(36) COLLATE utf8mb3_unicode_ci NOT NULL,
  `created_at` timestamp NULL DEFAULT NULL,
  `updated_at` timestamp NULL DEFAULT NULL,
  PRIMARY KEY (`id`),
  UNIQUE KEY `transfers_uuid_unique` (`uuid`),
  KEY `transfers_from_type_from_id_index` (`from_type`,`from_id`),
  KEY `transfers_to_type_to_id_index` (`to_type`,`to_id`),
  KEY `transfers_deposit_id_foreign` (`deposit_id`),
  KEY `transfers_withdraw_id_foreign` (`withdraw_id`),
  CONSTRAINT `transfers_deposit_id_foreign` FOREIGN KEY (`deposit_id`) REFERENCES `transactions` (`id`) ON DELETE CASCADE,
  CONSTRAINT `transfers_withdraw_id_foreign` FOREIGN KEY (`withdraw_id`) REFERENCES `transactions` (`id`) ON DELETE CASCADE
) ENGINE=InnoDB DEFAULT CHARSET=utf8mb3 COLLATE=utf8mb3_unicode_ci;



# Dump of table user_warehouse
# ------------------------------------------------------------

DROP TABLE IF EXISTS `user_warehouse`;

CREATE TABLE `user_warehouse` (
  `user_id` bigint(20) unsigned NOT NULL,
  `warehouse_id` int(10) unsigned NOT NULL,
  `created_at` timestamp NULL DEFAULT NULL,
  `updated_at` timestamp NULL DEFAULT NULL,
  KEY `user_warehouse_user_id_index` (`user_id`),
  KEY `user_warehouse_warehouse_id_index` (`warehouse_id`),
  CONSTRAINT `user_warehouse_user_id_foreign` FOREIGN KEY (`user_id`) REFERENCES `users` (`id`) ON DELETE CASCADE,
  CONSTRAINT `user_warehouse_warehouse_id_foreign` FOREIGN KEY (`warehouse_id`) REFERENCES `warehouses` (`id`) ON DELETE CASCADE
) ENGINE=InnoDB DEFAULT CHARSET=utf8mb3 COLLATE=utf8mb3_unicode_ci;



# Dump of table users
# ------------------------------------------------------------

DROP TABLE IF EXISTS `users`;

CREATE TABLE `users` (
  `id` bigint(20) unsigned NOT NULL AUTO_INCREMENT,
  `shop_id` int(10) unsigned DEFAULT NULL,
  `role_id` int(10) unsigned NOT NULL DEFAULT 3,
  `name` varchar(255) COLLATE utf8mb3_unicode_ci DEFAULT NULL,
  `nice_name` varchar(255) COLLATE utf8mb3_unicode_ci DEFAULT NULL,
  `email` varchar(255) COLLATE utf8mb3_unicode_ci NOT NULL,
  `password` varchar(60) COLLATE utf8mb3_unicode_ci NOT NULL,
  `dob` date DEFAULT NULL,
  `sex` varchar(255) COLLATE utf8mb3_unicode_ci DEFAULT NULL,
  `description` longtext COLLATE utf8mb3_unicode_ci DEFAULT NULL,
  `last_visited_at` timestamp NULL DEFAULT NULL,
  `last_visited_from` varchar(45) COLLATE utf8mb3_unicode_ci DEFAULT NULL,
  `active` tinyint(1) NOT NULL DEFAULT 1,
  `read_announcements_at` timestamp NULL DEFAULT NULL,
  `verification_token` varchar(100) COLLATE utf8mb3_unicode_ci DEFAULT NULL,
  `email_verified_at` timestamp NULL DEFAULT NULL,
  `remember_token` varchar(100) COLLATE utf8mb3_unicode_ci DEFAULT NULL,
  `deleted_at` timestamp NULL DEFAULT NULL,
  `created_at` timestamp NULL DEFAULT NULL,
  `updated_at` timestamp NULL DEFAULT NULL,
  PRIMARY KEY (`id`),
  UNIQUE KEY `users_email_unique` (`email`)
) ENGINE=InnoDB DEFAULT CHARSET=utf8mb3 COLLATE=utf8mb3_unicode_ci;

/*!40000 ALTER TABLE `users` DISABLE KEYS */;

INSERT INTO `users` (`id`, `shop_id`, `role_id`, `name`, `nice_name`, `email`, `password`, `dob`, `sex`, `description`, `last_visited_at`, `last_visited_from`, `active`, `read_announcements_at`, `verification_token`, `email_verified_at`, `remember_token`, `deleted_at`, `created_at`, `updated_at`)
VALUES
	(1,NULL,1,'Super Admin','SuperAdmin','superadmin@demo.com','$2y$10$.79VDOZ5iCkxPWgIHeQzEegsmsQsGUVQMEt2RE1iDACKTa.KLP/AG',NULL,NULL,NULL,NULL,NULL,1,NULL,NULL,NULL,NULL,NULL,'2022-08-02 18:57:42','2022-08-02 18:57:42'),
	(2,NULL,2,'Admin User','Admin','admin@demo.com','$2y$10$DdjzgzT96xfD7Rw2ZULuPO0Eymeh53cBLjmGKLOaXoIM1p7NTdk7i','1977-07-12','app.male','Et praesentium quis molestiae molestiae vero. Nisi excepturi officia dolore quos autem id. Autem mollitia in et libero rerum eum. Eveniet voluptatem neque quaerat doloremque magnam. Commodi est quis odio non pariatur. Atque consequatur velit ut eos rerum. Reiciendis hic dolorem id delectus dignissimos nihil tempora. Inventore quia ab veniam commodi illo. Minus molestiae itaque qui accusamus corporis fuga.',NULL,NULL,1,NULL,NULL,NULL,'mUX2wqISdy',NULL,'2022-08-01 18:57:43','2022-07-26 18:57:43'),
	(3,1,3,'Tate Kertzmann','Hartmann','merchant@demo.com','$2y$10$.SwDslaX80VDU8Y4USitcuSTEQQ7aiz15wQe7RMuiv4idX4TTyJLS','2010-09-07','app.male','A ipsum voluptatem enim voluptatibus alias. Inventore occaecati voluptas facere quas. Impedit eligendi accusantium eum enim velit. Ad cum officiis vero consequuntur quasi temporibus magni. Adipisci earum sint non aut. Velit enim quisquam eum tenetur. In hic quisquam neque. Nam eos quia amet quisquam aut qui. Molestiae omnis placeat doloribus blanditiis recusandae earum. Maiores aliquid ipsum adipisci labore. Placeat porro vel nesciunt praesentium.',NULL,NULL,1,NULL,NULL,NULL,NULL,NULL,'2022-07-22 18:57:43','2022-07-22 18:57:43'),
	(4,2,3,'Darrel Berge I','Koepp','merchant1@demo.com','$2y$10$cXUpj4efbkdySB/mIxVbR.ESM7YoJnXEEZTeyRHmn0wn0NGt.Vy4.','2000-12-08','app.male','Occaecati consequatur voluptatibus necessitatibus dolorem. Asperiores sapiente quia et dolore. Suscipit qui consequuntur est quis enim quia assumenda. Quam adipisci quia molestiae est. Dolores quia fugiat eos ipsum velit quasi accusamus. Unde quasi qui a ut. Voluptatem nostrum molestiae quod qui expedita esse. Sit labore molestiae ut eos. Modi ea qui vero voluptatem vel ea ea. Qui illo neque et sapiente doloremque. Dolor ad voluptas aut at officiis placeat aliquid ipsam.',NULL,NULL,1,NULL,NULL,NULL,NULL,NULL,'2022-08-02 18:57:43','2022-08-02 18:57:43'),
	(5,3,3,'Prof. Abbigail Nader MD','Rowe','merchant2@demo.com','$2y$10$NymMjn0qURLkDbm0I7l24eV2cUhP3KFw4NRL4wTNTDc/mwn91HQ7q','1988-11-23','app.male','Maxime sapiente quaerat ex et quod. Quaerat mollitia neque rerum illum et. Adipisci ea aut quibusdam dolores. Dignissimos officia magnam unde autem. Tempora sit quos vero nam ratione rem neque. Ex consequatur explicabo voluptas consequatur fuga consequuntur. Expedita dolorem deserunt qui voluptatibus incidunt labore eos. Alias autem unde voluptatem a aut.',NULL,NULL,1,NULL,NULL,NULL,NULL,NULL,'2022-07-31 18:57:43','2022-07-31 18:57:43'),
	(6,4,3,'Ladarius Wunsch','Christiansen','merchant3@demo.com','$2y$10$jSrZYyusVAbxfu.vRu772.Bdhm3A8kMZSQrFUvwn2VBBfi5yTafKm','1972-09-18','app.female','Saepe iure temporibus nihil occaecati ipsa numquam sint. Quis delectus distinctio similique hic nobis voluptatibus cum. Recusandae eos totam officia vel voluptatibus doloremque. Ad sint sit omnis nesciunt nihil sunt minima. Voluptas est quam ut beatae. Unde fuga est enim quia excepturi enim quos. Molestiae hic aut nostrum blanditiis sed non dolorem voluptatum. Eius sit fugiat rerum earum.',NULL,NULL,1,NULL,NULL,NULL,NULL,NULL,'2022-07-20 18:57:43','2022-07-20 18:57:43'),
	(7,5,3,'Dr. Sid Tillman','Ward','merchant4@demo.com','$2y$10$Cm.II4.ga1Aqk07JXnaeQOR7ggiQ33aKc0EEnrKwWe2hL3iieZBuW','1997-12-20','app.male','Maiores et beatae quae eos. Ut optio quia nam eveniet eos. Ipsum commodi quis facere ex. Possimus aspernatur eveniet quo hic maiores omnis ullam architecto. Explicabo et illo omnis vel aut nesciunt. Accusamus rem architecto cum eum. Iure inventore velit ut culpa id.',NULL,NULL,1,NULL,NULL,NULL,NULL,NULL,'2022-07-18 18:57:43','2022-07-18 18:57:43');

/*!40000 ALTER TABLE `users` ENABLE KEYS */;


# Dump of table visitors
# ------------------------------------------------------------

DROP TABLE IF EXISTS `visitors`;

CREATE TABLE `visitors` (
  `ip` varchar(45) COLLATE utf8mb3_unicode_ci NOT NULL,
  `mac` varchar(17) COLLATE utf8mb3_unicode_ci DEFAULT NULL,
  `device` varchar(255) COLLATE utf8mb3_unicode_ci DEFAULT NULL,
  `hits` mediumint(9) NOT NULL DEFAULT 0,
  `page_views` bigint(20) DEFAULT NULL,
  `country_code` varchar(2) COLLATE utf8mb3_unicode_ci DEFAULT NULL,
  `info` text COLLATE utf8mb3_unicode_ci DEFAULT NULL,
  `deleted_at` timestamp NULL DEFAULT NULL,
  `created_at` timestamp NULL DEFAULT NULL,
  `updated_at` timestamp NULL DEFAULT NULL,
  PRIMARY KEY (`ip`)
) ENGINE=InnoDB DEFAULT CHARSET=utf8mb3 COLLATE=utf8mb3_unicode_ci;

/*!40000 ALTER TABLE `visitors` DISABLE KEYS */;

INSERT INTO `visitors` (`ip`, `mac`, `device`, `hits`, `page_views`, `country_code`, `info`, `deleted_at`, `created_at`, `updated_at`)
VALUES
	('101.114.19.19','F3:10:E5:47:BE:1A',NULL,14,564,'ET',NULL,NULL,'2022-03-02 18:57:52','2022-03-02 18:57:52'),
	('106.230.212.235','7F:87:86:AB:06:AF',NULL,477,617,'IS',NULL,NULL,'2022-08-02 18:57:52','2022-08-02 18:57:52'),
	('114.205.29.101','17:C8:48:09:96:F2',NULL,902,1060,'PA',NULL,NULL,'2022-06-02 18:57:52','2022-06-02 18:57:52'),
	('127.0.0.1',NULL,NULL,2,45,NULL,NULL,NULL,'2022-08-03 19:00:56','2022-08-04 15:42:32'),
	('132.26.151.133','E3:A9:91:8C:B4:46',NULL,761,1214,'DZ',NULL,NULL,'2022-02-02 18:57:52','2022-02-02 18:57:52'),
	('149.54.84.250','7B:37:2B:2A:1B:BD',NULL,372,1045,'FI',NULL,NULL,'2022-08-02 18:57:52','2022-08-02 18:57:52'),
	('153.154.182.164','D5:28:73:D4:AC:C2',NULL,18,727,'MY',NULL,NULL,'2022-03-02 18:57:52','2022-03-02 18:57:52'),
	('155.207.130.94','A5:DC:61:B9:24:75',NULL,403,1111,'SH',NULL,NULL,'2022-07-02 18:57:52','2022-07-02 18:57:52'),
	('168.185.194.226','0C:FF:C7:C3:97:50',NULL,822,1080,'BY',NULL,NULL,'2022-08-02 18:57:52','2022-08-02 18:57:52'),
	('185.87.193.134','9E:32:C8:35:08:59',NULL,214,309,'FJ',NULL,NULL,'2022-02-02 18:57:52','2022-02-02 18:57:52'),
	('187.197.198.213','5E:B6:81:CE:2A:97',NULL,20,965,'US',NULL,NULL,'2022-04-02 18:57:52','2022-04-02 18:57:52'),
	('20.15.180.127','D2:6D:7A:6A:D6:2C',NULL,302,1185,'MQ',NULL,NULL,'2022-08-02 18:57:52','2022-08-02 18:57:52'),
	('202.77.127.173','92:65:14:1E:15:2E',NULL,337,1255,'MD',NULL,NULL,'2022-08-02 18:57:52','2022-08-02 18:57:52'),
	('221.231.131.146','55:37:21:40:A0:46',NULL,854,1538,'EG',NULL,NULL,'2022-04-02 18:57:52','2022-04-02 18:57:52'),
	('223.217.84.30','F8:D9:01:8D:47:E6',NULL,5,951,'FK',NULL,NULL,'2022-02-02 18:57:52','2022-02-02 18:57:52'),
	('230.0.184.135','29:53:4F:F2:CB:88',NULL,496,1225,'ST',NULL,NULL,'2022-04-02 18:57:52','2022-04-02 18:57:52'),
	('243.87.220.112','9B:68:50:14:86:AD',NULL,528,803,'SJ',NULL,NULL,'2022-02-02 18:57:52','2022-02-02 18:57:52'),
	('244.142.189.221','BC:CF:4D:1D:76:25',NULL,772,1481,'DM',NULL,NULL,'2022-03-02 18:57:52','2022-03-02 18:57:52'),
	('246.136.92.163','78:D4:B9:33:DD:C2',NULL,760,1429,'LY',NULL,NULL,'2022-08-02 18:57:52','2022-08-02 18:57:52'),
	('253.36.3.90','CB:76:2D:C7:EA:FE',NULL,694,1496,'MU',NULL,NULL,'2022-05-02 18:57:52','2022-05-02 18:57:52'),
	('255.59.80.119','8D:1A:4F:18:39:D2',NULL,576,1278,'GN',NULL,NULL,'2022-04-02 18:57:52','2022-04-02 18:57:52'),
	('29.99.86.3','18:18:62:23:42:AD',NULL,864,897,'GT',NULL,NULL,'2022-07-02 18:57:52','2022-07-02 18:57:52'),
	('40.234.159.199','ED:45:93:3B:CC:8E',NULL,750,1458,'KY',NULL,NULL,'2022-06-02 18:57:52','2022-06-02 18:57:52'),
	('46.53.52.103','BA:E0:D6:99:5B:A0',NULL,896,1079,'ZA',NULL,NULL,'2022-05-02 18:57:52','2022-05-02 18:57:52'),
	('50.115.194.172','09:AE:0E:B1:A3:8F',NULL,366,1025,'PY',NULL,NULL,'2022-06-02 18:57:52','2022-06-02 18:57:52'),
	('57.80.73.192','A4:72:48:07:FD:61',NULL,330,351,'AG',NULL,NULL,'2022-05-02 18:57:52','2022-05-02 18:57:52'),
	('63.181.231.76','B6:D8:00:8F:72:2C',NULL,133,1093,'SS',NULL,NULL,'2022-05-02 18:57:52','2022-05-02 18:57:52'),
	('69.61.40.99','2A:DD:DC:6C:F9:F7',NULL,804,1590,'RE',NULL,NULL,'2022-04-02 18:57:52','2022-04-02 18:57:52'),
	('72.98.138.34','51:32:B6:5A:59:5F',NULL,578,1321,'SY',NULL,NULL,'2022-07-02 18:57:52','2022-07-02 18:57:52'),
	('79.3.122.228','03:52:2E:9E:32:DD',NULL,982,1055,'NF',NULL,NULL,'2022-08-02 18:57:52','2022-08-02 18:57:52'),
	('89.156.200.156','9B:8B:7B:B3:01:C4',NULL,101,674,'PG',NULL,NULL,'2022-03-02 18:57:52','2022-03-02 18:57:52');

/*!40000 ALTER TABLE `visitors` ENABLE KEYS */;


# Dump of table wallets
# ------------------------------------------------------------

DROP TABLE IF EXISTS `wallets`;

CREATE TABLE `wallets` (
  `id` bigint(20) unsigned NOT NULL AUTO_INCREMENT,
  `holder_type` varchar(255) COLLATE utf8mb3_unicode_ci NOT NULL,
  `holder_id` bigint(20) unsigned NOT NULL,
  `name` varchar(255) COLLATE utf8mb3_unicode_ci NOT NULL,
  `slug` varchar(255) COLLATE utf8mb3_unicode_ci NOT NULL,
  `description` varchar(255) COLLATE utf8mb3_unicode_ci DEFAULT NULL,
  `meta` longtext CHARACTER SET utf8mb4 COLLATE utf8mb4_bin DEFAULT NULL CHECK (json_valid(`meta`)),
  `balance` decimal(64,6) NOT NULL DEFAULT 0.000000,
  `blocked` tinyint(1) DEFAULT NULL,
  `created_at` timestamp NULL DEFAULT NULL,
  `updated_at` timestamp NULL DEFAULT NULL,
  PRIMARY KEY (`id`),
  UNIQUE KEY `wallets_holder_type_holder_id_slug_unique` (`holder_type`,`holder_id`,`slug`),
  KEY `wallets_holder_type_holder_id_index` (`holder_type`,`holder_id`),
  KEY `wallets_slug_index` (`slug`)
) ENGINE=InnoDB DEFAULT CHARSET=utf8mb3 COLLATE=utf8mb3_unicode_ci;

/*!40000 ALTER TABLE `wallets` DISABLE KEYS */;

INSERT INTO `wallets` (`id`, `holder_type`, `holder_id`, `name`, `slug`, `description`, `meta`, `balance`, `blocked`, `created_at`, `updated_at`)
VALUES
	(1,'App\\Models\\Customer',1,'Default Wallet','default',NULL,NULL,0.000000,NULL,'2022-08-03 19:10:03','2022-08-03 19:10:03'),
	(2,'App\\Models\\Shop',1,'Default Wallet','default',NULL,NULL,10000.000000,NULL,'2022-08-04 15:44:19','2022-08-04 15:45:13'),
	(3,'App\\Models\\Shop',2,'Default Wallet','default',NULL,NULL,19000.000000,NULL,'2022-08-04 15:45:45','2022-08-04 15:46:13'),
	(4,'App\\Models\\Shop',3,'Default Wallet','default',NULL,NULL,59900.000000,NULL,'2022-08-04 15:46:37','2022-08-04 15:47:00'),
	(5,'App\\Models\\Shop',4,'Default Wallet','default',NULL,NULL,30000.000000,NULL,'2022-08-04 15:47:12','2022-08-04 15:47:40');

/*!40000 ALTER TABLE `wallets` ENABLE KEYS */;


# Dump of table warehouses
# ------------------------------------------------------------

DROP TABLE IF EXISTS `warehouses`;

CREATE TABLE `warehouses` (
  `id` int(10) unsigned NOT NULL AUTO_INCREMENT,
  `shop_id` int(10) unsigned DEFAULT NULL,
  `name` varchar(255) COLLATE utf8mb3_unicode_ci NOT NULL,
  `email` varchar(255) COLLATE utf8mb3_unicode_ci DEFAULT NULL,
  `incharge` bigint(20) unsigned DEFAULT NULL,
  `description` longtext COLLATE utf8mb3_unicode_ci DEFAULT NULL,
  `opening_time` varchar(20) COLLATE utf8mb3_unicode_ci NOT NULL DEFAULT '0',
  `close_time` varchar(20) COLLATE utf8mb3_unicode_ci NOT NULL DEFAULT '0',
  `business_days` varchar(200) COLLATE utf8mb3_unicode_ci DEFAULT NULL,
  `active` tinyint(1) NOT NULL DEFAULT 1,
  `deleted_at` timestamp NULL DEFAULT NULL,
  `created_at` timestamp NULL DEFAULT NULL,
  `updated_at` timestamp NULL DEFAULT NULL,
  PRIMARY KEY (`id`),
  KEY `warehouses_shop_id_foreign` (`shop_id`),
  CONSTRAINT `warehouses_shop_id_foreign` FOREIGN KEY (`shop_id`) REFERENCES `shops` (`id`) ON DELETE CASCADE
) ENGINE=InnoDB DEFAULT CHARSET=utf8mb3 COLLATE=utf8mb3_unicode_ci;

/*!40000 ALTER TABLE `warehouses` DISABLE KEYS */;

INSERT INTO `warehouses` (`id`, `shop_id`, `name`, `email`, `incharge`, `description`, `opening_time`, `close_time`, `business_days`, `active`, `deleted_at`, `created_at`, `updated_at`)
VALUES
	(1,2,'Labadie, Wilkinson and Robel','alfreda14@hahn.com',4,'Aliquid dignissimos perspiciatis deserunt rem explicabo sint. Velit suscipit et non ex maiores iure. Ex et eligendi aliquam quae odit numquam. Eveniet qui repellendus voluptas. Culpa quas quos ab tenetur qui. Ea et quidem fugiat numquam. Molestiae delectus accusantium voluptate dolorem nihil. Impedit eius consequuntur aut. Porro dolores ipsum quos eveniet. Delectus maxime amet amet assumenda ut inventore porro est. Ipsam mollitia mollitia recusandae rerum qui dolorem.','0','0',NULL,1,NULL,'2022-08-02 18:57:47','2022-08-02 18:57:47');

/*!40000 ALTER TABLE `warehouses` ENABLE KEYS */;


# Dump of table wishlists
# ------------------------------------------------------------

DROP TABLE IF EXISTS `wishlists`;

CREATE TABLE `wishlists` (
  `id` bigint(20) unsigned NOT NULL AUTO_INCREMENT,
  `inventory_id` bigint(20) unsigned DEFAULT NULL,
  `product_id` bigint(20) unsigned DEFAULT NULL,
  `customer_id` bigint(20) unsigned NOT NULL,
  `created_at` timestamp NULL DEFAULT NULL,
  `updated_at` timestamp NULL DEFAULT NULL,
  PRIMARY KEY (`id`),
  KEY `wishlists_product_id_foreign` (`product_id`),
  KEY `wishlists_inventory_id_foreign` (`inventory_id`),
  CONSTRAINT `wishlists_inventory_id_foreign` FOREIGN KEY (`inventory_id`) REFERENCES `inventories` (`id`) ON DELETE SET NULL,
  CONSTRAINT `wishlists_product_id_foreign` FOREIGN KEY (`product_id`) REFERENCES `products` (`id`) ON DELETE CASCADE
) ENGINE=InnoDB DEFAULT CHARSET=utf8mb3 COLLATE=utf8mb3_unicode_ci;




/*!40111 SET SQL_NOTES=@OLD_SQL_NOTES */;
/*!40101 SET SQL_MODE=@OLD_SQL_MODE */;
/*!40014 SET FOREIGN_KEY_CHECKS=@OLD_FOREIGN_KEY_CHECKS */;
/*!40101 SET CHARACTER_SET_CLIENT=@OLD_CHARACTER_SET_CLIENT */;
/*!40101 SET CHARACTER_SET_RESULTS=@OLD_CHARACTER_SET_RESULTS */;
/*!40101 SET COLLATION_CONNECTION=@OLD_COLLATION_CONNECTION */;